ch06,ch07,pp3e_tot_clean,estado,ch03,ch09,ch10,ch04_2,nivel_ed_2,nivel_ed_3,nivel_ed_4,nivel_ed_5,nivel_ed_6,nivel_ed_7,intercepto
51.0,5.0,60.0,1.0,1,1.0,2.0,True,False,True,False,False,False,False,0
28.0,1.0,40.0,1.0,3,1.0,2.0,False,False,True,False,False,False,False,0
24.0,5.0,54.0,1.0,3,1.0,1.0,False,False,False,False,True,False,False,0
19.0,5.0,36.0,3.0,3,1.0,1.0,False,False,False,False,True,False,False,0
28.0,1.0,25.0,1.0,1,1.0,2.0,False,True,False,False,False,False,False,0
28.0,1.0,36.0,3.0,2,1.0,2.0,True,False,False,True,False,False,False,0
10.0,5.0,36.0,3.0,3,1.0,1.0,False,False,False,False,False,False,False,0
5.0,5.0,36.0,4.0,3,1.0,1.0,True,False,False,False,False,False,True,0
29.0,5.0,36.0,3.0,5,1.0,1.0,False,False,False,False,True,False,False,0
26.0,5.0,56.0,1.0,5,1.0,2.0,True,False,False,False,False,True,False,0
49.0,2.0,40.0,1.0,1,1.0,2.0,True,False,False,True,False,False,False,0
58.0,2.0,72.0,1.0,2,1.0,2.0,False,False,False,False,True,False,False,0
23.0,5.0,40.0,1.0,3,1.0,2.0,False,False,False,True,False,False,False,0
22.0,5.0,30.0,1.0,3,1.0,2.0,True,False,False,True,False,False,False,0
38.0,1.0,63.0,1.0,1,1.0,2.0,True,False,False,True,False,False,False,0
10.0,5.0,36.0,3.0,3,1.0,1.0,False,False,False,False,False,False,False,0
13.0,5.0,36.0,3.0,3,1.0,1.0,True,False,True,False,False,False,False,0
78.0,4.0,48.0,1.0,1,1.0,2.0,True,False,False,False,False,False,False,0
61.0,3.0,49.0,1.0,1,1.0,2.0,False,False,False,True,False,False,False,0
41.0,2.0,48.0,1.0,1,1.0,2.0,False,False,True,False,False,False,False,0
47.0,2.0,36.0,3.0,2,1.0,2.0,True,False,True,False,False,False,False,0
14.0,5.0,36.0,3.0,3,1.0,1.0,True,False,True,False,False,False,False,0
12.0,5.0,36.0,3.0,3,1.0,1.0,True,False,True,False,False,False,False,0
8.0,5.0,36.0,4.0,3,1.0,1.0,True,False,False,False,False,False,False,0
23.0,3.0,36.0,2.0,1,1.0,2.0,True,False,False,True,False,False,False,0
6.0,5.0,36.0,4.0,3,1.0,1.0,False,False,False,False,False,False,False,0
4.0,5.0,36.0,4.0,3,2.0,1.0,True,False,False,False,False,False,True,0
46.0,4.0,30.0,1.0,1,1.0,2.0,True,False,False,True,False,False,False,0
59.0,2.0,40.0,1.0,1,1.0,2.0,False,False,False,True,False,False,False,0
53.0,2.0,18.0,1.0,2,1.0,2.0,True,False,False,True,False,False,False,0
21.0,5.0,24.0,1.0,3,1.0,2.0,False,False,False,True,False,False,False,0
53.0,3.0,36.0,2.0,1,1.0,2.0,False,False,True,False,False,False,False,0
56.0,2.0,56.0,1.0,1,1.0,2.0,False,False,True,False,False,False,False,0
54.0,2.0,56.0,1.0,2,1.0,2.0,True,False,True,False,False,False,False,0
62.0,1.0,36.0,3.0,1,1.0,2.0,False,False,False,False,False,False,False,0
56.0,1.0,24.0,1.0,2,1.0,2.0,True,True,False,False,False,False,False,0
15.0,5.0,36.0,3.0,3,1.0,1.0,True,False,True,False,False,False,False,0
16.0,5.0,36.0,3.0,3,1.0,1.0,True,False,True,False,False,False,False,0
20.0,5.0,36.0,3.0,3,1.0,1.0,True,False,False,False,True,False,False,0
16.0,5.0,36.0,3.0,3,1.0,1.0,False,False,True,False,False,False,False,0
30.0,1.0,36.0,2.0,4,1.0,2.0,True,False,False,True,False,False,False,0
7.0,5.0,36.0,4.0,5,1.0,1.0,False,False,False,False,False,False,False,0
2.0,5.0,36.0,4.0,5,2.0,3.0,True,False,False,False,False,False,True,0
42.0,5.0,36.0,3.0,1,1.0,2.0,False,False,False,True,False,False,False,0
63.0,1.0,36.0,3.0,6,1.0,2.0,True,True,False,False,False,False,False,0
65.0,1.0,36.0,3.0,6,1.0,2.0,False,True,False,False,False,False,False,0
35.0,1.0,48.0,1.0,2,1.0,2.0,False,False,False,True,False,False,False,0
30.0,1.0,36.0,1.0,1,1.0,2.0,True,False,False,True,False,False,False,0
12.0,5.0,36.0,3.0,3,1.0,1.0,True,False,True,False,False,False,False,0
34.0,2.0,36.0,3.0,1,1.0,2.0,False,False,False,True,False,False,False,0
32.0,2.0,40.0,1.0,2,1.0,2.0,True,False,False,True,False,False,False,0
9.0,5.0,36.0,4.0,3,1.0,1.0,False,False,False,False,False,False,False,0
7.0,5.0,36.0,4.0,3,1.0,1.0,False,False,False,False,False,False,False,0
63.0,4.0,36.0,3.0,1,1.0,2.0,True,False,False,False,False,False,False,0
40.0,5.0,60.0,1.0,1,1.0,2.0,False,False,False,True,False,False,False,0
15.0,5.0,36.0,3.0,9,1.0,1.0,False,False,True,False,False,False,False,0
40.0,5.0,48.0,1.0,9,1.0,2.0,True,False,False,False,False,True,False,0
26.0,1.0,50.0,1.0,1,1.0,1.0,False,False,True,False,False,False,False,0
35.0,1.0,0.0,1.0,2,1.0,1.0,True,False,False,False,True,False,False,0
12.0,5.0,36.0,3.0,3,1.0,1.0,True,False,True,False,False,False,False,0
61.0,4.0,30.0,1.0,1,1.0,2.0,False,False,False,True,False,False,False,0
52.0,2.0,36.0,3.0,1,1.0,2.0,True,True,False,False,False,False,False,0
51.0,2.0,35.0,1.0,2,1.0,2.0,False,False,True,False,False,False,False,0
22.0,5.0,35.0,1.0,3,1.0,2.0,False,False,True,False,False,False,False,0
18.0,5.0,36.0,3.0,3,1.0,2.0,False,True,False,False,False,False,False,0
18.0,5.0,18.0,1.0,3,1.0,1.0,False,False,True,False,False,False,False,0
26.0,1.0,16.0,1.0,1,1.0,2.0,False,False,False,False,True,False,False,0
24.0,1.0,40.0,1.0,2,1.0,2.0,True,False,False,False,True,False,False,0
34.0,5.0,36.0,4.0,3,3.0,2.0,True,False,False,False,False,False,True,0
26.0,5.0,36.0,2.0,1,1.0,2.0,False,False,False,True,False,False,False,0
56.0,2.0,30.0,1.0,1,1.0,2.0,False,False,False,False,True,False,False,0
58.0,2.0,25.0,1.0,2,1.0,2.0,True,False,False,False,False,True,False,0
22.0,5.0,20.0,1.0,3,1.0,1.0,True,False,False,False,True,False,False,0
26.0,5.0,24.0,1.0,3,1.0,2.0,True,False,False,False,False,True,False,0
68.0,4.0,36.0,3.0,1,1.0,2.0,True,False,True,False,False,False,False,0
40.0,5.0,84.0,1.0,3,1.0,2.0,False,False,False,True,False,False,False,0
60.0,1.0,48.0,1.0,1,1.0,2.0,False,True,False,False,False,False,False,0
59.0,1.0,12.0,1.0,2,1.0,2.0,True,False,False,True,False,False,False,0
21.0,5.0,36.0,3.0,3,1.0,1.0,True,False,False,False,True,False,False,0
36.0,2.0,40.0,1.0,1,1.0,2.0,True,False,False,True,False,False,False,0
43.0,2.0,45.0,1.0,2,1.0,2.0,False,False,False,True,False,False,False,0
58.0,5.0,36.0,3.0,1,1.0,2.0,False,False,False,True,False,False,False,0
60.0,5.0,36.0,3.0,8,1.0,2.0,True,False,False,True,False,False,False,0
37.0,5.0,72.0,1.0,9,1.0,2.0,False,True,False,False,False,False,False,0
65.0,3.0,36.0,3.0,1,1.0,2.0,True,False,True,False,False,False,False,0
21.0,5.0,36.0,3.0,3,1.0,1.0,False,False,False,False,True,False,False,0
26.0,5.0,36.0,3.0,3,1.0,1.0,True,False,False,False,True,False,False,0
35.0,5.0,48.0,1.0,3,1.0,2.0,False,False,False,True,False,False,False,0
33.0,5.0,30.0,1.0,3,1.0,2.0,False,False,False,True,False,False,False,0
26.0,5.0,48.0,1.0,3,1.0,2.0,False,False,False,True,False,False,False,0
33.0,5.0,14.0,1.0,3,1.0,2.0,True,False,False,True,False,False,False,0
11.0,5.0,36.0,3.0,5,1.0,1.0,True,False,False,False,False,False,False,0
8.0,5.0,36.0,4.0,5,1.0,1.0,True,False,False,False,False,False,False,0
39.0,5.0,36.0,3.0,1,1.0,2.0,True,False,False,True,False,False,False,0
15.0,5.0,36.0,3.0,3,1.0,1.0,True,False,True,False,False,False,False,0
60.0,2.0,36.0,3.0,1,1.0,2.0,True,False,False,True,False,False,False,0
59.0,2.0,48.0,1.0,2,1.0,2.0,False,True,False,False,False,False,False,0
30.0,1.0,18.0,1.0,3,1.0,2.0,True,True,False,False,False,False,False,0
30.0,1.0,43.0,1.0,4,1.0,2.0,False,True,False,False,False,False,False,0
8.0,5.0,36.0,4.0,5,1.0,1.0,True,False,False,False,False,False,False,0
66.0,4.0,36.0,3.0,1,1.0,2.0,True,False,False,True,False,False,False,0
33.0,3.0,48.0,1.0,3,1.0,2.0,False,False,False,True,False,False,False,0
26.0,5.0,50.0,1.0,3,1.0,2.0,False,False,False,True,False,False,False,0
67.0,4.0,36.0,3.0,1,1.0,2.0,True,False,False,True,False,False,False,0
33.0,5.0,45.0,1.0,3,1.0,1.0,False,False,False,False,True,False,False,0
33.0,1.0,40.0,1.0,1,1.0,2.0,False,False,False,False,True,False,False,0
33.0,1.0,26.0,1.0,2,1.0,2.0,True,False,False,False,True,False,False,0
8.0,5.0,36.0,4.0,3,1.0,1.0,True,False,False,False,False,False,False,0
6.0,5.0,36.0,4.0,3,2.0,1.0,True,False,False,False,False,False,False,0
3.0,5.0,36.0,4.0,3,2.0,1.0,False,False,False,False,False,False,True,0
55.0,3.0,36.0,3.0,1,2.0,3.0,True,False,False,False,False,False,True,0
24.0,5.0,36.0,2.0,3,1.0,2.0,True,False,False,True,False,False,False,0
7.0,5.0,36.0,4.0,5,2.0,1.0,True,False,False,False,False,False,False,0
4.0,5.0,36.0,4.0,5,2.0,1.0,True,False,False,False,False,False,True,0
31.0,5.0,35.0,1.0,1,1.0,2.0,False,False,False,False,False,True,False,0
57.0,4.0,60.0,1.0,1,1.0,2.0,True,False,False,False,False,True,False,0
25.0,5.0,36.0,3.0,3,1.0,2.0,True,False,False,False,False,True,False,0
19.0,5.0,36.0,3.0,3,1.0,1.0,False,False,False,False,True,False,False,0
55.0,3.0,20.0,1.0,1,1.0,2.0,True,False,False,True,False,False,False,0
63.0,4.0,42.0,1.0,1,1.0,2.0,True,False,False,True,False,False,False,0
26.0,5.0,40.0,1.0,3,1.0,1.0,True,False,False,False,True,False,False,0
36.0,3.0,40.0,1.0,3,1.0,2.0,True,False,False,False,False,True,False,0
1.0,5.0,36.0,4.0,5,3.0,2.0,False,False,False,False,False,False,True,0
6.0,5.0,36.0,4.0,3,1.0,1.0,False,False,False,False,False,False,False,0
51.0,2.0,40.0,1.0,1,1.0,2.0,False,False,False,True,False,False,False,0
48.0,2.0,36.0,3.0,2,1.0,2.0,True,False,False,True,False,False,False,0
23.0,5.0,36.0,2.0,3,1.0,2.0,True,False,False,True,False,False,False,0
18.0,5.0,36.0,3.0,3,1.0,2.0,False,False,False,True,False,False,False,0
42.0,5.0,72.0,1.0,1,1.0,1.0,True,False,False,False,True,False,False,0
61.0,2.0,36.0,3.0,1,1.0,2.0,False,False,True,False,False,False,False,0
57.0,2.0,36.0,3.0,2,1.0,2.0,True,False,False,True,False,False,False,0
32.0,5.0,32.0,1.0,3,1.0,2.0,False,False,False,False,True,False,False,0
21.0,5.0,36.0,3.0,3,1.0,1.0,True,False,False,False,True,False,False,0
43.0,2.0,36.0,1.0,1,1.0,2.0,False,False,False,True,False,False,False,0
38.0,2.0,0.0,1.0,2,1.0,2.0,True,False,False,False,True,False,False,0
5.0,5.0,36.0,4.0,3,2.0,1.0,False,False,False,False,False,False,True,0
34.0,5.0,36.0,4.0,3,3.0,2.0,False,False,False,False,False,False,True,0
31.0,5.0,40.0,1.0,1,1.0,2.0,True,False,True,False,False,False,False,0
36.0,1.0,54.0,1.0,1,1.0,2.0,False,False,False,True,False,False,False,0
7.0,5.0,36.0,4.0,3,1.0,1.0,True,False,False,False,False,False,False,0
45.0,1.0,30.0,1.0,2,1.0,2.0,True,False,False,True,False,False,False,0
44.0,1.0,24.0,1.0,1,1.0,2.0,False,True,False,False,False,False,False,0
44.0,1.0,8.0,1.0,2,1.0,2.0,True,True,False,False,False,False,False,0
74.0,4.0,36.0,3.0,1,1.0,2.0,True,False,True,False,False,False,False,0
76.0,2.0,36.0,3.0,1,1.0,2.0,False,False,False,False,False,False,False,0
71.0,2.0,84.0,1.0,2,1.0,2.0,True,True,False,False,False,False,False,0
27.0,5.0,48.0,1.0,3,1.0,2.0,False,False,False,True,False,False,False,0
84.0,4.0,36.0,3.0,1,1.0,2.0,False,True,False,False,False,False,False,0
36.0,4.0,20.0,1.0,3,1.0,2.0,False,False,False,True,False,False,False,0
87.0,4.0,36.0,3.0,1,1.0,2.0,True,True,False,False,False,False,False,0
22.0,2.0,36.0,2.0,2,1.0,2.0,True,False,False,True,False,False,False,0
3.0,5.0,36.0,4.0,3,2.0,1.0,True,False,False,False,False,False,True,0
21.0,2.0,24.0,1.0,1,1.0,1.0,False,False,False,False,True,False,False,0
73.0,5.0,36.0,3.0,1,1.0,2.0,True,False,False,False,False,True,False,0
66.0,5.0,36.0,3.0,1,1.0,2.0,True,False,False,False,False,False,False,0
10.0,5.0,36.0,3.0,5,1.0,1.0,False,False,False,False,False,False,False,0
80.0,4.0,36.0,3.0,1,1.0,2.0,True,True,False,False,False,False,False,0
16.0,5.0,36.0,3.0,3,1.0,1.0,False,False,True,False,False,False,False,0
73.0,3.0,72.0,1.0,1,1.0,2.0,False,True,False,False,False,False,False,0
52.0,5.0,30.0,1.0,1,1.0,2.0,True,False,False,True,False,False,False,0
23.0,5.0,20.0,1.0,3,1.0,1.0,False,False,False,False,True,False,False,0
32.0,5.0,40.0,1.0,3,1.0,2.0,False,False,False,True,False,False,False,0
24.0,5.0,16.0,1.0,1,1.0,1.0,True,False,False,False,True,False,False,0
23.0,5.0,36.0,3.0,8,1.0,1.0,True,False,False,False,True,False,False,0
21.0,1.0,48.0,1.0,2,1.0,2.0,True,False,False,True,False,False,False,0
22.0,5.0,36.0,2.0,1,1.0,2.0,True,False,False,False,False,True,False,0
46.0,2.0,25.0,1.0,1,1.0,2.0,True,False,False,False,False,True,False,0
48.0,2.0,30.0,1.0,2,1.0,2.0,False,False,False,False,False,True,False,0
17.0,5.0,36.0,3.0,3,1.0,1.0,True,False,True,False,False,False,False,0
24.0,5.0,36.0,3.0,3,2.0,1.0,False,False,False,False,False,False,False,0
14.0,5.0,36.0,3.0,3,1.0,1.0,False,False,True,False,False,False,False,0
12.0,5.0,36.0,3.0,3,1.0,1.0,True,False,False,False,False,False,False,0
26.0,5.0,40.0,1.0,8,1.0,1.0,True,False,False,False,True,False,False,0
28.0,5.0,48.0,1.0,1,1.0,1.0,True,False,True,False,False,False,False,0
55.0,3.0,36.0,1.0,6,1.0,2.0,True,False,True,False,False,False,False,0
18.0,5.0,36.0,3.0,8,1.0,1.0,True,False,True,False,False,False,False,0
11.0,5.0,36.0,3.0,3,1.0,1.0,False,False,False,False,False,False,False,0
7.0,5.0,36.0,4.0,3,1.0,1.0,False,False,False,False,False,False,False,0
72.0,1.0,10.0,1.0,1,1.0,2.0,True,True,False,False,False,False,False,0
76.0,1.0,35.0,1.0,2,1.0,2.0,False,True,False,False,False,False,False,0
32.0,5.0,36.0,3.0,3,1.0,2.0,False,False,False,True,False,False,False,0
42.0,5.0,48.0,1.0,1,1.0,2.0,False,False,False,True,False,False,False,0
66.0,3.0,40.0,1.0,1,1.0,1.0,True,False,False,False,False,True,False,0
37.0,5.0,35.0,1.0,3,1.0,2.0,True,False,False,True,False,False,False,0
68.0,1.0,36.0,3.0,1,1.0,2.0,False,True,False,False,False,False,False,0
76.0,1.0,36.0,3.0,2,1.0,2.0,True,False,False,False,False,False,False,0
68.0,2.0,36.0,3.0,1,1.0,2.0,True,True,False,False,False,False,False,0
60.0,2.0,30.0,1.0,2,1.0,2.0,False,False,False,False,False,False,False,0
60.0,1.0,40.0,1.0,1,1.0,2.0,False,False,False,True,False,False,False,0
60.0,1.0,36.0,3.0,2,1.0,2.0,True,False,False,False,True,False,False,0
35.0,5.0,48.0,1.0,3,1.0,2.0,False,False,False,True,False,False,False,0
34.0,5.0,45.0,1.0,3,1.0,2.0,False,False,False,True,False,False,False,0
65.0,3.0,18.0,1.0,1,1.0,2.0,True,False,False,True,False,False,False,0
38.0,5.0,20.0,1.0,3,1.0,2.0,True,False,False,True,False,False,False,0
9.0,5.0,36.0,4.0,5,1.0,1.0,True,False,False,False,False,False,False,0
58.0,5.0,30.0,1.0,1,1.0,2.0,True,False,False,True,False,False,False,0
67.0,1.0,40.0,1.0,1,1.0,2.0,False,True,False,False,False,False,False,0
71.0,1.0,36.0,3.0,2,1.0,2.0,True,True,False,False,False,False,False,0
29.0,5.0,36.0,2.0,3,1.0,2.0,True,False,False,True,False,False,False,0
51.0,5.0,36.0,3.0,3,1.0,2.0,True,True,False,False,False,False,False,0
30.0,5.0,4.0,1.0,1,1.0,2.0,True,True,False,False,False,False,False,0
35.0,3.0,36.0,3.0,8,1.0,2.0,True,True,False,False,False,False,False,0
17.0,5.0,36.0,2.0,9,1.0,2.0,False,False,True,False,False,False,False,0
15.0,5.0,36.0,3.0,9,1.0,1.0,True,False,True,False,False,False,False,0
13.0,5.0,36.0,3.0,9,1.0,1.0,True,False,True,False,False,False,False,0
67.0,4.0,14.0,1.0,6,1.0,2.0,True,True,False,False,False,False,False,0
4.0,5.0,36.0,4.0,3,2.0,3.0,False,False,False,False,False,False,True,0
24.0,1.0,36.0,3.0,1,1.0,2.0,False,False,False,True,False,False,False,0
38.0,1.0,46.0,1.0,1,1.0,2.0,False,False,False,True,False,False,False,0
28.0,1.0,20.0,1.0,2,1.0,2.0,True,False,True,False,False,False,False,0
4.0,5.0,36.0,4.0,3,2.0,3.0,False,False,False,False,False,False,True,0
67.0,3.0,36.0,3.0,1,1.0,2.0,True,True,False,False,False,False,False,0
46.0,5.0,36.0,3.0,3,1.0,2.0,False,True,False,False,False,False,False,0
51.0,4.0,36.0,2.0,1,1.0,2.0,False,False,False,True,False,False,False,0
21.0,5.0,36.0,3.0,3,1.0,2.0,True,False,False,True,False,False,False,0
61.0,2.0,36.0,3.0,1,1.0,2.0,False,True,False,False,False,False,False,0
53.0,2.0,48.0,1.0,2,1.0,2.0,True,True,False,False,False,False,False,0
30.0,5.0,36.0,3.0,3,1.0,1.0,True,False,True,False,False,False,False,0
80.0,2.0,36.0,3.0,2,1.0,2.0,True,False,False,True,False,False,False,0
84.0,2.0,36.0,3.0,1,1.0,2.0,False,False,False,True,False,False,False,0
58.0,2.0,36.0,3.0,1,1.0,2.0,True,False,False,False,False,True,False,0
58.0,2.0,30.0,1.0,2,1.0,2.0,False,False,False,False,False,True,False,0
53.0,2.0,30.0,1.0,1,1.0,2.0,False,True,False,False,False,False,False,0
50.0,2.0,20.0,1.0,2,1.0,2.0,True,True,False,False,False,False,False,0
44.0,1.0,48.0,1.0,1,1.0,2.0,False,False,False,True,False,False,False,0
43.0,1.0,30.0,1.0,2,1.0,2.0,True,False,False,True,False,False,False,0
21.0,5.0,36.0,3.0,3,1.0,1.0,True,False,False,False,True,False,False,0
11.0,5.0,36.0,3.0,3,1.0,1.0,True,False,False,False,False,False,False,0
59.0,2.0,36.0,3.0,1,1.0,2.0,True,False,False,False,False,True,False,0
28.0,5.0,24.0,1.0,3,1.0,1.0,False,False,False,False,True,False,False,0
24.0,5.0,36.0,3.0,3,1.0,1.0,True,False,False,False,True,False,False,0
48.0,5.0,48.0,1.0,1,1.0,2.0,False,False,False,True,False,False,False,0
86.0,5.0,36.0,3.0,6,1.0,2.0,True,True,False,False,False,False,False,0
63.0,1.0,30.0,1.0,1,1.0,2.0,False,True,False,False,False,False,False,0
65.0,1.0,36.0,3.0,2,1.0,2.0,True,True,False,False,False,False,False,0
25.0,5.0,15.0,1.0,3,1.0,2.0,True,False,False,True,False,False,False,0
84.0,4.0,20.0,1.0,1,1.0,2.0,True,False,False,False,False,True,False,0
28.0,5.0,36.0,3.0,1,1.0,1.0,False,False,False,False,True,False,False,0
68.0,2.0,36.0,3.0,1,1.0,2.0,True,False,False,True,False,False,False,0
77.0,2.0,15.0,1.0,2,1.0,2.0,False,False,True,False,False,False,False,0
39.0,5.0,36.0,1.0,3,1.0,2.0,False,False,False,True,False,False,False,0
66.0,3.0,36.0,3.0,1,1.0,2.0,True,True,False,False,False,False,False,0
29.0,5.0,36.0,3.0,3,1.0,1.0,False,False,False,False,False,False,False,0
46.0,5.0,30.0,1.0,3,1.0,2.0,False,False,False,False,False,False,False,0
49.0,2.0,36.0,3.0,3,1.0,2.0,False,True,False,False,False,False,False,0
35.0,1.0,40.0,1.0,1,1.0,2.0,False,False,False,True,False,False,False,0
37.0,1.0,36.0,2.0,2,1.0,2.0,True,False,True,False,False,False,False,0
4.0,5.0,36.0,4.0,3,2.0,1.0,True,False,False,False,False,False,True,0
9.0,5.0,36.0,4.0,3,1.0,1.0,True,False,False,False,False,False,False,0
68.0,5.0,36.0,3.0,1,1.0,2.0,True,False,False,False,True,False,False,0
81.0,2.0,40.0,1.0,1,1.0,2.0,False,True,False,False,False,False,False,0
78.0,2.0,36.0,3.0,2,1.0,2.0,True,True,False,False,False,False,False,0
45.0,3.0,41.0,1.0,1,1.0,2.0,True,False,False,False,True,False,False,0
21.0,5.0,36.0,3.0,3,1.0,1.0,True,False,False,False,True,False,False,0
19.0,5.0,5.0,1.0,3,1.0,2.0,False,False,False,True,False,False,False,0
12.0,5.0,36.0,3.0,3,1.0,1.0,False,False,False,False,False,False,False,0
33.0,5.0,21.0,1.0,1,1.0,2.0,False,False,False,True,False,False,False,0
68.0,4.0,36.0,3.0,1,1.0,3.0,True,False,False,False,False,False,True,0
50.0,5.0,36.0,3.0,3,1.0,2.0,False,False,False,True,False,False,False,0
42.0,2.0,36.0,1.0,3,1.0,2.0,True,False,False,True,False,False,False,0
53.0,2.0,48.0,1.0,4,1.0,2.0,False,False,True,False,False,False,False,0
44.0,2.0,0.0,1.0,1,1.0,2.0,False,False,False,False,False,False,False,0
53.0,2.0,60.0,1.0,2,1.0,2.0,True,True,False,False,False,False,False,0
15.0,5.0,36.0,3.0,3,1.0,1.0,True,False,True,False,False,False,False,0
11.0,5.0,36.0,3.0,3,1.0,1.0,True,False,False,False,False,False,False,0
38.0,3.0,18.0,1.0,1,1.0,2.0,True,False,False,True,False,False,False,0
10.0,5.0,36.0,3.0,3,1.0,1.0,False,False,False,False,False,False,False,0
24.0,5.0,48.0,1.0,3,1.0,2.0,False,False,True,False,False,False,False,0
18.0,5.0,36.0,3.0,3,1.0,1.0,False,False,True,False,False,False,False,0
58.0,5.0,36.0,3.0,1,1.0,2.0,True,True,False,False,False,False,False,0
19.0,5.0,14.0,1.0,3,1.0,2.0,False,False,True,False,False,False,False,0
26.0,5.0,36.0,3.0,3,1.0,2.0,True,False,True,False,False,False,False,0
21.0,5.0,36.0,3.0,3,1.0,2.0,False,False,True,False,False,False,False,0
3.0,5.0,36.0,4.0,5,2.0,1.0,True,False,False,False,False,False,True,0
34.0,5.0,36.0,4.0,5,3.0,2.0,True,False,False,False,False,False,True,0
58.0,1.0,54.0,1.0,1,1.0,2.0,False,False,False,True,False,False,False,0
54.0,1.0,36.0,3.0,2,1.0,2.0,True,False,False,True,False,False,False,0
21.0,5.0,36.0,3.0,3,1.0,2.0,False,False,False,True,False,False,False,0
20.0,5.0,36.0,3.0,3,1.0,2.0,False,False,False,True,False,False,False,0
20.0,5.0,36.0,3.0,1,1.0,1.0,True,False,False,False,True,False,False,0
36.0,1.0,36.0,3.0,1,1.0,2.0,False,False,False,True,False,False,False,0
43.0,2.0,36.0,1.0,1,1.0,2.0,False,False,False,False,False,True,False,0
36.0,2.0,18.0,1.0,2,1.0,2.0,True,False,False,True,False,False,False,0
61.0,3.0,36.0,3.0,1,1.0,2.0,True,True,False,False,False,False,False,0
31.0,5.0,48.0,1.0,3,1.0,2.0,True,False,False,False,False,True,False,0
35.0,5.0,25.0,1.0,3,1.0,2.0,True,False,False,False,False,True,False,0
21.0,5.0,36.0,3.0,3,1.0,2.0,True,False,False,True,False,False,False,0
24.0,5.0,36.0,3.0,3,1.0,2.0,True,False,False,False,False,True,False,0
13.0,5.0,36.0,3.0,5,1.0,1.0,False,False,True,False,False,False,False,0
13.0,5.0,36.0,3.0,5,1.0,1.0,False,False,True,False,False,False,False,0
10.0,5.0,36.0,3.0,5,1.0,1.0,True,False,False,False,False,False,False,0
2.0,5.0,36.0,4.0,5,2.0,3.0,False,False,False,False,False,False,True,0
60.0,3.0,15.0,1.0,1,1.0,2.0,True,True,False,False,False,False,False,0
25.0,5.0,12.0,1.0,3,1.0,2.0,True,True,False,False,False,False,False,0
7.0,5.0,36.0,4.0,5,1.0,1.0,False,False,False,False,False,False,False,0
6.0,5.0,36.0,4.0,5,2.0,1.0,False,False,False,False,False,False,False,0
53.0,3.0,40.0,1.0,1,1.0,2.0,True,False,False,True,False,False,False,0
25.0,5.0,40.0,1.0,3,1.0,2.0,False,False,False,False,False,True,False,0
19.0,5.0,36.0,3.0,5,1.0,1.0,False,False,True,False,False,False,False,0
41.0,5.0,36.0,3.0,3,1.0,2.0,True,False,False,True,False,False,False,0
37.0,5.0,24.0,1.0,3,1.0,2.0,True,True,False,False,False,False,False,0
62.0,5.0,24.0,1.0,1,1.0,2.0,True,False,True,False,False,False,False,0
21.0,5.0,36.0,2.0,9,1.0,2.0,False,False,False,False,True,False,False,0
56.0,3.0,40.0,1.0,8,1.0,2.0,True,False,False,True,False,False,False,0
29.0,5.0,48.0,1.0,9,1.0,2.0,False,False,False,True,False,False,False,0
42.0,5.0,0.0,1.0,1,1.0,2.0,True,False,False,True,False,False,False,0
42.0,5.0,36.0,3.0,8,1.0,2.0,True,False,False,True,False,False,False,0
39.0,5.0,36.0,3.0,9,1.0,2.0,True,False,False,True,False,False,False,0
33.0,3.0,48.0,1.0,1,1.0,2.0,False,False,False,True,False,False,False,0
73.0,4.0,36.0,3.0,1,1.0,2.0,True,False,False,False,True,False,False,0
19.0,5.0,36.0,3.0,5,1.0,1.0,True,False,False,False,True,False,False,0
27.0,5.0,36.0,3.0,3,1.0,2.0,True,False,True,False,False,False,False,0
9.0,5.0,36.0,4.0,5,1.0,1.0,False,False,False,False,False,False,False,0
36.0,5.0,63.0,1.0,9,1.0,2.0,True,False,False,False,False,True,False,0
46.0,1.0,40.0,1.0,1,1.0,2.0,True,False,False,False,True,False,False,0
49.0,1.0,76.0,1.0,2,1.0,2.0,False,False,False,True,False,False,False,0
36.0,1.0,36.0,3.0,2,1.0,2.0,True,False,False,True,False,False,False,0
11.0,5.0,36.0,3.0,3,1.0,1.0,False,False,False,False,False,False,False,0
12.0,5.0,36.0,3.0,3,1.0,1.0,True,False,False,False,False,False,False,0
55.0,3.0,37.0,1.0,1,1.0,2.0,False,False,False,False,True,False,False,0
21.0,5.0,36.0,3.0,3,1.0,1.0,True,False,False,False,True,False,False,0
16.0,5.0,36.0,3.0,3,1.0,1.0,False,False,True,False,False,False,False,0
7.0,5.0,36.0,4.0,3,1.0,1.0,True,False,False,False,False,False,False,0
78.0,4.0,36.0,3.0,1,1.0,2.0,True,False,False,False,False,True,False,0
54.0,2.0,36.0,3.0,1,1.0,2.0,False,False,False,True,False,False,False,0
55.0,2.0,36.0,3.0,2,1.0,2.0,True,False,False,True,False,False,False,0
71.0,2.0,36.0,3.0,1,1.0,2.0,False,False,False,False,False,False,False,0
64.0,2.0,36.0,3.0,2,1.0,2.0,True,False,False,False,False,False,False,0
38.0,1.0,35.0,1.0,1,1.0,2.0,True,False,False,True,False,False,False,0
56.0,1.0,35.0,1.0,2,1.0,2.0,False,True,False,False,False,False,False,0
19.0,1.0,36.0,3.0,3,1.0,2.0,True,False,False,True,False,False,False,0
17.0,5.0,35.0,1.0,3,1.0,2.0,False,False,True,False,False,False,False,0
61.0,2.0,36.0,3.0,1,1.0,2.0,False,False,False,False,True,False,False,0
60.0,2.0,36.0,3.0,2,1.0,2.0,True,False,False,False,False,True,False,0
23.0,5.0,36.0,3.0,3,1.0,1.0,False,False,False,False,True,False,False,0
31.0,5.0,50.0,1.0,3,1.0,1.0,False,False,False,False,False,True,False,0
28.0,5.0,15.0,1.0,3,1.0,2.0,False,False,False,False,True,False,False,0
44.0,2.0,38.0,1.0,1,1.0,2.0,False,False,True,False,False,False,False,0
42.0,2.0,17.0,1.0,2,1.0,2.0,True,False,True,False,False,False,False,0
13.0,5.0,36.0,3.0,3,1.0,1.0,False,False,True,False,False,False,False,0
35.0,3.0,12.0,1.0,1,1.0,2.0,True,False,True,False,False,False,False,0
10.0,5.0,36.0,3.0,3,1.0,1.0,False,False,False,False,False,False,False,0
6.0,5.0,36.0,4.0,3,1.0,1.0,True,False,False,False,False,False,False,0
75.0,2.0,36.0,3.0,1,1.0,2.0,False,False,False,False,True,False,False,0
74.0,2.0,36.0,3.0,2,1.0,2.0,True,False,False,False,False,True,False,0
38.0,1.0,36.0,3.0,1,1.0,2.0,True,False,False,True,False,False,False,0
39.0,1.0,63.0,1.0,2,1.0,2.0,False,False,False,True,False,False,False,0
8.0,5.0,36.0,4.0,3,1.0,1.0,True,False,False,False,False,False,False,0
66.0,4.0,35.0,1.0,7,1.0,2.0,False,False,False,True,False,False,False,0
71.0,2.0,36.0,3.0,1,1.0,2.0,False,False,False,True,False,False,False,0
67.0,2.0,36.0,3.0,2,1.0,2.0,True,True,False,False,False,False,False,0
42.0,5.0,12.0,1.0,3,1.0,2.0,False,False,False,False,False,False,False,0
84.0,2.0,36.0,3.0,1,1.0,2.0,False,True,False,False,False,False,False,0
82.0,2.0,36.0,3.0,2,1.0,2.0,True,True,False,False,False,False,False,0
56.0,5.0,0.0,1.0,3,1.0,2.0,False,False,False,True,False,False,False,0
14.0,5.0,36.0,3.0,3,1.0,1.0,False,False,True,False,False,False,False,0
25.0,5.0,48.0,1.0,8,1.0,2.0,False,False,False,True,False,False,False,0
85.0,2.0,24.0,1.0,1,1.0,2.0,True,True,False,False,False,False,False,0
85.0,2.0,24.0,1.0,2,1.0,2.0,False,True,False,False,False,False,False,0
24.0,5.0,30.0,1.0,1,1.0,1.0,False,False,False,False,True,False,False,0
23.0,5.0,36.0,3.0,8,1.0,1.0,True,False,False,False,True,False,False,0
18.0,5.0,36.0,3.0,8,1.0,1.0,True,False,False,False,True,False,False,0
12.0,5.0,36.0,3.0,3,1.0,1.0,True,False,True,False,False,False,False,0
34.0,5.0,36.0,4.0,5,3.0,2.0,True,False,False,False,False,False,True,0
18.0,1.0,35.0,1.0,4,1.0,2.0,False,False,False,True,False,False,False,0
26.0,1.0,40.0,1.0,1,1.0,2.0,True,False,False,True,False,False,False,0
27.0,1.0,48.0,1.0,2,1.0,2.0,False,False,False,False,False,True,False,0
56.0,5.0,40.0,1.0,6,1.0,2.0,True,False,False,True,False,False,False,0
11.0,5.0,36.0,3.0,3,1.0,1.0,True,False,False,False,False,False,False,0
2.0,5.0,36.0,4.0,3,2.0,3.0,False,False,False,False,False,False,True,0
61.0,2.0,30.0,1.0,1,1.0,2.0,True,False,False,True,False,False,False,0
63.0,2.0,30.0,1.0,2,1.0,2.0,False,False,False,True,False,False,False,0
57.0,4.0,36.0,3.0,1,1.0,2.0,True,True,False,False,False,False,False,0
33.0,5.0,10.0,1.0,3,1.0,2.0,False,False,False,True,False,False,False,0
73.0,4.0,36.0,3.0,1,1.0,2.0,True,False,False,False,False,False,False,0
53.0,3.0,35.0,1.0,3,1.0,2.0,True,False,False,False,True,False,False,0
31.0,5.0,22.0,1.0,5,1.0,2.0,False,False,True,False,False,False,False,0
12.0,5.0,36.0,3.0,9,1.0,1.0,True,False,True,False,False,False,False,0
11.0,5.0,36.0,3.0,9,1.0,1.0,False,False,False,False,False,False,False,0
57.0,3.0,36.0,2.0,10,1.0,2.0,False,False,False,False,True,False,False,0
43.0,2.0,30.0,1.0,1,1.0,2.0,False,False,False,False,True,False,False,0
40.0,2.0,48.0,1.0,1,1.0,2.0,False,False,False,True,False,False,False,0
31.0,1.0,48.0,1.0,9,1.0,2.0,False,False,False,False,True,False,False,0
30.0,1.0,0.0,1.0,8,1.0,2.0,True,False,False,True,False,False,False,0
3.0,5.0,36.0,4.0,9,2.0,1.0,True,False,False,False,False,False,True,0
45.0,3.0,48.0,1.0,1,1.0,2.0,False,False,True,False,False,False,False,0
21.0,5.0,45.0,1.0,3,1.0,2.0,True,False,True,False,False,False,False,0
63.0,2.0,36.0,2.0,1,1.0,2.0,False,False,False,True,False,False,False,0
54.0,2.0,36.0,2.0,2,1.0,2.0,True,False,False,False,True,False,False,0
27.0,5.0,26.0,1.0,3,1.0,2.0,False,False,False,True,False,False,False,0
89.0,4.0,36.0,3.0,1,1.0,2.0,True,False,True,False,False,False,False,0
62.0,4.0,36.0,3.0,3,1.0,2.0,True,False,False,True,False,False,False,0
46.0,2.0,36.0,3.0,1,1.0,2.0,False,False,False,False,False,True,False,0
51.0,2.0,21.0,1.0,2,1.0,2.0,True,False,False,True,False,False,False,0
22.0,5.0,36.0,3.0,3,1.0,1.0,False,False,False,False,True,False,False,0
22.0,5.0,36.0,3.0,3,1.0,1.0,True,False,False,False,True,False,False,0
47.0,3.0,12.0,1.0,1,1.0,1.0,True,False,True,False,False,False,False,0
29.0,5.0,12.0,1.0,3,1.0,2.0,False,False,False,True,False,False,False,0
26.0,5.0,24.0,1.0,3,1.0,2.0,True,False,False,True,False,False,False,0
27.0,5.0,17.0,1.0,1,1.0,2.0,False,False,False,True,False,False,False,0
25.0,5.0,25.0,1.0,10,1.0,2.0,False,False,False,True,False,False,False,0
66.0,2.0,24.0,1.0,1,1.0,2.0,False,False,False,False,False,True,False,0
61.0,2.0,36.0,3.0,2,1.0,2.0,True,False,False,False,True,False,False,0
48.0,2.0,36.0,3.0,1,1.0,2.0,False,False,False,True,False,False,False,0
46.0,2.0,36.0,3.0,2,1.0,2.0,True,False,False,False,True,False,False,0
19.0,5.0,36.0,3.0,3,1.0,2.0,False,False,False,True,False,False,False,0
16.0,5.0,36.0,3.0,3,1.0,1.0,False,False,True,False,False,False,False,0
61.0,2.0,0.0,1.0,1,1.0,2.0,False,False,True,False,False,False,False,0
64.0,2.0,6.0,1.0,2,1.0,2.0,True,True,False,False,False,False,False,0
50.0,3.0,48.0,1.0,1,1.0,2.0,True,False,False,True,False,False,False,0
20.0,5.0,48.0,1.0,3,1.0,2.0,False,False,False,True,False,False,False,0
15.0,5.0,36.0,3.0,3,1.0,1.0,False,False,True,False,False,False,False,0
6.0,5.0,36.0,4.0,3,1.0,1.0,False,False,False,False,False,False,False,0
69.0,2.0,36.0,3.0,1,1.0,2.0,False,False,False,False,False,True,False,0
68.0,2.0,20.0,1.0,2,1.0,2.0,True,False,False,False,False,True,False,0
21.0,5.0,36.0,3.0,3,1.0,2.0,True,False,False,True,False,False,False,0
24.0,5.0,46.0,1.0,3,1.0,2.0,False,False,False,True,False,False,False,0
52.0,2.0,72.0,1.0,1,1.0,2.0,False,False,False,True,False,False,False,0
55.0,2.0,36.0,3.0,1,1.0,2.0,False,False,False,True,False,False,False,0
52.0,2.0,36.0,3.0,2,1.0,2.0,True,False,False,True,False,False,False,0
57.0,2.0,36.0,1.0,1,1.0,2.0,False,False,True,False,False,False,False,0
56.0,2.0,36.0,3.0,2,1.0,2.0,True,False,True,False,False,False,False,0
29.0,5.0,44.0,1.0,3,1.0,2.0,True,False,True,False,False,False,False,0
52.0,3.0,36.0,3.0,1,1.0,2.0,False,False,False,False,False,False,False,0
38.0,2.0,20.0,1.0,2,1.0,2.0,True,False,False,False,True,False,False,0
14.0,5.0,36.0,3.0,3,1.0,1.0,True,False,True,False,False,False,False,0
12.0,5.0,36.0,3.0,3,1.0,1.0,True,False,True,False,False,False,False,0
37.0,1.0,40.0,1.0,1,1.0,2.0,False,False,False,True,False,False,False,0
30.0,1.0,2.0,1.0,2,1.0,2.0,True,False,False,True,False,False,False,0
2.0,5.0,36.0,4.0,3,2.0,3.0,False,False,False,False,False,False,True,0
49.0,2.0,24.0,1.0,1,1.0,2.0,False,False,False,False,False,True,False,0
47.0,2.0,20.0,1.0,2,1.0,2.0,True,False,False,False,False,True,False,0
22.0,5.0,36.0,3.0,3,1.0,1.0,True,False,False,False,True,False,False,0
17.0,5.0,36.0,3.0,3,1.0,1.0,True,False,True,False,False,False,False,0
14.0,5.0,36.0,3.0,3,1.0,1.0,False,False,True,False,False,False,False,0
84.0,4.0,36.0,3.0,1,1.0,2.0,False,False,False,True,False,False,False,0
57.0,5.0,36.0,2.0,3,1.0,2.0,False,False,False,False,False,True,False,0
45.0,5.0,36.0,3.0,1,1.0,2.0,True,True,False,False,False,False,False,0
11.0,5.0,36.0,3.0,3,1.0,1.0,False,False,True,False,False,False,False,0
11.0,5.0,36.0,3.0,3,1.0,1.0,False,False,True,False,False,False,False,0
38.0,1.0,40.0,1.0,1,1.0,1.0,True,False,False,False,True,False,False,0
42.0,1.0,40.0,1.0,2,1.0,2.0,False,False,False,False,True,False,False,0
42.0,3.0,32.0,1.0,1,1.0,2.0,True,False,False,True,False,False,False,0
26.0,5.0,54.0,1.0,3,1.0,2.0,True,False,False,True,False,False,False,0
12.0,5.0,36.0,3.0,3,1.0,1.0,False,False,True,False,False,False,False,0
14.0,5.0,36.0,3.0,3,1.0,1.0,True,False,True,False,False,False,False,0
10.0,5.0,36.0,3.0,3,1.0,1.0,True,False,False,False,False,False,False,0
12.0,5.0,36.0,3.0,3,1.0,1.0,False,False,False,False,False,False,False,0
54.0,1.0,40.0,1.0,1,1.0,2.0,False,False,True,False,False,False,False,0
49.0,1.0,36.0,3.0,2,1.0,2.0,True,False,True,False,False,False,False,0
20.0,5.0,36.0,3.0,3,1.0,1.0,True,False,True,False,False,False,False,0
20.0,5.0,36.0,3.0,3,1.0,1.0,True,False,True,False,False,False,False,0
21.0,5.0,36.0,2.0,3,1.0,2.0,True,False,False,True,False,False,False,0
27.0,5.0,36.0,2.0,3,1.0,2.0,False,True,False,False,False,False,False,0
6.0,5.0,36.0,4.0,3,2.0,1.0,False,False,False,False,False,False,False,0
34.0,5.0,40.0,1.0,3,1.0,2.0,False,False,True,False,False,False,False,0
72.0,2.0,45.0,1.0,1,1.0,2.0,False,False,False,False,False,True,False,0
65.0,2.0,24.0,1.0,2,1.0,1.0,True,False,False,False,True,False,False,0
77.0,4.0,36.0,3.0,1,1.0,2.0,False,False,False,False,False,False,False,0
55.0,1.0,44.0,1.0,1,1.0,2.0,False,False,False,False,True,False,False,0
51.0,1.0,0.0,1.0,2,1.0,2.0,True,False,False,False,False,True,False,0
42.0,1.0,56.0,1.0,1,1.0,2.0,False,False,False,True,False,False,False,0
47.0,1.0,30.0,1.0,2,1.0,2.0,True,False,False,True,False,False,False,0
11.0,5.0,36.0,3.0,3,1.0,1.0,False,False,True,False,False,False,False,0
9.0,5.0,36.0,4.0,3,1.0,1.0,False,False,False,False,False,False,False,0
69.0,1.0,70.0,1.0,1,1.0,2.0,False,False,False,True,False,False,False,0
70.0,1.0,70.0,1.0,2,1.0,2.0,True,False,False,False,False,True,False,0
80.0,4.0,28.0,1.0,1,1.0,2.0,True,False,False,True,False,False,False,0
54.0,5.0,36.0,3.0,3,1.0,2.0,True,False,False,True,False,False,False,0
31.0,5.0,0.0,1.0,3,1.0,2.0,True,False,False,False,True,False,False,0
37.0,5.0,40.0,1.0,1,1.0,2.0,False,False,True,False,False,False,False,0
34.0,5.0,25.0,1.0,8,1.0,2.0,True,True,False,False,False,False,False,0
87.0,5.0,36.0,3.0,10,1.0,2.0,True,True,False,False,False,False,False,0
12.0,5.0,36.0,3.0,3,1.0,1.0,False,False,False,False,False,False,False,0
53.0,4.0,36.0,3.0,1,1.0,2.0,False,False,True,False,False,False,False,0
22.0,5.0,48.0,1.0,3,1.0,2.0,False,False,True,False,False,False,False,0
60.0,3.0,38.0,1.0,1,1.0,2.0,False,False,False,True,False,False,False,0
32.0,3.0,20.0,1.0,3,1.0,2.0,True,False,False,False,False,True,False,0
53.0,3.0,40.0,1.0,1,1.0,2.0,True,False,True,False,False,False,False,0
44.0,2.0,20.0,1.0,1,1.0,2.0,True,False,False,False,False,True,False,0
50.0,2.0,60.0,1.0,2,1.0,2.0,False,False,False,True,False,False,False,0
12.0,5.0,36.0,3.0,3,1.0,1.0,False,False,True,False,False,False,False,0
53.0,5.0,48.0,1.0,1,1.0,2.0,False,False,False,True,False,False,False,0
50.0,2.0,41.0,1.0,1,1.0,2.0,True,False,False,False,False,True,False,0
49.0,2.0,25.0,1.0,2,1.0,2.0,False,False,False,True,False,False,False,0
23.0,5.0,36.0,3.0,3,1.0,2.0,False,False,False,False,True,False,False,0
18.0,5.0,36.0,3.0,3,1.0,2.0,True,False,False,True,False,False,False,0
67.0,4.0,36.0,3.0,1,1.0,2.0,True,False,True,False,False,False,False,0
22.0,5.0,36.0,3.0,5,1.0,1.0,False,False,False,False,True,False,False,0
55.0,2.0,36.0,3.0,2,1.0,2.0,True,False,False,True,False,False,False,0
22.0,5.0,36.0,3.0,3,1.0,2.0,True,False,False,True,False,False,False,0
42.0,1.0,0.0,1.0,1,1.0,2.0,False,False,False,False,False,True,False,0
54.0,1.0,40.0,1.0,2,1.0,2.0,True,False,False,False,False,True,False,0
9.0,5.0,36.0,4.0,3,1.0,1.0,False,False,False,False,False,False,False,0
4.0,5.0,36.0,4.0,3,1.0,1.0,False,False,False,False,False,False,True,0
34.0,5.0,54.0,1.0,1,1.0,2.0,True,False,False,True,False,False,False,0
64.0,3.0,36.0,3.0,1,1.0,2.0,False,False,False,False,False,True,False,0
63.0,5.0,60.0,1.0,1,1.0,2.0,False,False,False,False,False,True,False,0
75.0,2.0,36.0,3.0,1,1.0,2.0,False,False,False,True,False,False,False,0
70.0,2.0,36.0,3.0,2,1.0,2.0,True,False,False,False,True,False,False,0
41.0,2.0,40.0,1.0,1,1.0,2.0,False,False,False,False,True,False,False,0
16.0,5.0,36.0,3.0,3,1.0,1.0,False,False,True,False,False,False,False,0
56.0,4.0,7.0,1.0,1,1.0,2.0,True,True,False,False,False,False,False,0
27.0,5.0,40.0,1.0,3,1.0,2.0,False,False,False,True,False,False,False,0
35.0,5.0,36.0,3.0,3,1.0,2.0,True,False,False,True,False,False,False,0
6.0,5.0,36.0,4.0,5,1.0,1.0,True,False,False,False,False,False,False,0
55.0,2.0,30.0,1.0,1,1.0,2.0,False,False,True,False,False,False,False,0
63.0,2.0,60.0,1.0,1,1.0,2.0,False,False,False,True,False,False,False,0
58.0,2.0,36.0,3.0,2,1.0,2.0,True,False,False,False,True,False,False,0
43.0,1.0,36.0,3.0,1,1.0,2.0,True,True,False,False,False,False,False,0
20.0,5.0,50.0,1.0,3,1.0,2.0,True,False,False,True,False,False,False,0
11.0,5.0,36.0,3.0,3,1.0,1.0,True,False,False,False,False,False,False,0
24.0,5.0,36.0,3.0,3,1.0,1.0,True,False,False,False,True,False,False,0
34.0,5.0,36.0,4.0,5,3.0,2.0,False,False,False,False,False,False,True,0
47.0,2.0,35.0,1.0,1,1.0,2.0,False,False,False,False,False,True,False,0
45.0,2.0,0.0,1.0,2,1.0,2.0,True,False,False,False,False,True,False,0
26.0,5.0,6.0,1.0,3,1.0,1.0,True,False,False,False,True,False,False,0
19.0,5.0,36.0,3.0,3,1.0,2.0,False,False,False,True,False,False,False,0
24.0,5.0,36.0,3.0,3,1.0,1.0,True,False,False,False,True,False,False,0
13.0,5.0,36.0,3.0,5,1.0,1.0,True,False,True,False,False,False,False,0
64.0,2.0,0.0,1.0,1,1.0,2.0,False,False,False,True,False,False,False,0
58.0,2.0,36.0,3.0,2,1.0,2.0,True,False,False,False,False,True,False,0
30.0,5.0,24.0,1.0,3,1.0,1.0,False,False,False,False,True,False,False,0
23.0,5.0,36.0,3.0,3,1.0,1.0,True,False,False,False,True,False,False,0
63.0,2.0,30.0,1.0,1,1.0,2.0,False,False,False,True,False,False,False,0
63.0,2.0,36.0,3.0,2,1.0,2.0,True,False,False,False,False,True,False,0
28.0,5.0,30.0,1.0,3,1.0,2.0,False,False,False,True,False,False,False,0
32.0,5.0,40.0,1.0,1,1.0,2.0,False,False,False,False,False,True,False,0
69.0,2.0,36.0,3.0,1,1.0,2.0,False,False,False,False,False,True,False,0
66.0,2.0,36.0,3.0,2,1.0,2.0,True,False,False,False,False,True,False,0
68.0,1.0,36.0,3.0,1,1.0,2.0,True,False,False,False,False,True,False,0
74.0,1.0,36.0,3.0,2,1.0,2.0,False,False,False,False,False,True,False,0
32.0,5.0,24.0,1.0,3,1.0,2.0,True,False,False,False,False,True,False,0
29.0,5.0,36.0,3.0,3,1.0,2.0,True,False,False,False,False,True,False,0
73.0,4.0,20.0,1.0,1,1.0,2.0,False,True,False,False,False,False,False,0
45.0,3.0,24.0,1.0,3,1.0,2.0,False,False,True,False,False,False,False,0
42.0,2.0,24.0,1.0,1,1.0,2.0,False,False,False,True,False,False,False,0
47.0,2.0,16.0,1.0,2,1.0,2.0,True,False,False,False,False,True,False,0
16.0,5.0,36.0,3.0,3,1.0,1.0,True,False,True,False,False,False,False,0
37.0,2.0,60.0,1.0,1,1.0,2.0,False,False,False,True,False,False,False,0
38.0,2.0,0.0,1.0,2,1.0,2.0,True,False,False,False,False,True,False,0
10.0,5.0,36.0,3.0,3,1.0,1.0,False,False,False,False,False,False,False,0
7.0,5.0,36.0,4.0,3,1.0,1.0,False,False,False,False,False,False,False,0
32.0,1.0,36.0,3.0,1,1.0,2.0,True,False,False,True,False,False,False,0
30.0,1.0,24.0,1.0,2,1.0,2.0,False,True,False,False,False,False,False,0
9.0,5.0,36.0,4.0,3,1.0,2.0,True,False,False,False,False,False,False,0
16.0,5.0,36.0,3.0,5,1.0,1.0,False,False,True,False,False,False,False,0
7.0,5.0,36.0,4.0,5,1.0,1.0,False,False,False,False,False,False,False,0
63.0,2.0,40.0,1.0,1,1.0,2.0,False,False,False,True,False,False,False,0
32.0,2.0,36.0,3.0,2,1.0,2.0,True,False,False,True,False,False,False,0
11.0,5.0,36.0,3.0,3,1.0,1.0,False,False,False,False,False,False,False,0
5.0,5.0,36.0,4.0,3,2.0,1.0,True,False,False,False,False,False,True,0
50.0,2.0,36.0,3.0,2,1.0,2.0,True,False,False,False,False,True,False,0
22.0,5.0,36.0,2.0,3,1.0,2.0,False,False,False,False,False,True,False,0
19.0,5.0,36.0,3.0,3,1.0,1.0,True,False,False,False,True,False,False,0
45.0,3.0,60.0,1.0,1,1.0,2.0,False,False,False,False,False,True,False,0
29.0,1.0,36.0,3.0,1,1.0,1.0,True,False,False,False,True,False,False,0
29.0,1.0,40.0,1.0,2,1.0,2.0,False,False,False,False,True,False,False,0
3.0,5.0,36.0,4.0,3,2.0,1.0,False,False,False,False,False,False,True,0
2.0,5.0,36.0,4.0,3,2.0,3.0,False,False,False,False,False,False,True,0
47.0,1.0,40.0,1.0,2,1.0,2.0,False,True,False,False,False,False,False,0
41.0,1.0,0.0,1.0,1,1.0,2.0,True,False,False,False,False,True,False,0
71.0,4.0,36.0,3.0,6,1.0,2.0,True,True,False,False,False,False,False,0
45.0,1.0,0.0,1.0,2,1.0,2.0,False,False,True,False,False,False,False,0
16.0,5.0,36.0,3.0,3,1.0,2.0,True,False,True,False,False,False,False,0
64.0,2.0,30.0,1.0,1,1.0,2.0,True,True,False,False,False,False,False,0
82.0,2.0,36.0,3.0,2,1.0,2.0,False,False,False,False,False,False,False,0
46.0,2.0,49.0,1.0,1,1.0,2.0,False,False,False,False,False,True,False,0
46.0,2.0,20.0,1.0,2,1.0,2.0,True,False,False,False,False,True,False,0
18.0,5.0,36.0,3.0,3,1.0,1.0,True,False,False,False,True,False,False,0
14.0,5.0,36.0,3.0,3,1.0,1.0,True,False,True,False,False,False,False,0
8.0,5.0,36.0,4.0,3,1.0,1.0,True,False,False,False,False,False,False,0
48.0,3.0,48.0,1.0,1,1.0,2.0,False,False,True,False,False,False,False,0
42.0,3.0,36.0,2.0,8,1.0,2.0,True,False,False,True,False,False,False,0
39.0,2.0,48.0,1.0,1,1.0,2.0,False,True,False,False,False,False,False,0
35.0,2.0,36.0,3.0,2,1.0,2.0,True,False,True,False,False,False,False,0
18.0,5.0,36.0,3.0,3,1.0,2.0,True,False,False,True,False,False,False,0
12.0,5.0,36.0,3.0,3,1.0,1.0,True,False,True,False,False,False,False,0
3.0,5.0,36.0,4.0,3,2.0,3.0,False,False,False,False,False,False,True,0
56.0,2.0,36.0,3.0,2,1.0,2.0,True,True,False,False,False,False,False,0
33.0,5.0,36.0,3.0,3,1.0,2.0,True,False,False,True,False,False,False,0
28.0,5.0,36.0,3.0,3,1.0,2.0,False,False,False,True,False,False,False,0
18.0,5.0,36.0,3.0,3,1.0,1.0,True,False,False,False,True,False,False,0
60.0,3.0,70.0,1.0,1,1.0,2.0,False,True,False,False,False,False,False,0
18.0,5.0,36.0,3.0,3,1.0,1.0,True,False,False,False,True,False,False,0
16.0,5.0,36.0,3.0,3,1.0,1.0,False,False,True,False,False,False,False,0
9.0,5.0,36.0,4.0,3,1.0,1.0,False,False,False,False,False,False,False,0
35.0,1.0,36.0,3.0,1,1.0,2.0,False,False,False,True,False,False,False,0
33.0,1.0,0.0,1.0,2,1.0,2.0,True,False,False,False,False,True,False,0
3.0,5.0,36.0,4.0,3,2.0,3.0,False,False,False,False,False,False,True,0
51.0,3.0,24.0,1.0,1,1.0,2.0,True,True,False,False,False,False,False,0
30.0,5.0,36.0,3.0,3,1.0,2.0,True,False,False,True,False,False,False,0
24.0,5.0,36.0,3.0,3,1.0,2.0,True,False,True,False,False,False,False,0
69.0,4.0,36.0,3.0,1,1.0,2.0,True,True,False,False,False,False,False,0
28.0,5.0,8.0,1.0,5,1.0,2.0,False,False,True,False,False,False,False,0
43.0,2.0,18.0,1.0,1,1.0,2.0,False,False,False,True,False,False,False,0
42.0,2.0,36.0,3.0,2,1.0,2.0,True,False,False,False,False,True,False,0
9.0,5.0,36.0,4.0,3,1.0,1.0,False,False,False,False,False,False,False,0
4.0,5.0,36.0,4.0,3,1.0,1.0,False,False,False,False,False,False,True,0
44.0,5.0,34.0,1.0,1,1.0,2.0,True,False,False,False,True,False,False,0
16.0,5.0,36.0,3.0,3,1.0,1.0,True,False,True,False,False,False,False,0
11.0,5.0,36.0,3.0,3,1.0,1.0,False,False,False,False,False,False,False,0
56.0,2.0,24.0,1.0,1,1.0,2.0,False,False,False,False,False,True,False,0
55.0,2.0,40.0,1.0,2,1.0,2.0,True,False,False,False,False,True,False,0
55.0,2.0,35.0,1.0,1,1.0,2.0,False,False,False,False,False,True,False,0
52.0,2.0,18.0,1.0,2,1.0,2.0,True,False,False,False,False,True,False,0
18.0,5.0,36.0,3.0,3,1.0,1.0,False,False,False,False,True,False,False,0
71.0,1.0,0.0,1.0,1,1.0,2.0,False,False,False,False,False,True,False,0
68.0,1.0,36.0,3.0,2,1.0,2.0,True,False,False,False,True,False,False,0
51.0,3.0,0.0,1.0,1,1.0,2.0,True,False,False,True,False,False,False,0
62.0,2.0,38.0,1.0,1,1.0,2.0,False,False,False,False,False,True,False,0
60.0,2.0,36.0,3.0,2,1.0,2.0,True,False,False,False,False,True,False,0
31.0,1.0,55.0,1.0,1,1.0,2.0,False,False,False,False,True,False,False,0
27.0,1.0,15.0,1.0,2,1.0,1.0,True,False,False,False,True,False,False,0
2.0,5.0,36.0,4.0,3,2.0,3.0,False,False,False,False,False,False,True,0
61.0,5.0,36.0,3.0,1,1.0,2.0,True,False,False,True,False,False,False,0
44.0,1.0,45.0,1.0,1,1.0,2.0,True,False,False,False,False,True,False,0
46.0,1.0,60.0,1.0,2,1.0,2.0,False,False,False,True,False,False,False,0
35.0,5.0,36.0,3.0,1,1.0,2.0,True,False,True,False,False,False,False,0
50.0,2.0,36.0,3.0,6,1.0,2.0,True,True,False,False,False,False,False,0
54.0,2.0,36.0,3.0,6,1.0,2.0,False,True,False,False,False,False,False,0
19.0,5.0,40.0,1.0,3,1.0,1.0,False,False,True,False,False,False,False,0
17.0,5.0,36.0,3.0,3,1.0,1.0,False,False,True,False,False,False,False,0
15.0,5.0,36.0,3.0,3,1.0,1.0,False,False,True,False,False,False,False,0
13.0,5.0,36.0,3.0,3,1.0,1.0,False,False,True,False,False,False,False,0
9.0,5.0,36.0,4.0,3,1.0,1.0,True,False,False,False,False,False,False,0
12.0,5.0,36.0,3.0,3,1.0,1.0,True,False,False,False,False,False,False,0
22.0,5.0,36.0,3.0,8,1.0,1.0,True,False,False,False,True,False,False,0
59.0,2.0,40.0,1.0,1,1.0,2.0,False,True,False,False,False,False,False,0
58.0,2.0,36.0,3.0,2,1.0,2.0,True,True,False,False,False,False,False,0
40.0,1.0,40.0,1.0,1,1.0,2.0,False,False,False,True,False,False,False,0
41.0,1.0,36.0,3.0,2,1.0,2.0,True,False,True,False,False,False,False,0
4.0,5.0,36.0,4.0,3,2.0,1.0,True,False,False,False,False,False,True,0
67.0,4.0,36.0,3.0,6,1.0,2.0,True,True,False,False,False,False,False,0
74.0,2.0,36.0,3.0,1,1.0,2.0,True,False,False,False,False,True,False,0
80.0,2.0,36.0,3.0,2,1.0,2.0,False,False,False,False,False,True,False,0
57.0,5.0,36.0,3.0,1,1.0,2.0,True,True,False,False,False,False,False,0
19.0,5.0,60.0,1.0,3,1.0,2.0,False,False,False,True,False,False,False,0
63.0,2.0,12.0,1.0,1,1.0,2.0,True,False,False,True,False,False,False,0
65.0,2.0,56.0,1.0,2,1.0,2.0,False,False,False,True,False,False,False,0
18.0,5.0,36.0,3.0,3,1.0,2.0,False,False,True,False,False,False,False,0
67.0,4.0,36.0,3.0,6,1.0,2.0,True,False,False,False,False,False,False,0
83.0,4.0,36.0,3.0,1,1.0,2.0,True,False,False,False,True,False,False,0
48.0,3.0,56.0,1.0,1,1.0,2.0,True,False,False,True,False,False,False,0
21.0,5.0,36.0,3.0,3,1.0,1.0,False,False,False,False,True,False,False,0
12.0,5.0,36.0,3.0,3,1.0,1.0,False,False,False,False,False,False,False,0
76.0,3.0,36.0,3.0,1,1.0,2.0,True,False,True,False,False,False,False,0
39.0,5.0,20.0,1.0,3,1.0,1.0,True,False,False,False,True,False,False,0
20.0,5.0,20.0,1.0,3,1.0,2.0,False,False,False,True,False,False,False,0
13.0,5.0,36.0,3.0,3,1.0,1.0,True,False,True,False,False,False,False,0
61.0,2.0,84.0,1.0,1,1.0,2.0,False,True,False,False,False,False,False,0
57.0,2.0,36.0,2.0,2,1.0,2.0,True,False,True,False,False,False,False,0
21.0,5.0,36.0,3.0,3,1.0,1.0,True,False,False,False,True,False,False,0
20.0,5.0,36.0,1.0,3,1.0,2.0,False,False,False,True,False,False,False,0
34.0,3.0,36.0,3.0,9,1.0,2.0,True,False,False,True,False,False,False,0
11.0,5.0,36.0,3.0,9,1.0,1.0,True,False,False,False,False,False,False,0
9.0,5.0,36.0,4.0,9,1.0,1.0,True,False,False,False,False,False,False,0
8.0,5.0,36.0,4.0,9,1.0,1.0,False,False,False,False,False,False,False,0
54.0,3.0,36.0,1.0,1,1.0,2.0,True,False,False,False,False,True,False,0
18.0,5.0,36.0,3.0,3,1.0,2.0,False,False,False,True,False,False,False,0
44.0,3.0,25.0,1.0,1,1.0,2.0,True,False,False,True,False,False,False,0
54.0,2.0,40.0,1.0,1,1.0,2.0,False,False,False,False,False,True,False,0
53.0,2.0,0.0,1.0,2,1.0,2.0,True,False,False,False,False,True,False,0
23.0,5.0,36.0,3.0,3,1.0,1.0,False,False,False,False,True,False,False,0
21.0,5.0,36.0,3.0,3,1.0,1.0,True,False,False,False,True,False,False,0
17.0,5.0,36.0,3.0,3,1.0,1.0,False,False,True,False,False,False,False,0
23.0,5.0,45.0,1.0,3,1.0,2.0,False,False,False,True,False,False,False,0
60.0,4.0,5.0,1.0,1,1.0,2.0,True,False,False,False,False,False,False,0
21.0,5.0,45.0,1.0,3,1.0,2.0,False,False,False,True,False,False,False,0
60.0,4.0,65.0,1.0,1,1.0,2.0,True,False,False,False,False,True,False,0
20.0,5.0,20.0,1.0,3,1.0,2.0,True,False,False,False,False,True,False,0
17.0,5.0,36.0,3.0,3,1.0,1.0,False,False,True,False,False,False,False,0
11.0,5.0,36.0,3.0,3,1.0,1.0,True,False,False,False,False,False,False,0
50.0,3.0,36.0,1.0,1,1.0,2.0,False,False,False,True,False,False,False,0
73.0,2.0,0.0,1.0,1,1.0,2.0,False,False,False,False,False,False,False,0
54.0,2.0,36.0,3.0,2,1.0,2.0,True,False,False,True,False,False,False,0
26.0,5.0,0.0,1.0,3,1.0,2.0,False,False,True,False,False,False,False,0
32.0,1.0,72.0,1.0,1,1.0,2.0,False,False,False,True,False,False,False,0
43.0,1.0,40.0,1.0,1,1.0,2.0,False,False,False,False,False,True,False,0
35.0,1.0,24.0,1.0,2,1.0,2.0,True,False,False,True,False,False,False,0
17.0,5.0,36.0,3.0,3,1.0,1.0,False,False,True,False,False,False,False,0
14.0,5.0,36.0,3.0,3,1.0,1.0,True,False,True,False,False,False,False,0
73.0,2.0,15.0,1.0,1,1.0,2.0,False,False,True,False,False,False,False,0
72.0,2.0,36.0,3.0,2,1.0,2.0,True,False,False,False,False,False,False,0
37.0,3.0,48.0,1.0,1,1.0,2.0,False,False,False,False,True,False,False,0
69.0,5.0,36.0,3.0,6,1.0,2.0,True,False,True,False,False,False,False,0
16.0,5.0,36.0,3.0,3,1.0,1.0,False,False,True,False,False,False,False,0
14.0,5.0,36.0,3.0,3,1.0,1.0,True,False,True,False,False,False,False,0
10.0,5.0,36.0,3.0,3,1.0,1.0,False,False,False,False,False,False,False,0
55.0,1.0,42.0,1.0,1,1.0,2.0,False,False,False,True,False,False,False,0
45.0,1.0,36.0,2.0,2,1.0,2.0,True,False,False,True,False,False,False,0
12.0,5.0,36.0,3.0,3,1.0,1.0,False,False,True,False,False,False,False,0
10.0,5.0,36.0,3.0,3,1.0,1.0,True,False,False,False,False,False,False,0
75.0,5.0,36.0,3.0,1,1.0,2.0,True,False,False,True,False,False,False,0
57.0,1.0,40.0,1.0,1,1.0,2.0,True,False,True,False,False,False,False,0
62.0,1.0,15.0,1.0,2,1.0,2.0,False,False,True,False,False,False,False,0
34.0,5.0,36.0,3.0,3,1.0,2.0,True,False,False,False,True,False,False,0
41.0,1.0,24.0,1.0,1,1.0,2.0,False,False,False,False,False,True,False,0
38.0,1.0,24.0,1.0,2,1.0,2.0,True,False,False,False,False,True,False,0
2.0,5.0,36.0,4.0,3,2.0,1.0,True,False,False,False,False,False,True,0
40.0,1.0,84.0,1.0,1,1.0,2.0,True,False,True,False,False,False,False,0
50.0,1.0,40.0,1.0,2,1.0,2.0,False,False,True,False,False,False,False,0
7.0,5.0,36.0,4.0,3,1.0,1.0,True,False,False,False,False,False,False,0
51.0,1.0,51.0,1.0,1,1.0,2.0,False,False,True,False,False,False,False,0
10.0,5.0,36.0,3.0,3,2.0,1.0,False,False,False,False,False,False,False,0
47.0,1.0,26.0,1.0,2,1.0,2.0,True,True,False,False,False,False,False,0
14.0,5.0,36.0,3.0,3,1.0,1.0,False,False,True,False,False,False,False,0
37.0,1.0,52.0,1.0,1,1.0,2.0,False,False,False,False,False,False,False,0
36.0,1.0,28.0,1.0,2,1.0,2.0,True,False,False,False,False,False,False,0
13.0,5.0,36.0,3.0,3,1.0,1.0,False,False,True,False,False,False,False,0
10.0,5.0,36.0,3.0,3,1.0,1.0,True,False,False,False,False,False,False,0
6.0,5.0,36.0,4.0,3,2.0,1.0,True,False,False,False,False,False,False,0
4.0,5.0,36.0,4.0,3,2.0,1.0,True,False,False,False,False,False,True,0
83.0,4.0,36.0,3.0,1,1.0,2.0,True,True,False,False,False,False,False,0
34.0,5.0,40.0,1.0,3,1.0,2.0,True,False,False,False,False,True,False,0
30.0,1.0,48.0,1.0,1,1.0,2.0,False,False,True,False,False,False,False,0
28.0,1.0,36.0,3.0,2,1.0,2.0,True,False,False,True,False,False,False,0
7.0,5.0,36.0,4.0,3,1.0,1.0,False,False,False,False,False,False,False,0
3.0,5.0,36.0,4.0,3,2.0,3.0,True,False,False,False,False,False,True,0
1.0,5.0,36.0,4.0,3,3.0,2.0,False,False,False,False,False,False,True,0
47.0,2.0,36.0,1.0,1,1.0,2.0,False,False,True,False,False,False,False,0
50.0,2.0,45.0,1.0,2,1.0,2.0,True,False,False,True,False,False,False,0
22.0,5.0,36.0,3.0,3,1.0,2.0,True,False,False,False,True,False,False,0
17.0,5.0,36.0,3.0,3,1.0,1.0,False,False,True,False,False,False,False,0
38.0,5.0,24.0,1.0,1,1.0,2.0,True,False,True,False,False,False,False,0
17.0,5.0,36.0,2.0,3,1.0,2.0,True,False,True,False,False,False,False,0
13.0,5.0,36.0,3.0,3,1.0,1.0,False,False,True,False,False,False,False,0
55.0,2.0,30.0,1.0,1,1.0,2.0,False,False,False,False,False,True,False,0
50.0,2.0,30.0,1.0,2,1.0,2.0,True,False,False,False,False,True,False,0
16.0,5.0,36.0,3.0,3,1.0,1.0,True,False,True,False,False,False,False,0
13.0,5.0,36.0,3.0,3,1.0,1.0,True,False,True,False,False,False,False,0
55.0,4.0,36.0,1.0,1,1.0,2.0,True,False,False,True,False,False,False,0
27.0,5.0,36.0,1.0,3,1.0,1.0,False,False,True,False,False,False,False,0
11.0,5.0,36.0,3.0,3,1.0,1.0,True,False,False,False,False,False,False,0
46.0,3.0,36.0,3.0,1,1.0,2.0,True,False,False,False,False,True,False,0
20.0,5.0,36.0,3.0,3,1.0,1.0,False,False,False,False,True,False,False,0
16.0,5.0,36.0,3.0,3,1.0,1.0,True,False,True,False,False,False,False,0
20.0,1.0,36.0,3.0,2,1.0,2.0,True,False,False,True,False,False,False,0
29.0,5.0,56.0,1.0,8,1.0,2.0,True,False,False,False,False,True,False,0
91.0,4.0,36.0,3.0,1,1.0,2.0,False,False,False,False,False,True,False,0
32.0,5.0,35.0,1.0,3,1.0,2.0,False,False,False,False,False,True,False,0
44.0,5.0,18.0,1.0,1,1.0,2.0,True,False,False,True,False,False,False,0
7.0,5.0,36.0,4.0,3,1.0,1.0,True,False,False,False,False,False,False,0
92.0,4.0,36.0,3.0,1,1.0,2.0,True,False,True,False,False,False,False,0
60.0,4.0,36.0,3.0,3,1.0,2.0,True,False,False,False,False,True,False,0
63.0,2.0,36.0,3.0,4,1.0,2.0,False,False,False,False,False,True,False,0
46.0,2.0,60.0,1.0,1,1.0,2.0,False,False,False,True,False,False,False,0
44.0,2.0,36.0,3.0,2,1.0,2.0,True,False,False,True,False,False,False,0
18.0,5.0,36.0,3.0,3,1.0,1.0,True,False,True,False,False,False,False,0
65.0,3.0,36.0,3.0,1,1.0,2.0,True,True,False,False,False,False,False,0
23.0,5.0,12.0,1.0,5,1.0,2.0,True,False,True,False,False,False,False,0
21.0,5.0,30.0,1.0,5,1.0,2.0,False,True,False,False,False,False,False,0
18.0,5.0,56.0,1.0,3,1.0,2.0,False,False,False,True,False,False,False,0
9.0,5.0,36.0,4.0,3,1.0,1.0,False,False,False,False,False,False,False,0
65.0,5.0,36.0,3.0,1,1.0,2.0,True,False,False,False,True,False,False,0
21.0,5.0,36.0,3.0,1,1.0,1.0,True,False,False,False,True,False,False,0
70.0,2.0,36.0,3.0,1,1.0,2.0,False,False,False,True,False,False,False,0
66.0,2.0,36.0,3.0,2,1.0,2.0,True,True,False,False,False,False,False,0
32.0,1.0,40.0,1.0,3,1.0,2.0,False,False,False,True,False,False,False,0
33.0,1.0,36.0,3.0,4,1.0,2.0,True,False,False,True,False,False,False,0
10.0,5.0,36.0,3.0,5,1.0,1.0,True,False,False,False,False,False,False,0
9.0,5.0,36.0,4.0,5,1.0,1.0,True,False,False,False,False,False,False,0
74.0,2.0,36.0,3.0,1,1.0,2.0,True,False,False,False,True,False,False,0
40.0,5.0,36.0,2.0,3,1.0,2.0,True,False,False,True,False,False,False,0
21.0,5.0,36.0,3.0,5,1.0,2.0,False,False,False,True,False,False,False,0
82.0,4.0,36.0,3.0,1,1.0,2.0,True,True,False,False,False,False,False,0
15.0,5.0,36.0,3.0,3,1.0,1.0,True,False,True,False,False,False,False,0
34.0,5.0,36.0,4.0,5,3.0,2.0,False,False,False,False,False,False,True,0
39.0,2.0,20.0,1.0,1,1.0,2.0,True,False,False,False,True,False,False,0
38.0,2.0,44.0,1.0,2,1.0,2.0,False,False,True,False,False,False,False,0
66.0,4.0,36.0,3.0,1,1.0,2.0,True,False,False,True,False,False,False,0
41.0,5.0,30.0,1.0,3,1.0,2.0,False,False,False,False,True,False,False,0
68.0,4.0,36.0,1.0,1,1.0,2.0,True,True,False,False,False,False,False,0
20.0,5.0,63.0,1.0,5,1.0,1.0,False,False,True,False,False,False,False,0
47.0,5.0,0.0,1.0,3,1.0,2.0,True,False,False,False,False,True,False,0
23.0,5.0,55.0,1.0,3,1.0,1.0,True,False,False,False,True,False,False,0
34.0,5.0,36.0,3.0,1,1.0,2.0,False,False,False,True,False,False,False,0
30.0,5.0,36.0,3.0,8,1.0,2.0,False,False,False,True,False,False,False,0
17.0,5.0,36.0,3.0,3,1.0,1.0,True,False,True,False,False,False,False,0
49.0,3.0,40.0,1.0,1,1.0,2.0,True,False,False,False,False,True,False,0
22.0,5.0,48.0,1.0,3,1.0,2.0,False,False,True,False,False,False,False,0
85.0,4.0,36.0,3.0,1,1.0,2.0,True,False,False,True,False,False,False,0
56.0,5.0,36.0,3.0,3,1.0,2.0,True,False,False,True,False,False,False,0
63.0,2.0,45.0,1.0,1,1.0,2.0,False,False,False,False,True,False,False,0
63.0,2.0,36.0,3.0,2,1.0,2.0,True,False,False,False,True,False,False,0
59.0,3.0,25.0,1.0,1,1.0,2.0,True,False,False,False,False,True,False,0
27.0,5.0,40.0,1.0,3,1.0,2.0,False,False,False,True,False,False,False,0
58.0,2.0,36.0,1.0,1,1.0,2.0,False,False,True,False,False,False,False,0
56.0,2.0,36.0,3.0,2,1.0,2.0,True,False,False,True,False,False,False,0
27.0,5.0,36.0,3.0,3,1.0,2.0,False,False,False,False,False,True,False,0
67.0,3.0,36.0,3.0,1,1.0,2.0,True,False,False,False,False,True,False,0
54.0,3.0,25.0,1.0,1,1.0,2.0,True,True,False,False,False,False,False,0
28.0,5.0,42.0,1.0,3,1.0,2.0,False,False,False,False,True,False,False,0
25.0,5.0,3.0,1.0,3,1.0,1.0,True,False,True,False,False,False,False,0
54.0,1.0,70.0,1.0,1,1.0,2.0,True,False,False,True,False,False,False,0
48.0,1.0,70.0,1.0,2,1.0,2.0,False,False,True,False,False,False,False,0
33.0,2.0,72.0,1.0,1,1.0,2.0,False,False,False,True,False,False,False,0
27.0,2.0,36.0,3.0,2,1.0,2.0,True,False,False,True,False,False,False,0
3.0,5.0,36.0,4.0,3,2.0,1.0,True,False,False,False,False,False,True,0
4.0,5.0,36.0,4.0,3,2.0,1.0,False,False,False,False,False,False,True,0
62.0,3.0,36.0,3.0,6,1.0,2.0,False,True,False,False,False,False,False,0
29.0,2.0,36.0,3.0,1,1.0,2.0,True,False,True,False,False,False,False,0
31.0,2.0,36.0,1.0,2,1.0,2.0,False,False,False,True,False,False,False,0
9.0,5.0,36.0,4.0,3,1.0,1.0,False,False,False,False,False,False,False,0
31.0,1.0,40.0,1.0,1,1.0,2.0,True,False,False,False,False,True,False,0
32.0,1.0,48.0,1.0,2,1.0,2.0,False,False,False,True,False,False,False,0
13.0,5.0,36.0,3.0,3,1.0,1.0,True,False,True,False,False,False,False,0
5.0,5.0,36.0,4.0,3,2.0,1.0,True,False,False,False,False,False,True,0
50.0,2.0,30.0,1.0,1,1.0,2.0,False,False,False,False,True,False,False,0
50.0,2.0,48.0,1.0,2,1.0,2.0,True,False,False,False,False,True,False,0
24.0,5.0,36.0,1.0,3,1.0,2.0,False,False,False,False,True,False,False,0
19.0,5.0,36.0,3.0,3,1.0,1.0,True,False,False,False,True,False,False,0
56.0,5.0,32.0,1.0,1,1.0,2.0,True,False,False,True,False,False,False,0
33.0,5.0,30.0,1.0,3,1.0,2.0,True,False,False,True,False,False,False,0
27.0,5.0,30.0,1.0,3,1.0,2.0,False,False,False,True,False,False,False,0
62.0,3.0,16.0,1.0,1,1.0,2.0,True,False,False,True,False,False,False,0
34.0,5.0,48.0,1.0,3,1.0,2.0,False,False,True,False,False,False,False,0
70.0,2.0,36.0,3.0,1,1.0,2.0,False,False,False,False,False,True,False,0
65.0,2.0,36.0,3.0,2,1.0,2.0,True,False,False,False,False,True,False,0
65.0,5.0,36.0,3.0,1,1.0,2.0,True,False,True,False,False,False,False,0
94.0,4.0,36.0,3.0,1,1.0,2.0,True,True,False,False,False,False,False,0
29.0,1.0,40.0,1.0,5,1.0,2.0,False,False,False,False,False,True,False,0
23.0,1.0,36.0,3.0,5,1.0,1.0,True,False,False,False,True,False,False,0
24.0,1.0,72.0,1.0,1,1.0,2.0,False,False,False,True,False,False,False,0
21.0,1.0,18.0,1.0,2,1.0,2.0,True,False,True,False,False,False,False,0
50.0,1.0,30.0,1.0,1,1.0,2.0,True,False,False,False,False,True,False,0
56.0,1.0,36.0,3.0,2,1.0,2.0,False,True,False,False,False,False,False,0
28.0,5.0,36.0,3.0,3,1.0,1.0,True,False,False,False,True,False,False,0
51.0,1.0,48.0,1.0,1,1.0,2.0,False,False,False,True,False,False,False,0
45.0,1.0,72.0,1.0,2,1.0,2.0,True,False,False,True,False,False,False,0
7.0,5.0,36.0,4.0,3,1.0,1.0,False,False,False,False,False,False,False,0
3.0,5.0,36.0,4.0,3,2.0,3.0,False,False,False,False,False,False,True,0
67.0,4.0,36.0,3.0,1,1.0,2.0,False,False,True,False,False,False,False,0
49.0,5.0,54.0,1.0,3,1.0,2.0,False,False,False,True,False,False,False,0
63.0,1.0,36.0,3.0,1,1.0,2.0,False,False,True,False,False,False,False,0
50.0,1.0,36.0,3.0,2,1.0,2.0,True,False,False,True,False,False,False,0
19.0,5.0,36.0,3.0,3,1.0,1.0,True,False,False,False,True,False,False,0
15.0,5.0,36.0,3.0,3,1.0,1.0,False,False,True,False,False,False,False,0
12.0,5.0,36.0,3.0,3,1.0,1.0,False,False,True,False,False,False,False,0
28.0,5.0,20.0,1.0,1,1.0,2.0,True,False,False,False,True,False,False,0
10.0,5.0,36.0,3.0,3,1.0,1.0,True,False,False,False,False,False,False,0
73.0,2.0,36.0,3.0,1,1.0,2.0,True,False,True,False,False,False,False,0
73.0,2.0,36.0,3.0,2,1.0,2.0,False,False,False,False,False,True,False,0
42.0,5.0,40.0,1.0,3,1.0,2.0,True,False,False,False,False,True,False,0
38.0,5.0,15.0,1.0,1,1.0,2.0,True,False,False,True,False,False,False,0
57.0,5.0,40.0,1.0,1,1.0,2.0,False,False,False,False,False,True,False,0
50.0,2.0,45.0,1.0,1,1.0,2.0,False,True,False,False,False,False,False,0
48.0,2.0,36.0,3.0,2,1.0,2.0,True,False,True,False,False,False,False,0
29.0,1.0,48.0,1.0,3,1.0,2.0,False,False,True,False,False,False,False,0
24.0,5.0,36.0,2.0,3,1.0,2.0,True,False,False,True,False,False,False,0
23.0,5.0,70.0,1.0,3,1.0,2.0,False,False,False,True,False,False,False,0
25.0,1.0,36.0,3.0,4,1.0,2.0,True,True,False,False,False,False,False,0
4.0,5.0,36.0,4.0,5,2.0,3.0,False,False,False,False,False,False,True,0
80.0,4.0,36.0,3.0,1,1.0,2.0,True,True,False,False,False,False,False,0
58.0,5.0,36.0,2.0,3,1.0,2.0,False,False,False,False,False,False,False,0
52.0,3.0,50.0,1.0,3,1.0,2.0,False,False,False,True,False,False,False,0
23.0,5.0,40.0,1.0,3,1.0,1.0,True,False,True,False,False,False,False,0
19.0,5.0,18.0,1.0,3,1.0,2.0,True,False,False,True,False,False,False,0
34.0,1.0,25.0,1.0,1,1.0,2.0,True,False,False,False,False,True,False,0
70.0,3.0,36.0,3.0,1,1.0,2.0,False,False,True,False,False,False,False,0
66.0,3.0,36.0,3.0,10,1.0,2.0,True,False,False,False,False,True,False,0
69.0,2.0,36.0,3.0,1,1.0,2.0,False,False,False,False,False,True,False,0
59.0,2.0,36.0,3.0,2,1.0,1.0,True,False,True,False,False,False,False,0
20.0,5.0,21.0,1.0,3,1.0,1.0,True,False,False,False,True,False,False,0
79.0,4.0,36.0,3.0,1,1.0,2.0,True,True,False,False,False,False,False,0
50.0,3.0,21.0,1.0,1,1.0,2.0,True,False,False,False,False,True,False,0
24.0,5.0,40.0,1.0,3,1.0,1.0,False,False,False,False,True,False,False,0
37.0,1.0,36.0,3.0,1,1.0,2.0,True,False,True,False,False,False,False,0
38.0,1.0,40.0,1.0,2,1.0,2.0,False,False,False,True,False,False,False,0
65.0,4.0,36.0,3.0,6,1.0,2.0,True,True,False,False,False,False,False,0
20.0,5.0,30.0,1.0,3,1.0,2.0,False,False,False,True,False,False,False,0
19.0,5.0,28.0,1.0,3,1.0,2.0,False,False,False,True,False,False,False,0
16.0,5.0,36.0,3.0,3,1.0,1.0,False,False,True,False,False,False,False,0
12.0,5.0,36.0,3.0,3,1.0,1.0,False,False,True,False,False,False,False,0
9.0,5.0,36.0,4.0,3,1.0,1.0,True,False,False,False,False,False,False,0
4.0,5.0,36.0,4.0,3,2.0,1.0,False,False,False,False,False,False,True,0
95.0,2.0,36.0,3.0,1,1.0,2.0,False,False,False,False,True,False,False,0
84.0,2.0,36.0,3.0,2,1.0,2.0,True,True,False,False,False,False,False,0
44.0,2.0,60.0,1.0,1,1.0,2.0,False,False,False,False,False,True,False,0
44.0,2.0,36.0,3.0,2,1.0,2.0,True,False,False,False,False,True,False,0
63.0,3.0,36.0,3.0,1,1.0,2.0,True,False,False,False,False,True,False,0
32.0,5.0,25.0,1.0,3,1.0,2.0,False,False,False,False,False,True,False,0
35.0,5.0,25.0,1.0,3,1.0,2.0,False,False,False,False,False,True,False,0
61.0,1.0,36.0,3.0,1,1.0,2.0,True,False,False,True,False,False,False,0
56.0,1.0,36.0,3.0,2,1.0,2.0,False,False,False,True,False,False,False,0
37.0,5.0,0.0,1.0,3,1.0,2.0,True,False,False,False,False,True,False,0
40.0,5.0,0.0,1.0,1,1.0,2.0,True,False,False,False,False,True,False,0
74.0,4.0,36.0,3.0,6,1.0,2.0,True,True,False,False,False,False,False,0
54.0,2.0,40.0,1.0,1,1.0,2.0,True,False,False,True,False,False,False,0
52.0,2.0,40.0,1.0,2,1.0,2.0,False,False,False,True,False,False,False,0
36.0,1.0,30.0,1.0,2,1.0,2.0,False,False,True,False,False,False,False,0
5.0,5.0,36.0,4.0,3,2.0,1.0,False,False,False,False,False,False,False,0
46.0,2.0,40.0,1.0,1,1.0,2.0,True,False,False,False,False,True,False,0
42.0,2.0,44.0,1.0,2,1.0,2.0,False,False,False,False,False,True,False,0
23.0,5.0,42.0,1.0,3,1.0,2.0,False,False,False,True,False,False,False,0
9.0,5.0,36.0,4.0,3,1.0,1.0,True,False,False,False,False,False,False,0
15.0,5.0,36.0,3.0,3,1.0,1.0,True,False,True,False,False,False,False,0
14.0,5.0,36.0,3.0,3,1.0,1.0,False,False,True,False,False,False,False,0
37.0,1.0,36.0,3.0,1,1.0,2.0,True,True,False,False,False,False,False,0
45.0,1.0,32.0,1.0,2,1.0,2.0,False,False,True,False,False,False,False,0
17.0,5.0,36.0,3.0,3,1.0,1.0,True,False,False,False,True,False,False,0
13.0,5.0,36.0,3.0,3,1.0,1.0,True,False,True,False,False,False,False,0
10.0,5.0,36.0,3.0,3,1.0,1.0,False,False,False,False,False,False,False,0
8.0,5.0,36.0,4.0,3,1.0,1.0,False,False,False,False,False,False,False,0
68.0,1.0,36.0,3.0,1,1.0,2.0,True,False,False,True,False,False,False,0
70.0,1.0,13.0,1.0,2,1.0,2.0,False,False,False,True,False,False,False,0
58.0,2.0,30.0,1.0,1,1.0,2.0,False,False,False,False,False,True,False,0
52.0,2.0,20.0,1.0,2,1.0,2.0,True,False,False,False,True,False,False,0
25.0,5.0,8.0,1.0,3,1.0,2.0,True,False,False,False,False,True,False,0
15.0,5.0,36.0,3.0,3,1.0,1.0,False,False,True,False,False,False,False,0
81.0,4.0,20.0,1.0,1,1.0,2.0,False,True,False,False,False,False,False,0
47.0,1.0,0.0,1.0,1,1.0,2.0,True,False,False,True,False,False,False,0
53.0,1.0,48.0,1.0,2,1.0,2.0,False,False,False,True,False,False,False,0
24.0,5.0,36.0,3.0,3,1.0,1.0,False,False,False,False,True,False,False,0
10.0,5.0,36.0,3.0,3,1.0,1.0,True,False,False,False,False,False,False,0
4.0,5.0,36.0,4.0,3,2.0,1.0,True,False,False,False,False,False,True,0
36.0,1.0,50.0,1.0,1,1.0,2.0,False,False,False,False,True,False,False,0
31.0,1.0,36.0,3.0,2,1.0,2.0,True,False,False,True,False,False,False,0
15.0,5.0,36.0,3.0,3,1.0,1.0,False,False,True,False,False,False,False,0
63.0,2.0,36.0,3.0,1,1.0,2.0,False,False,True,False,False,False,False,0
61.0,2.0,60.0,1.0,2,1.0,2.0,False,True,False,False,False,False,False,0
17.0,1.0,36.0,3.0,3,1.0,1.0,False,False,True,False,False,False,False,0
20.0,5.0,36.0,3.0,3,1.0,2.0,True,False,True,False,False,False,False,0
25.0,5.0,40.0,1.0,3,1.0,2.0,False,False,True,False,False,False,False,0
23.0,5.0,36.0,3.0,3,1.0,2.0,True,False,True,False,False,False,False,0
5.0,5.0,36.0,4.0,5,2.0,1.0,True,False,False,False,False,False,False,0
18.0,5.0,36.0,3.0,4,1.0,1.0,True,False,True,False,False,False,False,0
36.0,2.0,27.0,1.0,1,1.0,2.0,True,False,False,False,False,True,False,0
35.0,2.0,25.0,1.0,2,1.0,2.0,False,False,False,False,True,False,False,0
4.0,5.0,36.0,4.0,3,2.0,1.0,True,False,False,False,False,False,True,0
6.0,5.0,36.0,4.0,3,1.0,1.0,False,False,False,False,False,False,False,0
43.0,1.0,40.0,1.0,1,1.0,2.0,False,True,False,False,False,False,False,0
43.0,1.0,40.0,1.0,2,1.0,2.0,True,False,False,True,False,False,False,0
13.0,5.0,36.0,3.0,3,1.0,1.0,False,False,True,False,False,False,False,0
61.0,2.0,56.0,1.0,1,1.0,2.0,False,False,False,False,False,True,False,0
62.0,2.0,36.0,3.0,2,1.0,2.0,True,False,False,False,False,True,False,0
51.0,5.0,20.0,1.0,1,1.0,2.0,True,False,False,False,False,True,False,0
79.0,2.0,36.0,3.0,1,1.0,2.0,True,False,True,False,False,False,False,0
80.0,2.0,36.0,3.0,2,1.0,2.0,False,False,False,True,False,False,False,0
63.0,5.0,36.0,3.0,1,1.0,2.0,True,True,False,False,False,False,False,0
25.0,5.0,16.0,1.0,3,1.0,1.0,False,False,False,False,True,False,False,0
23.0,5.0,12.0,1.0,3,1.0,1.0,True,False,False,False,True,False,False,0
45.0,2.0,32.0,1.0,1,1.0,2.0,False,True,False,False,False,False,False,0
45.0,2.0,36.0,3.0,2,1.0,2.0,True,False,False,False,False,False,False,0
23.0,5.0,36.0,3.0,3,1.0,2.0,False,False,False,True,False,False,False,0
14.0,5.0,36.0,3.0,3,1.0,2.0,False,False,True,False,False,False,False,0
97.0,4.0,36.0,3.0,7,1.0,2.0,False,False,False,False,False,False,False,0
69.0,2.0,36.0,3.0,1,1.0,2.0,False,True,False,False,False,False,False,0
65.0,2.0,36.0,3.0,2,1.0,2.0,True,True,False,False,False,False,False,0
29.0,5.0,24.0,1.0,3,1.0,2.0,False,False,False,True,False,False,False,0
37.0,5.0,36.0,3.0,3,1.0,2.0,True,False,False,True,False,False,False,0
53.0,1.0,48.0,1.0,1,1.0,2.0,False,False,False,True,False,False,False,0
50.0,1.0,24.0,1.0,2,1.0,2.0,True,False,False,False,False,True,False,0
18.0,5.0,36.0,3.0,3,1.0,1.0,False,False,False,False,True,False,False,0
89.0,4.0,36.0,3.0,1,1.0,2.0,True,False,False,False,False,True,False,0
65.0,3.0,40.0,1.0,3,1.0,2.0,False,False,False,True,False,False,False,0
55.0,4.0,0.0,1.0,1,1.0,2.0,False,False,False,False,False,True,False,0
26.0,5.0,48.0,1.0,3,1.0,1.0,True,False,False,False,True,False,False,0
49.0,1.0,48.0,1.0,1,1.0,2.0,False,False,False,True,False,False,False,0
49.0,1.0,48.0,1.0,2,1.0,2.0,True,False,False,True,False,False,False,0
19.0,5.0,36.0,3.0,3,1.0,1.0,True,False,False,False,True,False,False,0
14.0,5.0,36.0,3.0,3,1.0,1.0,False,False,True,False,False,False,False,0
50.0,2.0,40.0,1.0,1,1.0,2.0,False,False,False,True,False,False,False,0
39.0,5.0,36.0,3.0,1,1.0,2.0,False,False,False,True,False,False,False,0
69.0,4.0,36.0,3.0,1,1.0,2.0,True,False,False,False,False,False,False,0
41.0,3.0,36.0,2.0,3,2.0,2.0,False,False,False,False,False,False,False,0
38.0,5.0,24.0,1.0,3,1.0,2.0,True,False,False,False,False,True,False,0
16.0,5.0,36.0,3.0,5,1.0,1.0,True,False,True,False,False,False,False,0
14.0,5.0,36.0,3.0,5,1.0,1.0,True,False,True,False,False,False,False,0
13.0,5.0,36.0,3.0,5,1.0,1.0,False,False,True,False,False,False,False,0
26.0,5.0,40.0,1.0,1,1.0,2.0,True,False,False,True,False,False,False,0
31.0,5.0,84.0,1.0,8,1.0,2.0,False,False,True,False,False,False,False,0
26.0,5.0,0.0,1.0,1,1.0,1.0,False,False,False,False,True,False,False,0
83.0,4.0,36.0,3.0,1,1.0,2.0,False,True,False,False,False,False,False,0
32.0,5.0,0.0,1.0,1,1.0,1.0,True,False,False,False,True,False,False,0
4.0,5.0,36.0,4.0,3,2.0,1.0,True,False,False,False,False,False,True,0
66.0,3.0,36.0,3.0,1,1.0,2.0,False,False,False,True,False,False,False,0
61.0,3.0,36.0,2.0,1,1.0,2.0,False,False,True,False,False,False,False,0
27.0,5.0,36.0,2.0,3,1.0,2.0,True,False,True,False,False,False,False,0
25.0,5.0,36.0,2.0,3,1.0,1.0,False,False,True,False,False,False,False,0
52.0,2.0,0.0,1.0,1,1.0,2.0,False,True,False,False,False,False,False,0
46.0,2.0,48.0,1.0,2,1.0,2.0,True,True,False,False,False,False,False,0
15.0,5.0,36.0,3.0,3,1.0,1.0,False,False,True,False,False,False,False,0
39.0,2.0,40.0,1.0,1,1.0,2.0,False,False,False,False,False,True,False,0
36.0,2.0,40.0,1.0,2,1.0,2.0,True,False,False,True,False,False,False,0
16.0,5.0,36.0,3.0,3,1.0,1.0,False,False,True,False,False,False,False,0
14.0,5.0,36.0,3.0,3,1.0,1.0,True,False,True,False,False,False,False,0
71.0,1.0,36.0,3.0,1,1.0,2.0,False,False,True,False,False,False,False,0
67.0,1.0,36.0,3.0,2,1.0,2.0,True,False,False,True,False,False,False,0
55.0,3.0,40.0,1.0,1,1.0,2.0,True,False,False,False,False,True,False,0
13.0,5.0,36.0,3.0,3,1.0,1.0,False,False,True,False,False,False,False,0
12.0,5.0,36.0,3.0,3,1.0,1.0,True,False,True,False,False,False,False,0
39.0,3.0,48.0,1.0,1,1.0,2.0,True,True,False,False,False,False,False,0
39.0,5.0,40.0,1.0,1,1.0,2.0,True,False,True,False,False,False,False,0
22.0,5.0,36.0,2.0,3,1.0,2.0,False,False,True,False,False,False,False,0
70.0,2.0,36.0,3.0,1,1.0,2.0,False,True,False,False,False,False,False,0
68.0,2.0,0.0,1.0,2,1.0,2.0,True,False,False,True,False,False,False,0
82.0,4.0,36.0,3.0,1,1.0,2.0,True,True,False,False,False,False,False,0
20.0,5.0,40.0,1.0,5,1.0,2.0,False,False,False,True,False,False,False,0
15.0,5.0,36.0,3.0,5,1.0,2.0,False,False,True,False,False,False,False,0
47.0,2.0,0.0,1.0,1,1.0,2.0,True,False,False,False,False,True,False,0
54.0,2.0,0.0,1.0,2,1.0,2.0,False,False,False,False,False,True,False,0
69.0,4.0,36.0,3.0,1,1.0,2.0,True,False,True,False,False,False,False,0
59.0,2.0,36.0,3.0,1,1.0,2.0,True,False,False,True,False,False,False,0
61.0,2.0,44.0,1.0,2,1.0,2.0,False,False,False,True,False,False,False,0
31.0,5.0,44.0,1.0,3,1.0,2.0,False,False,False,True,False,False,False,0
43.0,1.0,36.0,1.0,1,1.0,2.0,True,False,False,False,True,False,False,0
46.0,2.0,30.0,1.0,2,1.0,2.0,True,False,False,True,False,False,False,0
21.0,5.0,35.0,1.0,3,1.0,2.0,False,False,True,False,False,False,False,0
32.0,5.0,36.0,3.0,1,1.0,2.0,True,False,True,False,False,False,False,0
11.0,5.0,36.0,3.0,3,1.0,1.0,False,False,False,False,False,False,False,0
9.0,5.0,36.0,4.0,3,1.0,1.0,False,False,False,False,False,False,False,0
32.0,5.0,48.0,1.0,8,1.0,2.0,True,False,False,True,False,False,False,0
12.0,5.0,36.0,3.0,9,1.0,1.0,True,False,True,False,False,False,False,0
5.0,5.0,36.0,4.0,9,2.0,1.0,True,False,False,False,False,False,False,0
38.0,5.0,36.0,3.0,8,1.0,2.0,False,True,False,False,False,False,False,0
70.0,2.0,40.0,1.0,1,1.0,2.0,False,False,False,True,False,False,False,0
70.0,2.0,40.0,1.0,2,1.0,2.0,True,True,False,False,False,False,False,0
23.0,5.0,36.0,3.0,1,1.0,1.0,True,False,False,False,True,False,False,0
89.0,4.0,36.0,3.0,1,1.0,2.0,True,True,False,False,False,False,False,0
39.0,1.0,24.0,1.0,1,1.0,2.0,True,False,False,True,False,False,False,0
20.0,5.0,36.0,2.0,3,1.0,2.0,False,False,False,True,False,False,False,0
35.0,1.0,36.0,1.0,2,1.0,2.0,False,False,True,False,False,False,False,0
16.0,5.0,36.0,3.0,3,1.0,2.0,False,False,True,False,False,False,False,0
13.0,5.0,36.0,3.0,3,1.0,1.0,False,False,True,False,False,False,False,0
57.0,1.0,54.0,1.0,1,1.0,2.0,False,False,True,False,False,False,False,0
37.0,1.0,54.0,1.0,2,1.0,2.0,True,False,False,True,False,False,False,0
19.0,5.0,12.0,1.0,3,1.0,1.0,False,False,False,False,True,False,False,0
13.0,5.0,36.0,3.0,3,1.0,1.0,False,False,True,False,False,False,False,0
9.0,5.0,36.0,4.0,3,1.0,1.0,False,False,False,False,False,False,False,0
52.0,2.0,28.0,1.0,1,1.0,2.0,False,False,True,False,False,False,False,0
43.0,2.0,0.0,1.0,2,1.0,2.0,True,False,False,True,False,False,False,0
22.0,5.0,40.0,1.0,3,1.0,2.0,False,False,False,True,False,False,False,0
15.0,5.0,36.0,3.0,3,1.0,1.0,False,False,True,False,False,False,False,0
73.0,3.0,36.0,3.0,1,1.0,2.0,True,True,False,False,False,False,False,0
41.0,5.0,0.0,1.0,3,1.0,2.0,False,False,False,False,False,True,False,0
48.0,3.0,40.0,1.0,1,1.0,2.0,True,False,False,True,False,False,False,0
27.0,5.0,24.0,1.0,3,1.0,2.0,False,False,False,True,False,False,False,0
23.0,5.0,36.0,3.0,3,1.0,1.0,False,False,False,False,True,False,False,0
25.0,5.0,40.0,1.0,3,1.0,2.0,True,False,False,True,False,False,False,0
12.0,5.0,36.0,3.0,3,1.0,1.0,False,False,False,False,False,False,False,0
61.0,3.0,36.0,3.0,1,1.0,2.0,True,True,False,False,False,False,False,0
36.0,3.0,63.0,1.0,3,1.0,2.0,False,True,False,False,False,False,False,0
28.0,5.0,48.0,1.0,3,1.0,2.0,False,True,False,False,False,False,False,0
16.0,5.0,36.0,3.0,5,1.0,1.0,False,False,True,False,False,False,False,0
26.0,5.0,21.0,1.0,5,1.0,2.0,False,False,False,False,True,False,False,0
49.0,2.0,60.0,1.0,1,1.0,2.0,False,True,False,False,False,False,False,0
49.0,2.0,36.0,3.0,2,1.0,2.0,True,True,False,False,False,False,False,0
30.0,5.0,36.0,3.0,3,1.0,2.0,True,False,False,True,False,False,False,0
25.0,5.0,60.0,1.0,3,1.0,2.0,False,False,False,True,False,False,False,0
15.0,5.0,36.0,3.0,5,1.0,1.0,False,False,True,False,False,False,False,0
14.0,5.0,36.0,3.0,5,1.0,1.0,True,False,True,False,False,False,False,0
12.0,5.0,36.0,3.0,5,1.0,1.0,True,False,True,False,False,False,False,0
9.0,5.0,36.0,4.0,5,1.0,1.0,False,False,False,False,False,False,False,0
3.0,5.0,36.0,4.0,5,2.0,1.0,False,False,False,False,False,False,True,0
7.0,5.0,36.0,4.0,5,1.0,1.0,False,False,False,False,False,False,False,0
63.0,1.0,36.0,3.0,1,1.0,1.0,True,False,True,False,False,False,False,0
19.0,5.0,36.0,3.0,3,1.0,2.0,True,False,False,True,False,False,False,0
18.0,5.0,36.0,3.0,3,1.0,2.0,True,False,False,True,False,False,False,0
3.0,5.0,36.0,4.0,3,2.0,3.0,False,False,False,False,False,False,True,0
24.0,5.0,36.0,3.0,3,1.0,2.0,True,False,False,True,False,False,False,0
20.0,5.0,36.0,3.0,1,1.0,1.0,True,False,False,False,True,False,False,0
42.0,1.0,24.0,1.0,2,1.0,2.0,False,False,False,False,False,True,False,0
10.0,5.0,36.0,3.0,3,1.0,1.0,False,False,False,False,False,False,False,0
4.0,5.0,36.0,4.0,3,1.0,1.0,True,False,False,False,False,False,True,0
43.0,1.0,45.0,1.0,1,1.0,2.0,False,False,False,True,False,False,False,0
39.0,1.0,20.0,1.0,2,1.0,2.0,True,False,False,True,False,False,False,0
1.0,5.0,36.0,4.0,3,3.0,2.0,True,False,False,False,False,False,True,0
70.0,4.0,36.0,3.0,1,1.0,2.0,True,False,False,True,False,False,False,0
47.0,2.0,0.0,1.0,1,1.0,2.0,True,False,False,False,False,True,False,0
47.0,2.0,0.0,1.0,2,1.0,2.0,False,False,False,False,False,True,False,0
13.0,5.0,36.0,3.0,3,1.0,1.0,False,False,True,False,False,False,False,0
9.0,5.0,36.0,4.0,3,1.0,1.0,False,False,False,False,False,False,False,0
63.0,4.0,36.0,3.0,1,1.0,2.0,False,False,True,False,False,False,False,0
34.0,5.0,40.0,1.0,3,1.0,2.0,True,False,False,False,False,True,False,0
30.0,5.0,0.0,1.0,3,1.0,2.0,True,False,False,False,False,True,False,0
61.0,4.0,32.0,1.0,1,1.0,2.0,False,False,False,False,True,False,False,0
62.0,3.0,28.0,1.0,2,1.0,2.0,True,False,False,False,False,True,False,0
22.0,5.0,40.0,1.0,3,1.0,1.0,True,False,False,False,True,False,False,0
71.0,2.0,24.0,1.0,1,1.0,2.0,True,False,False,True,False,False,False,0
75.0,2.0,24.0,1.0,2,1.0,2.0,False,False,False,True,False,False,False,0
58.0,5.0,40.0,1.0,1,1.0,2.0,False,False,False,True,False,False,False,0
70.0,1.0,36.0,3.0,1,1.0,2.0,True,True,False,False,False,False,False,0
71.0,1.0,36.0,3.0,2,1.0,2.0,False,True,False,False,False,False,False,0
45.0,1.0,36.0,3.0,3,1.0,2.0,False,False,True,False,False,False,False,0
60.0,1.0,36.0,1.0,1,1.0,2.0,False,False,False,True,False,False,False,0
45.0,1.0,18.0,1.0,2,1.0,2.0,True,False,False,False,False,True,False,0
30.0,2.0,44.0,1.0,1,1.0,2.0,False,False,False,False,False,True,False,0
30.0,2.0,40.0,1.0,2,1.0,2.0,True,False,False,False,False,True,False,0
59.0,3.0,36.0,3.0,1,1.0,1.0,False,False,False,False,True,False,False,0
14.0,5.0,36.0,3.0,5,1.0,1.0,False,False,True,False,False,False,False,0
11.0,5.0,36.0,3.0,5,1.0,1.0,False,False,False,False,False,False,False,0
87.0,4.0,36.0,3.0,1,1.0,2.0,True,True,False,False,False,False,False,0
59.0,3.0,6.0,1.0,3,1.0,2.0,True,False,False,True,False,False,False,0
46.0,1.0,48.0,1.0,2,1.0,2.0,False,False,False,True,False,False,False,0
37.0,5.0,40.0,1.0,3,1.0,2.0,False,False,False,True,False,False,False,0
27.0,5.0,36.0,3.0,3,1.0,2.0,True,False,False,True,False,False,False,0
1.0,5.0,36.0,4.0,5,3.0,2.0,False,False,False,False,False,False,True,0
77.0,2.0,36.0,3.0,1,1.0,2.0,False,False,False,False,False,True,False,0
69.0,2.0,36.0,3.0,2,1.0,2.0,True,False,False,False,True,False,False,0
60.0,2.0,36.0,3.0,1,1.0,2.0,True,False,False,False,False,True,False,0
65.0,2.0,30.0,1.0,2,1.0,2.0,False,False,False,True,False,False,False,0
39.0,2.0,36.0,2.0,1,1.0,2.0,True,False,False,False,False,True,False,0
45.0,2.0,44.0,1.0,2,1.0,2.0,False,False,False,True,False,False,False,0
10.0,5.0,36.0,3.0,3,1.0,1.0,True,False,False,False,False,False,False,0
14.0,5.0,36.0,3.0,3,1.0,1.0,True,False,True,False,False,False,False,0
72.0,2.0,36.0,3.0,1,1.0,2.0,False,False,False,False,False,False,False,0
44.0,1.0,60.0,1.0,3,1.0,2.0,False,False,False,True,False,False,False,0
39.0,1.0,36.0,3.0,4,1.0,2.0,True,False,True,False,False,False,False,0
23.0,5.0,36.0,2.0,5,1.0,2.0,False,False,True,False,False,False,False,0
20.0,5.0,36.0,3.0,5,1.0,1.0,False,False,False,False,False,False,False,0
70.0,2.0,36.0,3.0,2,2.0,3.0,True,False,False,False,False,False,True,0
34.0,1.0,48.0,1.0,1,1.0,2.0,True,False,False,False,False,True,False,0
41.0,1.0,48.0,1.0,2,1.0,2.0,False,False,False,True,False,False,False,0
69.0,5.0,36.0,3.0,6,1.0,2.0,True,False,False,False,False,True,False,0
52.0,1.0,30.0,1.0,2,1.0,2.0,True,False,False,True,False,False,False,0
18.0,5.0,36.0,3.0,3,1.0,1.0,False,False,True,False,False,False,False,0
50.0,1.0,20.0,1.0,1,1.0,2.0,False,False,False,False,False,True,False,0
72.0,2.0,25.0,1.0,1,1.0,2.0,False,False,False,False,False,True,False,0
64.0,2.0,36.0,3.0,2,1.0,2.0,True,False,False,False,False,True,False,0
27.0,5.0,70.0,1.0,3,1.0,1.0,False,False,False,False,True,False,False,0
60.0,2.0,40.0,1.0,1,1.0,2.0,False,True,False,False,False,False,False,0
64.0,2.0,36.0,3.0,2,1.0,2.0,True,True,False,False,False,False,False,0
32.0,5.0,40.0,1.0,3,1.0,1.0,True,False,False,False,True,False,False,0
96.0,4.0,36.0,3.0,1,1.0,2.0,True,False,False,False,False,True,False,0
58.0,2.0,36.0,3.0,1,1.0,2.0,False,False,False,False,False,True,False,0
56.0,2.0,36.0,3.0,2,1.0,2.0,True,False,False,True,False,False,False,0
24.0,5.0,56.0,1.0,3,1.0,2.0,False,False,False,True,False,False,False,0
22.0,5.0,40.0,1.0,3,1.0,1.0,True,False,True,False,False,False,False,0
14.0,5.0,36.0,3.0,3,1.0,1.0,False,False,True,False,False,False,False,0
12.0,5.0,36.0,3.0,3,1.0,1.0,False,False,True,False,False,False,False,0
33.0,5.0,48.0,1.0,1,1.0,2.0,True,False,False,False,False,True,False,0
53.0,4.0,40.0,1.0,6,1.0,2.0,True,False,False,True,False,False,False,0
8.0,5.0,36.0,4.0,3,1.0,1.0,False,False,False,False,False,False,False,0
15.0,5.0,36.0,3.0,8,1.0,1.0,True,False,True,False,False,False,False,0
47.0,2.0,40.0,1.0,1,1.0,2.0,True,False,True,False,False,False,False,0
53.0,2.0,2.0,1.0,2,1.0,2.0,False,True,False,False,False,False,False,0
23.0,5.0,24.0,1.0,3,1.0,2.0,False,False,False,True,False,False,False,0
18.0,5.0,15.0,1.0,3,1.0,2.0,False,False,False,True,False,False,False,0
62.0,3.0,36.0,3.0,1,1.0,2.0,True,True,False,False,False,False,False,0
41.0,5.0,50.0,1.0,1,1.0,2.0,True,False,False,False,False,True,False,0
40.0,5.0,36.0,3.0,10,1.0,2.0,True,False,False,False,False,True,False,0
56.0,2.0,40.0,1.0,1,1.0,2.0,False,False,True,False,False,False,False,0
76.0,4.0,36.0,3.0,1,1.0,2.0,True,False,False,False,False,False,False,0
57.0,3.0,40.0,1.0,3,1.0,2.0,False,True,False,False,False,False,False,0
50.0,3.0,36.0,3.0,3,1.0,2.0,False,False,True,False,False,False,False,0
52.0,3.0,45.0,1.0,3,1.0,2.0,False,False,False,False,False,False,False,0
12.0,5.0,36.0,3.0,5,1.0,1.0,False,False,False,False,False,False,False,0
10.0,5.0,36.0,3.0,5,1.0,1.0,False,False,False,False,False,False,False,0
16.0,5.0,36.0,3.0,5,1.0,2.0,True,True,False,False,False,False,False,0
47.0,1.0,36.0,1.0,1,1.0,2.0,False,False,True,False,False,False,False,0
43.0,1.0,84.0,1.0,2,1.0,2.0,True,True,False,False,False,False,False,0
12.0,5.0,36.0,3.0,3,1.0,1.0,False,False,True,False,False,False,False,0
22.0,1.0,36.0,2.0,3,1.0,2.0,True,False,False,True,False,False,False,0
35.0,1.0,36.0,2.0,4,1.0,2.0,False,False,True,False,False,False,False,0
65.0,2.0,36.0,3.0,1,1.0,2.0,False,False,False,True,False,False,False,0
57.0,2.0,36.0,3.0,2,1.0,2.0,True,True,False,False,False,False,False,0
37.0,5.0,40.0,1.0,3,1.0,2.0,False,False,False,False,False,True,False,0
51.0,2.0,0.0,1.0,1,1.0,2.0,True,False,False,False,False,True,False,0
51.0,2.0,48.0,1.0,2,1.0,2.0,False,False,False,True,False,False,False,0
22.0,5.0,36.0,3.0,3,1.0,1.0,False,False,False,False,True,False,False,0
65.0,4.0,36.0,3.0,1,1.0,2.0,True,True,False,False,False,False,False,0
37.0,3.0,40.0,1.0,3,1.0,2.0,False,False,True,False,False,False,False,0
36.0,3.0,40.0,1.0,3,1.0,2.0,False,False,True,False,False,False,False,0
35.0,1.0,35.0,1.0,1,1.0,2.0,False,False,True,False,False,False,False,0
99.0,1.0,36.0,1.0,2,1.0,2.0,True,False,False,True,False,False,False,0
9.0,5.0,36.0,4.0,3,1.0,1.0,False,False,False,False,False,False,False,0
51.0,1.0,36.0,1.0,1,1.0,2.0,False,True,False,False,False,False,False,0
44.0,1.0,48.0,1.0,2,1.0,2.0,True,False,False,True,False,False,False,0
35.0,1.0,25.0,1.0,1,1.0,2.0,False,False,False,False,False,True,False,0
36.0,1.0,25.0,1.0,2,1.0,2.0,True,False,False,False,False,True,False,0
49.0,2.0,36.0,3.0,2,1.0,2.0,True,False,False,True,False,False,False,0
30.0,5.0,40.0,1.0,3,1.0,2.0,False,False,False,True,False,False,False,0
29.0,5.0,36.0,1.0,3,1.0,2.0,False,False,False,True,False,False,False,0
25.0,5.0,40.0,1.0,3,1.0,2.0,False,False,False,True,False,False,False,0
19.0,5.0,36.0,3.0,3,1.0,2.0,True,False,False,True,False,False,False,0
46.0,1.0,40.0,1.0,1,1.0,2.0,False,False,False,True,False,False,False,0
29.0,1.0,36.0,2.0,3,1.0,2.0,True,False,False,True,False,False,False,0
49.0,1.0,30.0,1.0,2,1.0,2.0,True,False,True,False,False,False,False,0
24.0,5.0,54.0,1.0,3,1.0,2.0,True,False,False,True,False,False,False,0
29.0,1.0,40.0,1.0,9,1.0,2.0,True,False,False,True,False,False,False,0
62.0,5.0,15.0,1.0,1,1.0,2.0,False,False,False,False,False,True,False,0
91.0,4.0,36.0,3.0,6,1.0,2.0,True,True,False,False,False,False,False,0
41.0,5.0,36.0,3.0,9,2.0,2.0,False,False,False,False,False,False,False,0
62.0,5.0,36.0,3.0,8,1.0,2.0,False,False,False,False,False,True,False,0
48.0,2.0,12.0,1.0,1,1.0,2.0,True,False,False,False,False,True,False,0
52.0,2.0,12.0,1.0,2,1.0,2.0,False,False,False,False,False,True,False,0
30.0,5.0,12.0,1.0,3,1.0,2.0,False,False,False,False,True,False,False,0
12.0,5.0,36.0,3.0,3,1.0,1.0,False,False,True,False,False,False,False,0
7.0,5.0,36.0,4.0,3,1.0,1.0,True,False,False,False,False,False,False,0
39.0,1.0,72.0,1.0,1,1.0,2.0,True,False,True,False,False,False,False,0
40.0,1.0,45.0,1.0,2,1.0,2.0,False,False,True,False,False,False,False,0
16.0,5.0,24.0,1.0,3,1.0,1.0,True,False,True,False,False,False,False,0
13.0,5.0,20.0,1.0,3,1.0,1.0,False,False,True,False,False,False,False,0
10.0,5.0,36.0,3.0,3,1.0,1.0,False,False,False,False,False,False,False,0
54.0,5.0,36.0,3.0,1,1.0,2.0,True,True,False,False,False,False,False,0
28.0,5.0,45.0,1.0,3,1.0,2.0,False,True,False,False,False,False,False,0
20.0,5.0,36.0,3.0,3,1.0,1.0,False,False,False,False,True,False,False,0
18.0,5.0,36.0,3.0,3,1.0,1.0,False,False,False,False,True,False,False,0
85.0,4.0,36.0,3.0,1,1.0,2.0,True,True,False,False,False,False,False,0
56.0,3.0,36.0,3.0,3,1.0,2.0,True,False,False,False,False,True,False,0
22.0,5.0,36.0,3.0,5,1.0,1.0,True,False,False,False,True,False,False,0
26.0,5.0,44.0,1.0,3,1.0,2.0,False,False,False,True,False,False,False,0
21.0,5.0,48.0,1.0,3,1.0,2.0,False,False,False,True,False,False,False,0
21.0,5.0,48.0,1.0,3,1.0,2.0,False,False,False,True,False,False,False,0
9.0,5.0,36.0,4.0,3,1.0,1.0,True,False,False,False,False,False,False,0
43.0,5.0,30.0,1.0,1,1.0,2.0,False,False,False,True,False,False,False,0
64.0,2.0,36.0,3.0,6,1.0,2.0,True,True,False,False,False,False,False,0
74.0,2.0,36.0,3.0,6,1.0,2.0,False,True,False,False,False,False,False,0
90.0,4.0,36.0,3.0,9,1.0,2.0,True,False,False,False,False,False,False,0
38.0,5.0,30.0,1.0,8,1.0,2.0,True,False,False,True,False,False,False,0
5.0,5.0,36.0,4.0,9,2.0,1.0,True,False,False,False,False,False,True,0
67.0,2.0,20.0,1.0,1,1.0,2.0,False,False,False,False,False,True,False,0
67.0,2.0,40.0,1.0,2,1.0,2.0,True,False,False,False,False,True,False,0
40.0,1.0,30.0,1.0,1,1.0,2.0,False,False,False,False,False,True,False,0
33.0,1.0,48.0,1.0,2,1.0,2.0,True,False,False,False,False,True,False,0
12.0,5.0,36.0,3.0,3,1.0,1.0,True,False,True,False,False,False,False,0
34.0,5.0,36.0,4.0,3,3.0,2.0,False,False,False,False,False,False,True,0
87.0,4.0,36.0,3.0,1,1.0,2.0,True,False,False,False,False,False,False,0
50.0,1.0,44.0,1.0,1,1.0,2.0,False,False,False,False,True,False,False,0
43.0,1.0,35.0,1.0,2,1.0,2.0,True,False,False,False,False,True,False,0
15.0,5.0,36.0,3.0,3,1.0,1.0,True,False,True,False,False,False,False,0
11.0,5.0,36.0,3.0,3,1.0,1.0,True,False,False,False,False,False,False,0
36.0,5.0,36.0,2.0,1,1.0,2.0,True,False,False,False,True,False,False,0
72.0,2.0,36.0,3.0,6,1.0,2.0,False,False,False,False,True,False,False,0
69.0,2.0,36.0,3.0,6,1.0,2.0,True,False,False,False,False,True,False,0
20.0,5.0,36.0,2.0,3,1.0,1.0,False,False,False,False,True,False,False,0
77.0,2.0,36.0,3.0,1,1.0,2.0,False,False,False,True,False,False,False,0
76.0,2.0,36.0,3.0,2,1.0,2.0,True,False,False,False,False,True,False,0
36.0,5.0,36.0,2.0,3,1.0,2.0,False,False,False,True,False,False,False,0
50.0,1.0,36.0,3.0,1,1.0,2.0,False,True,False,False,False,False,False,0
20.0,5.0,36.0,3.0,3,1.0,1.0,True,False,False,False,True,False,False,0
22.0,5.0,36.0,3.0,3,1.0,1.0,False,False,False,False,True,False,False,0
60.0,1.0,36.0,3.0,1,1.0,2.0,True,False,False,False,False,True,False,0
90.0,4.0,36.0,3.0,1,1.0,2.0,True,True,False,False,False,False,False,0
82.0,2.0,36.0,3.0,1,1.0,2.0,False,True,False,False,False,False,False,0
71.0,2.0,36.0,3.0,2,1.0,2.0,True,True,False,False,False,False,False,0
74.0,4.0,36.0,3.0,1,1.0,2.0,True,False,False,False,False,True,False,0
48.0,5.0,42.0,1.0,1,1.0,2.0,False,False,True,False,False,False,False,0
64.0,2.0,30.0,1.0,1,1.0,2.0,False,False,True,False,False,False,False,0
65.0,2.0,36.0,3.0,2,1.0,2.0,True,False,True,False,False,False,False,0
57.0,3.0,36.0,3.0,1,1.0,2.0,True,True,False,False,False,False,False,0
22.0,5.0,56.0,1.0,3,1.0,2.0,True,False,False,True,False,False,False,0
11.0,5.0,36.0,3.0,5,1.0,1.0,True,False,False,False,False,False,False,0
9.0,5.0,36.0,4.0,5,1.0,1.0,True,False,False,False,False,False,False,0
51.0,3.0,48.0,1.0,1,1.0,2.0,False,False,False,True,False,False,False,0
83.0,4.0,36.0,3.0,6,1.0,2.0,True,False,False,True,False,False,False,0
7.0,5.0,36.0,4.0,3,1.0,1.0,True,False,False,False,False,False,False,0
5.0,5.0,36.0,4.0,3,2.0,1.0,True,False,False,False,False,False,True,0
65.0,3.0,36.0,3.0,1,1.0,2.0,False,False,False,False,True,False,False,0
67.0,3.0,30.0,1.0,1,1.0,2.0,True,True,False,False,False,False,False,0
43.0,5.0,30.0,1.0,3,1.0,2.0,False,False,False,True,False,False,False,0
30.0,5.0,36.0,3.0,3,1.0,2.0,True,False,False,True,False,False,False,0
37.0,2.0,40.0,1.0,1,1.0,2.0,False,False,False,True,False,False,False,0
48.0,2.0,40.0,1.0,2,1.0,2.0,True,False,True,False,False,False,False,0
64.0,2.0,36.0,3.0,1,1.0,2.0,True,True,False,False,False,False,False,0
59.0,2.0,40.0,1.0,1,1.0,2.0,False,False,False,True,False,False,False,0
57.0,2.0,48.0,1.0,2,1.0,2.0,True,False,True,False,False,False,False,0
32.0,5.0,10.0,1.0,3,1.0,2.0,True,False,False,True,False,False,False,0
32.0,1.0,48.0,1.0,1,1.0,2.0,True,False,False,True,False,False,False,0
33.0,1.0,40.0,1.0,2,1.0,2.0,False,True,False,False,False,False,False,0
10.0,5.0,36.0,3.0,3,1.0,1.0,True,False,False,False,False,False,False,0
4.0,5.0,36.0,4.0,3,1.0,1.0,True,False,False,False,False,False,True,0
2.0,5.0,36.0,4.0,3,2.0,3.0,False,False,False,False,False,False,True,0
61.0,5.0,36.0,3.0,6,1.0,2.0,True,False,False,False,False,False,False,0
12.0,5.0,36.0,3.0,3,1.0,1.0,False,False,True,False,False,False,False,0
6.0,5.0,36.0,4.0,3,1.0,1.0,False,False,False,False,False,False,False,0
20.0,5.0,36.0,3.0,3,1.0,2.0,False,False,False,False,False,False,False,0
10.0,5.0,36.0,3.0,3,1.0,1.0,True,False,False,False,False,False,False,0
50.0,1.0,45.0,1.0,1,1.0,2.0,False,False,False,True,False,False,False,0
43.0,1.0,40.0,1.0,2,1.0,2.0,True,False,True,False,False,False,False,0
17.0,5.0,36.0,3.0,3,1.0,1.0,False,False,True,False,False,False,False,0
75.0,2.0,36.0,3.0,2,1.0,2.0,False,True,False,False,False,False,False,0
68.0,2.0,3.0,1.0,1,1.0,2.0,False,True,False,False,False,False,False,0
41.0,5.0,44.0,1.0,1,1.0,2.0,False,False,True,False,False,False,False,0
15.0,5.0,36.0,3.0,3,1.0,1.0,False,False,True,False,False,False,False,0
39.0,2.0,48.0,1.0,1,1.0,2.0,False,False,False,True,False,False,False,0
33.0,2.0,30.0,1.0,2,1.0,2.0,True,False,False,False,True,False,False,0
8.0,5.0,36.0,4.0,3,1.0,1.0,True,False,False,False,False,False,False,0
42.0,1.0,36.0,3.0,1,1.0,2.0,True,False,True,False,False,False,False,0
43.0,1.0,30.0,1.0,2,1.0,2.0,False,True,False,False,False,False,False,0
18.0,5.0,36.0,3.0,3,1.0,2.0,False,False,True,False,False,False,False,0
15.0,5.0,36.0,3.0,3,1.0,1.0,True,False,True,False,False,False,False,0
12.0,5.0,36.0,3.0,3,1.0,1.0,False,False,True,False,False,False,False,0
46.0,1.0,30.0,1.0,1,1.0,2.0,False,True,False,False,False,False,False,0
21.0,5.0,32.0,1.0,1,1.0,2.0,True,False,False,True,False,False,False,0
19.0,5.0,36.0,2.0,8,1.0,2.0,True,False,False,True,False,False,False,0
44.0,5.0,40.0,1.0,6,1.0,2.0,False,False,False,True,False,False,False,0
56.0,1.0,24.0,1.0,1,1.0,2.0,False,False,True,False,False,False,False,0
58.0,1.0,24.0,1.0,2,1.0,2.0,True,False,True,False,False,False,False,0
21.0,5.0,24.0,1.0,3,1.0,2.0,False,False,True,False,False,False,False,0
43.0,1.0,40.0,1.0,1,1.0,2.0,True,False,False,False,False,True,False,0
43.0,1.0,40.0,1.0,2,1.0,2.0,False,False,False,False,False,True,False,0
41.0,5.0,30.0,1.0,9,1.0,1.0,True,False,False,False,True,False,False,0
45.0,1.0,84.0,1.0,1,1.0,2.0,False,True,False,False,False,False,False,0
44.0,1.0,6.0,1.0,2,1.0,2.0,True,True,False,False,False,False,False,0
22.0,5.0,36.0,3.0,3,1.0,2.0,False,False,True,False,False,False,False,0
15.0,5.0,36.0,3.0,3,1.0,1.0,False,False,True,False,False,False,False,0
36.0,1.0,40.0,1.0,1,1.0,2.0,False,False,True,False,False,False,False,0
37.0,1.0,36.0,1.0,2,1.0,2.0,True,False,True,False,False,False,False,0
49.0,1.0,60.0,1.0,1,1.0,2.0,False,False,False,True,False,False,False,0
48.0,1.0,48.0,1.0,2,1.0,2.0,True,False,True,False,False,False,False,0
17.0,5.0,36.0,3.0,3,1.0,1.0,True,False,True,False,False,False,False,0
10.0,5.0,36.0,3.0,3,1.0,1.0,True,False,False,False,False,False,False,0
41.0,1.0,48.0,1.0,1,1.0,2.0,False,False,False,True,False,False,False,0
20.0,1.0,20.0,1.0,2,1.0,2.0,True,False,False,True,False,False,False,0
63.0,2.0,36.0,3.0,2,1.0,2.0,True,False,False,False,True,False,False,0
37.0,5.0,28.0,1.0,3,1.0,2.0,False,False,False,False,True,False,False,0
30.0,1.0,36.0,3.0,1,1.0,2.0,True,False,False,True,False,False,False,0
26.0,1.0,48.0,1.0,2,1.0,2.0,False,False,False,True,False,False,False,0
4.0,5.0,36.0,4.0,3,2.0,1.0,False,False,False,False,False,False,True,0
9.0,5.0,36.0,4.0,3,1.0,1.0,True,False,False,False,False,False,False,0
32.0,2.0,56.0,1.0,1,1.0,2.0,False,False,False,True,False,False,False,0
34.0,2.0,36.0,3.0,2,1.0,1.0,True,False,False,False,True,False,False,0
34.0,5.0,36.0,4.0,3,3.0,2.0,True,False,False,False,False,False,True,0
41.0,1.0,6.0,1.0,2,1.0,2.0,True,False,False,True,False,False,False,0
20.0,5.0,6.0,1.0,3,1.0,1.0,True,False,False,False,True,False,False,0
18.0,5.0,36.0,3.0,3,1.0,1.0,False,False,False,False,False,False,False,0
16.0,5.0,36.0,3.0,3,1.0,1.0,True,False,True,False,False,False,False,0
13.0,5.0,36.0,3.0,3,1.0,1.0,True,False,True,False,False,False,False,0
53.0,2.0,40.0,1.0,1,1.0,2.0,False,False,False,False,False,True,False,0
47.0,2.0,30.0,1.0,2,1.0,2.0,True,False,False,False,False,True,False,0
18.0,5.0,36.0,3.0,3,1.0,1.0,True,False,False,False,True,False,False,0
14.0,5.0,36.0,3.0,3,1.0,1.0,False,False,True,False,False,False,False,0
52.0,2.0,54.0,1.0,1,1.0,2.0,False,False,True,False,False,False,False,0
54.0,2.0,54.0,1.0,2,1.0,2.0,True,False,False,True,False,False,False,0
25.0,5.0,36.0,3.0,3,1.0,1.0,True,False,False,False,True,False,False,0
39.0,5.0,40.0,1.0,1,1.0,2.0,False,False,False,False,False,True,False,0
32.0,5.0,66.0,1.0,1,1.0,2.0,False,False,False,False,False,True,False,0
53.0,2.0,48.0,1.0,1,1.0,2.0,False,False,False,False,False,False,False,0
43.0,2.0,36.0,3.0,2,1.0,2.0,True,False,True,False,False,False,False,0
19.0,5.0,36.0,3.0,3,1.0,2.0,True,False,False,True,False,False,False,0
51.0,5.0,30.0,1.0,9,1.0,2.0,False,False,False,True,False,False,False,0
76.0,4.0,36.0,3.0,1,1.0,2.0,True,False,False,True,False,False,False,0
36.0,1.0,48.0,1.0,1,1.0,2.0,True,True,False,False,False,False,False,0
70.0,1.0,36.0,3.0,2,1.0,2.0,False,False,False,True,False,False,False,0
18.0,1.0,36.0,3.0,3,1.0,1.0,True,False,True,False,False,False,False,0
14.0,5.0,36.0,3.0,3,1.0,1.0,True,False,True,False,False,False,False,0
11.0,5.0,36.0,3.0,3,1.0,1.0,False,False,False,False,False,False,False,0
5.0,5.0,36.0,4.0,3,2.0,1.0,False,False,False,False,False,False,False,0
18.0,1.0,36.0,3.0,4,1.0,1.0,False,False,True,False,False,False,False,0
47.0,2.0,48.0,1.0,1,1.0,2.0,False,False,False,True,False,False,False,0
50.0,2.0,36.0,3.0,2,1.0,2.0,True,False,False,True,False,False,False,0
58.0,5.0,20.0,1.0,1,1.0,2.0,False,False,True,False,False,False,False,0
42.0,5.0,10.0,1.0,8,1.0,2.0,True,False,False,True,False,False,False,0
75.0,3.0,36.0,3.0,1,1.0,2.0,True,False,False,False,False,False,False,0
43.0,5.0,16.0,1.0,3,1.0,2.0,True,False,False,False,False,True,False,0
39.0,5.0,24.0,1.0,3,1.0,2.0,True,False,False,False,True,False,False,0
44.0,2.0,30.0,1.0,1,1.0,2.0,False,False,False,False,True,False,False,0
44.0,2.0,30.0,1.0,2,1.0,2.0,True,False,False,True,False,False,False,0
24.0,5.0,72.0,1.0,3,1.0,1.0,False,False,False,False,True,False,False,0
72.0,2.0,36.0,3.0,1,1.0,2.0,False,False,False,False,False,True,False,0
73.0,2.0,36.0,3.0,2,1.0,2.0,True,False,False,True,False,False,False,0
20.0,4.0,36.0,3.0,3,1.0,1.0,False,False,False,False,True,False,False,0
53.0,2.0,40.0,1.0,1,1.0,2.0,False,False,False,False,True,False,False,0
60.0,2.0,6.0,1.0,2,1.0,2.0,True,False,False,False,False,True,False,0
25.0,5.0,36.0,3.0,3,1.0,2.0,True,False,False,True,False,False,False,0
36.0,5.0,24.0,1.0,1,1.0,2.0,False,False,True,False,False,False,False,0
66.0,5.0,36.0,3.0,6,1.0,2.0,True,False,False,True,False,False,False,0
70.0,2.0,36.0,3.0,1,1.0,2.0,True,False,False,True,False,False,False,0
75.0,2.0,36.0,3.0,2,1.0,2.0,False,False,False,True,False,False,False,0
61.0,4.0,35.0,1.0,1,1.0,2.0,False,False,False,False,False,True,False,0
45.0,1.0,50.0,1.0,1,1.0,2.0,False,False,False,False,False,True,False,0
43.0,1.0,40.0,1.0,2,1.0,2.0,True,False,False,False,False,True,False,0
9.0,5.0,36.0,4.0,3,1.0,1.0,False,False,False,False,False,False,False,0
6.0,5.0,36.0,4.0,3,1.0,1.0,False,False,False,False,False,False,False,0
69.0,3.0,36.0,3.0,1,1.0,2.0,False,True,False,False,False,False,False,0
32.0,2.0,36.0,1.0,1,1.0,2.0,True,False,False,True,False,False,False,0
34.0,2.0,48.0,1.0,2,1.0,2.0,False,False,False,True,False,False,False,0
5.0,5.0,36.0,4.0,3,1.0,1.0,True,False,False,False,False,False,True,0
82.0,4.0,28.0,1.0,1,1.0,2.0,True,False,False,True,False,False,False,0
57.0,4.0,0.0,1.0,3,1.0,2.0,True,False,False,False,False,True,False,0
32.0,5.0,48.0,1.0,5,1.0,2.0,False,False,False,True,False,False,False,0
21.0,5.0,63.0,1.0,5,1.0,1.0,False,False,False,False,True,False,False,0
40.0,2.0,0.0,1.0,1,1.0,2.0,False,False,False,False,False,True,False,0
46.0,2.0,40.0,1.0,2,1.0,2.0,True,False,False,False,False,True,False,0
13.0,5.0,36.0,3.0,3,1.0,1.0,False,False,False,False,False,False,False,0
8.0,5.0,36.0,4.0,3,1.0,1.0,False,False,False,False,False,False,False,0
72.0,2.0,36.0,3.0,1,1.0,2.0,True,False,False,True,False,False,False,0
66.0,2.0,36.0,3.0,2,1.0,2.0,False,True,False,False,False,False,False,0
50.0,2.0,40.0,1.0,1,1.0,2.0,False,False,True,False,False,False,False,0
48.0,2.0,84.0,1.0,2,1.0,2.0,True,False,True,False,False,False,False,0
20.0,5.0,36.0,3.0,3,1.0,1.0,True,False,False,False,True,False,False,0
33.0,5.0,48.0,1.0,3,1.0,1.0,False,False,False,False,True,False,False,0
42.0,5.0,24.0,1.0,1,1.0,2.0,False,False,False,False,True,False,False,0
21.0,5.0,36.0,3.0,3,1.0,1.0,False,False,False,False,True,False,False,0
10.0,5.0,36.0,3.0,3,1.0,1.0,False,False,False,False,False,False,False,0
25.0,5.0,48.0,1.0,3,1.0,1.0,False,False,False,False,True,False,False,0
22.0,5.0,36.0,3.0,3,1.0,1.0,True,False,False,False,True,False,False,0
9.0,5.0,36.0,4.0,3,1.0,1.0,True,False,False,False,False,False,False,0
68.0,5.0,36.0,3.0,1,1.0,2.0,True,True,False,False,False,False,False,0
36.0,5.0,36.0,2.0,3,1.0,2.0,False,False,False,True,False,False,False,0
37.0,5.0,48.0,1.0,3,1.0,2.0,False,False,False,True,False,False,False,0
53.0,5.0,20.0,1.0,1,1.0,2.0,False,False,False,True,False,False,False,0
18.0,5.0,36.0,3.0,3,1.0,1.0,True,False,True,False,False,False,False,0
16.0,5.0,36.0,3.0,3,1.0,1.0,False,False,True,False,False,False,False,0
59.0,2.0,36.0,3.0,1,1.0,2.0,False,False,True,False,False,False,False,0
57.0,2.0,36.0,3.0,2,1.0,2.0,True,False,True,False,False,False,False,0
78.0,3.0,36.0,3.0,1,2.0,2.0,True,False,False,False,False,False,False,0
33.0,3.0,35.0,1.0,3,1.0,2.0,False,False,False,True,False,False,False,0
8.0,5.0,36.0,4.0,5,1.0,1.0,True,False,False,False,False,False,False,0
27.0,1.0,36.0,3.0,1,1.0,2.0,True,False,False,True,False,False,False,0
9.0,5.0,36.0,4.0,3,1.0,1.0,True,False,False,False,False,False,False,0
4.0,5.0,36.0,4.0,3,1.0,1.0,False,False,False,False,False,False,True,0
28.0,1.0,40.0,1.0,2,1.0,2.0,False,False,True,False,False,False,False,0
15.0,5.0,36.0,3.0,3,1.0,1.0,False,False,True,False,False,False,False,0
14.0,5.0,36.0,3.0,3,1.0,1.0,True,False,True,False,False,False,False,0
11.0,5.0,36.0,3.0,3,1.0,1.0,True,False,False,False,False,False,False,0
66.0,2.0,35.0,1.0,1,1.0,2.0,False,False,True,False,False,False,False,0
45.0,2.0,36.0,3.0,2,1.0,2.0,True,True,False,False,False,False,False,0
25.0,5.0,44.0,1.0,3,1.0,2.0,False,False,False,True,False,False,False,0
20.0,5.0,36.0,3.0,3,1.0,1.0,True,False,True,False,False,False,False,0
49.0,2.0,40.0,1.0,1,1.0,2.0,True,False,False,False,False,True,False,0
49.0,2.0,72.0,1.0,2,1.0,2.0,False,False,False,False,False,True,False,0
15.0,5.0,36.0,3.0,3,1.0,1.0,False,False,True,False,False,False,False,0
12.0,5.0,36.0,3.0,3,1.0,1.0,True,False,True,False,False,False,False,0
5.0,5.0,36.0,4.0,3,2.0,1.0,False,False,False,False,False,False,True,0
26.0,5.0,84.0,1.0,8,1.0,2.0,True,False,False,True,False,False,False,0
27.0,1.0,30.0,1.0,2,1.0,2.0,False,False,False,True,False,False,False,0
10.0,5.0,36.0,3.0,3,1.0,1.0,False,False,False,False,False,False,False,0
54.0,2.0,0.0,1.0,1,1.0,2.0,False,False,False,False,False,True,False,0
43.0,2.0,40.0,1.0,2,1.0,2.0,True,False,False,False,False,True,False,0
22.0,5.0,40.0,1.0,3,1.0,2.0,True,False,False,True,False,False,False,0
32.0,5.0,0.0,1.0,3,1.0,2.0,True,False,False,False,False,True,False,0
53.0,3.0,27.0,1.0,1,1.0,2.0,False,True,False,False,False,False,False,0
32.0,5.0,30.0,1.0,3,1.0,1.0,True,False,False,False,True,False,False,0
79.0,4.0,36.0,3.0,1,1.0,2.0,True,False,False,False,False,False,False,0
56.0,3.0,36.0,1.0,3,1.0,2.0,False,False,False,False,False,True,False,0
45.0,5.0,48.0,1.0,9,1.0,2.0,False,False,False,True,False,False,False,0
41.0,2.0,0.0,1.0,1,1.0,2.0,False,False,False,False,True,False,False,0
35.0,5.0,49.0,1.0,1,1.0,2.0,False,False,True,False,False,False,False,0
9.0,5.0,36.0,4.0,3,1.0,1.0,False,False,False,False,False,False,False,0
45.0,1.0,84.0,1.0,1,1.0,2.0,True,False,False,False,False,True,False,0
14.0,5.0,36.0,3.0,3,1.0,1.0,False,False,True,False,False,False,False,0
49.0,1.0,60.0,1.0,2,1.0,2.0,True,False,False,False,True,False,False,0
61.0,2.0,48.0,1.0,1,1.0,2.0,True,False,False,False,True,False,False,0
58.0,2.0,35.0,1.0,2,1.0,2.0,False,False,False,False,False,True,False,0
30.0,5.0,46.0,1.0,3,1.0,2.0,False,False,False,True,False,False,False,0
26.0,5.0,35.0,1.0,3,1.0,2.0,False,False,False,False,False,True,False,0
41.0,3.0,30.0,1.0,1,1.0,2.0,False,False,False,False,False,True,False,0
75.0,5.0,36.0,3.0,1,1.0,2.0,True,False,False,False,False,True,False,0
53.0,3.0,76.0,1.0,9,1.0,2.0,False,False,False,False,False,True,False,0
58.0,2.0,28.0,1.0,1,1.0,2.0,False,False,False,True,False,False,False,0
59.0,2.0,9.0,1.0,2,1.0,2.0,True,False,False,True,False,False,False,0
37.0,5.0,8.0,1.0,3,1.0,2.0,True,False,False,False,True,False,False,0
6.0,5.0,36.0,4.0,5,2.0,1.0,True,False,False,False,False,False,False,0
50.0,2.0,40.0,1.0,1,1.0,2.0,False,False,True,False,False,False,False,0
27.0,5.0,3.0,1.0,3,1.0,2.0,True,False,False,True,False,False,False,0
5.0,5.0,36.0,4.0,5,2.0,1.0,True,False,False,False,False,False,True,0
20.0,5.0,3.0,1.0,3,1.0,2.0,True,False,False,True,False,False,False,0
70.0,2.0,36.0,3.0,1,1.0,2.0,False,True,False,False,False,False,False,0
75.0,2.0,36.0,3.0,2,1.0,2.0,True,False,False,True,False,False,False,0
74.0,3.0,36.0,3.0,1,1.0,2.0,True,False,False,True,False,False,False,0
41.0,3.0,40.0,1.0,1,1.0,2.0,True,False,False,False,False,True,False,0
8.0,5.0,36.0,4.0,3,1.0,1.0,False,False,False,False,False,False,False,0
43.0,1.0,36.0,1.0,1,1.0,2.0,False,False,False,False,False,False,False,0
51.0,1.0,36.0,3.0,2,1.0,2.0,True,False,False,True,False,False,False,0
18.0,5.0,36.0,3.0,3,1.0,2.0,True,False,False,True,False,False,False,0
5.0,5.0,36.0,4.0,5,2.0,1.0,False,False,False,False,False,False,False,0
51.0,5.0,30.0,1.0,1,1.0,2.0,True,False,False,False,False,True,False,0
24.0,5.0,36.0,3.0,3,1.0,2.0,True,False,False,True,False,False,False,0
22.0,5.0,2.0,1.0,3,1.0,1.0,True,False,False,False,True,False,False,0
45.0,5.0,18.0,1.0,1,1.0,2.0,True,False,True,False,False,False,False,0
24.0,5.0,46.0,1.0,3,1.0,2.0,False,False,True,False,False,False,False,0
30.0,5.0,30.0,1.0,3,1.0,2.0,False,False,True,False,False,False,False,0
61.0,5.0,30.0,1.0,1,1.0,2.0,False,False,False,True,False,False,False,0
37.0,1.0,35.0,1.0,1,1.0,2.0,True,False,False,False,True,False,False,0
38.0,1.0,35.0,1.0,2,1.0,2.0,False,False,False,False,True,False,False,0
56.0,2.0,36.0,3.0,1,1.0,2.0,True,True,False,False,False,False,False,0
83.0,2.0,36.0,3.0,2,1.0,2.0,False,False,False,False,False,True,False,0
31.0,5.0,44.0,1.0,1,1.0,1.0,False,False,False,False,True,False,False,0
75.0,3.0,36.0,3.0,1,1.0,2.0,True,True,False,False,False,False,False,0
56.0,1.0,60.0,1.0,1,1.0,2.0,False,False,False,False,False,True,False,0
50.0,1.0,4.0,1.0,2,1.0,1.0,True,False,False,False,True,False,False,0
22.0,5.0,30.0,1.0,3,1.0,1.0,False,False,False,False,True,False,False,0
20.0,5.0,36.0,3.0,3,1.0,1.0,True,False,False,False,True,False,False,0
12.0,5.0,36.0,3.0,3,1.0,1.0,True,False,True,False,False,False,False,0
11.0,5.0,36.0,3.0,3,1.0,1.0,False,False,False,False,False,False,False,0
21.0,5.0,24.0,1.0,3,1.0,2.0,True,False,True,False,False,False,False,0
54.0,2.0,15.0,1.0,1,2.0,2.0,False,False,False,False,False,False,False,0
44.0,2.0,36.0,3.0,2,1.0,1.0,True,False,False,False,False,False,False,0
14.0,5.0,36.0,3.0,3,1.0,1.0,False,False,True,False,False,False,False,0
13.0,5.0,36.0,3.0,3,1.0,1.0,True,False,True,False,False,False,False,0
102.0,4.0,36.0,3.0,7,1.0,2.0,True,False,False,False,False,False,False,0
61.0,2.0,0.0,1.0,2,1.0,2.0,True,False,False,False,False,True,False,0
31.0,5.0,0.0,1.0,3,1.0,2.0,True,False,False,False,False,True,False,0
35.0,5.0,40.0,1.0,3,1.0,2.0,True,False,False,False,True,False,False,0
31.0,5.0,84.0,1.0,3,1.0,2.0,False,False,False,True,False,False,False,0
40.0,5.0,40.0,1.0,9,1.0,2.0,False,False,False,False,False,True,False,0
6.0,5.0,36.0,4.0,5,1.0,1.0,True,False,False,False,False,False,True,0
34.0,5.0,60.0,1.0,9,1.0,2.0,True,False,False,False,False,True,False,0
25.0,2.0,0.0,1.0,2,1.0,2.0,True,False,False,True,False,False,False,0
2.0,5.0,36.0,4.0,3,2.0,3.0,False,False,False,False,False,False,True,0
43.0,2.0,18.0,1.0,1,1.0,2.0,True,False,False,False,True,False,False,0
15.0,5.0,36.0,3.0,3,1.0,2.0,False,False,True,False,False,False,False,0
9.0,5.0,36.0,4.0,3,1.0,1.0,True,False,False,False,False,False,False,0
60.0,2.0,55.0,1.0,1,1.0,2.0,True,False,False,False,True,False,False,0
55.0,2.0,30.0,1.0,2,1.0,2.0,True,False,False,False,False,True,False,0
23.0,5.0,36.0,3.0,3,1.0,1.0,False,False,False,False,True,False,False,0
35.0,1.0,0.0,1.0,1,1.0,2.0,True,False,False,False,False,True,False,0
37.0,1.0,0.0,1.0,2,1.0,2.0,False,False,False,False,False,True,False,0
6.0,5.0,36.0,4.0,3,1.0,1.0,False,False,False,False,False,False,False,0
55.0,2.0,35.0,1.0,1,1.0,2.0,False,False,False,False,False,True,False,0
39.0,3.0,40.0,1.0,3,1.0,2.0,False,False,True,False,False,False,False,0
30.0,3.0,36.0,3.0,3,1.0,2.0,True,False,True,False,False,False,False,0
8.0,5.0,36.0,4.0,5,1.0,1.0,True,False,False,False,False,False,False,0
12.0,5.0,36.0,3.0,5,1.0,1.0,True,False,True,False,False,False,False,0
66.0,4.0,36.0,3.0,1,1.0,2.0,False,True,False,False,False,False,False,0
43.0,5.0,70.0,1.0,3,1.0,2.0,False,True,False,False,False,False,False,0
58.0,2.0,30.0,1.0,1,1.0,2.0,True,False,False,False,False,True,False,0
54.0,2.0,35.0,1.0,2,1.0,2.0,False,False,False,False,False,True,False,0
20.0,5.0,36.0,3.0,3,1.0,1.0,False,False,False,False,True,False,False,0
19.0,5.0,36.0,3.0,3,1.0,1.0,True,False,False,False,True,False,False,0
70.0,4.0,36.0,3.0,1,1.0,2.0,True,False,False,True,False,False,False,0
35.0,5.0,40.0,1.0,3,1.0,2.0,False,False,True,False,False,False,False,0
60.0,2.0,30.0,1.0,1,1.0,2.0,False,False,False,False,True,False,False,0
60.0,2.0,0.0,1.0,2,1.0,2.0,True,False,False,False,False,True,False,0
27.0,5.0,20.0,1.0,3,1.0,1.0,False,False,False,False,True,False,False,0
22.0,5.0,36.0,3.0,3,1.0,1.0,False,False,False,False,True,False,False,0
71.0,2.0,36.0,3.0,2,1.0,2.0,True,False,False,True,False,False,False,0
20.0,5.0,36.0,3.0,3,1.0,1.0,True,False,True,False,False,False,False,0
16.0,5.0,36.0,3.0,3,1.0,1.0,True,False,True,False,False,False,False,0
14.0,5.0,36.0,3.0,3,1.0,1.0,False,False,True,False,False,False,False,0
87.0,2.0,36.0,3.0,1,1.0,2.0,False,False,False,True,False,False,False,0
20.0,5.0,36.0,3.0,3,1.0,2.0,True,False,False,True,False,False,False,0
73.0,3.0,36.0,3.0,1,1.0,2.0,False,False,True,False,False,False,False,0
50.0,2.0,20.0,1.0,1,1.0,2.0,True,False,False,False,False,True,False,0
48.0,2.0,40.0,1.0,2,1.0,2.0,False,False,False,True,False,False,False,0
26.0,5.0,36.0,3.0,3,1.0,1.0,True,False,False,False,True,False,False,0
79.0,4.0,36.0,3.0,1,1.0,2.0,True,False,False,True,False,False,False,0
2.0,5.0,36.0,4.0,3,2.0,3.0,True,False,False,False,False,False,True,0
59.0,3.0,0.0,1.0,1,1.0,2.0,True,False,False,False,False,True,False,0
52.0,3.0,36.0,2.0,1,1.0,2.0,False,True,False,False,False,False,False,0
26.0,5.0,36.0,3.0,1,1.0,1.0,False,False,False,False,True,False,False,0
75.0,2.0,36.0,3.0,1,1.0,2.0,True,True,False,False,False,False,False,0
77.0,2.0,36.0,3.0,2,1.0,2.0,False,False,False,True,False,False,False,0
30.0,1.0,48.0,1.0,1,1.0,2.0,False,False,False,False,False,True,False,0
24.0,1.0,36.0,3.0,2,1.0,2.0,True,False,False,True,False,False,False,0
58.0,2.0,36.0,3.0,2,1.0,2.0,True,False,False,False,False,False,False,0
37.0,1.0,48.0,1.0,1,1.0,2.0,False,False,False,False,False,True,False,0
36.0,1.0,40.0,1.0,2,1.0,2.0,True,False,False,False,False,True,False,0
4.0,5.0,36.0,4.0,3,2.0,1.0,False,False,False,False,False,False,True,0
59.0,2.0,40.0,1.0,1,1.0,2.0,False,False,True,False,False,False,False,0
16.0,5.0,36.0,3.0,3,1.0,1.0,False,False,True,False,False,False,False,0
11.0,5.0,36.0,3.0,3,1.0,1.0,False,False,False,False,False,False,False,0
68.0,2.0,36.0,3.0,1,1.0,2.0,False,False,False,False,False,False,False,0
68.0,2.0,36.0,3.0,2,1.0,2.0,True,False,False,False,False,False,False,0
74.0,2.0,36.0,3.0,2,1.0,2.0,False,False,True,False,False,False,False,0
45.0,1.0,12.0,1.0,1,1.0,1.0,True,False,False,False,True,False,False,0
73.0,1.0,28.0,1.0,2,1.0,2.0,False,True,False,False,False,False,False,0
2.0,5.0,36.0,4.0,5,2.0,3.0,True,False,False,False,False,False,True,0
69.0,4.0,36.0,3.0,1,1.0,2.0,True,False,False,True,False,False,False,0
37.0,5.0,40.0,1.0,3,1.0,2.0,True,False,False,False,False,True,False,0
39.0,5.0,40.0,1.0,3,1.0,2.0,False,False,False,True,False,False,False,0
83.0,3.0,36.0,3.0,1,1.0,2.0,True,True,False,False,False,False,False,0
48.0,5.0,30.0,1.0,3,1.0,1.0,True,False,True,False,False,False,False,0
57.0,2.0,36.0,3.0,1,1.0,2.0,True,False,False,False,True,False,False,0
59.0,2.0,36.0,1.0,2,1.0,2.0,False,True,False,False,False,False,False,0
15.0,5.0,36.0,3.0,3,1.0,1.0,False,False,True,False,False,False,False,0
13.0,5.0,36.0,3.0,3,1.0,1.0,False,False,True,False,False,False,False,0
69.0,2.0,36.0,3.0,1,1.0,2.0,True,False,False,True,False,False,False,0
13.0,5.0,36.0,3.0,3,1.0,1.0,True,False,True,False,False,False,False,0
9.0,5.0,36.0,4.0,3,1.0,1.0,False,False,False,False,False,False,False,0
20.0,5.0,36.0,3.0,3,1.0,1.0,False,False,False,False,True,False,False,0
18.0,5.0,36.0,3.0,3,1.0,1.0,False,False,False,False,True,False,False,0
37.0,1.0,55.0,1.0,1,1.0,2.0,False,False,True,False,False,False,False,0
31.0,1.0,36.0,3.0,2,1.0,2.0,True,False,True,False,False,False,False,0
27.0,5.0,40.0,1.0,1,1.0,2.0,True,False,False,False,False,True,False,0
27.0,5.0,36.0,2.0,1,1.0,2.0,False,False,True,False,False,False,False,0
75.0,2.0,36.0,3.0,1,1.0,2.0,False,True,False,False,False,False,False,0
73.0,2.0,36.0,3.0,2,1.0,2.0,True,True,False,False,False,False,False,0
58.0,3.0,36.0,3.0,1,1.0,2.0,True,True,False,False,False,False,False,0
25.0,5.0,36.0,3.0,3,1.0,1.0,False,False,False,False,True,False,False,0
61.0,3.0,36.0,3.0,1,1.0,2.0,True,True,False,False,False,False,False,0
62.0,2.0,54.0,1.0,1,1.0,2.0,False,False,False,True,False,False,False,0
58.0,2.0,36.0,3.0,2,1.0,2.0,True,True,False,False,False,False,False,0
20.0,5.0,36.0,3.0,3,1.0,2.0,True,False,False,True,False,False,False,0
1.0,5.0,36.0,4.0,3,3.0,2.0,False,False,False,False,False,False,True,0
5.0,5.0,36.0,4.0,3,2.0,1.0,True,False,False,False,False,False,False,0
18.0,5.0,40.0,1.0,9,1.0,2.0,False,False,False,False,False,False,False,0
30.0,2.0,48.0,1.0,1,1.0,2.0,False,True,False,False,False,False,False,0
35.0,2.0,36.0,3.0,2,1.0,2.0,True,False,False,True,False,False,False,0
6.0,5.0,36.0,4.0,3,1.0,1.0,False,False,False,False,False,False,False,0
73.0,2.0,36.0,3.0,1,1.0,2.0,False,True,False,False,False,False,False,0
66.0,2.0,36.0,3.0,2,1.0,2.0,True,False,False,True,False,False,False,0
36.0,5.0,40.0,1.0,3,1.0,2.0,False,False,False,True,False,False,False,0
22.0,1.0,36.0,3.0,1,1.0,2.0,True,True,False,False,False,False,False,0
20.0,1.0,40.0,1.0,2,1.0,2.0,False,False,True,False,False,False,False,0
70.0,2.0,36.0,3.0,1,1.0,2.0,True,True,False,False,False,False,False,0
74.0,2.0,36.0,3.0,2,1.0,2.0,False,False,False,True,False,False,False,0
50.0,2.0,40.0,1.0,2,1.0,2.0,True,False,False,False,False,True,False,0
18.0,5.0,36.0,3.0,3,1.0,1.0,False,False,False,False,True,False,False,0
15.0,5.0,36.0,3.0,3,1.0,1.0,False,False,True,False,False,False,False,0
50.0,2.0,48.0,1.0,1,1.0,2.0,False,False,False,False,False,True,False,0
28.0,1.0,40.0,1.0,2,1.0,2.0,False,False,False,True,False,False,False,0
30.0,1.0,25.0,1.0,1,1.0,2.0,True,False,False,True,False,False,False,0
73.0,3.0,12.0,1.0,1,1.0,2.0,True,False,False,True,False,False,False,0
77.0,3.0,36.0,3.0,8,1.0,2.0,False,False,False,False,False,True,False,0
64.0,5.0,48.0,1.0,8,1.0,2.0,False,False,False,True,False,False,False,0
31.0,2.0,40.0,1.0,2,1.0,2.0,False,False,False,True,False,False,False,0
1.0,5.0,36.0,4.0,3,3.0,2.0,False,False,False,False,False,False,True,0
26.0,1.0,40.0,1.0,1,1.0,1.0,False,False,False,False,False,True,False,0
25.0,1.0,40.0,1.0,2,1.0,1.0,True,False,False,False,True,False,False,0
29.0,2.0,45.0,1.0,1,1.0,2.0,True,False,False,False,False,True,False,0
74.0,4.0,36.0,3.0,1,1.0,2.0,True,True,False,False,False,False,False,0
38.0,1.0,40.0,1.0,1,1.0,2.0,False,False,False,False,True,False,False,0
39.0,1.0,36.0,3.0,2,1.0,2.0,True,False,False,False,True,False,False,0
13.0,5.0,36.0,3.0,3,1.0,1.0,True,False,True,False,False,False,False,0
11.0,5.0,36.0,3.0,3,1.0,1.0,False,False,True,False,False,False,False,0
9.0,5.0,36.0,4.0,3,1.0,1.0,False,False,False,False,False,False,False,0
70.0,2.0,36.0,3.0,1,1.0,2.0,False,False,False,False,True,False,False,0
70.0,2.0,36.0,3.0,2,1.0,2.0,True,False,False,False,True,False,False,0
56.0,3.0,36.0,3.0,1,1.0,2.0,False,False,True,False,False,False,False,0
50.0,2.0,0.0,1.0,1,1.0,2.0,False,False,False,True,False,False,False,0
57.0,2.0,25.0,1.0,2,1.0,2.0,True,False,False,True,False,False,False,0
23.0,5.0,25.0,1.0,3,1.0,2.0,True,False,False,True,False,False,False,0
19.0,5.0,36.0,3.0,3,1.0,2.0,True,False,False,True,False,False,False,0
20.0,5.0,43.0,1.0,1,1.0,1.0,True,False,False,False,True,False,False,0
67.0,1.0,36.0,1.0,1,1.0,2.0,True,False,False,False,True,False,False,0
63.0,1.0,28.0,1.0,2,1.0,2.0,False,False,False,True,False,False,False,0
24.0,5.0,30.0,1.0,3,1.0,1.0,True,False,False,False,True,False,False,0
67.0,3.0,36.0,3.0,1,1.0,2.0,True,False,False,False,False,True,False,0
53.0,2.0,45.0,1.0,1,1.0,2.0,False,False,False,False,True,False,False,0
53.0,2.0,36.0,3.0,2,1.0,2.0,True,False,False,False,False,True,False,0
23.0,5.0,20.0,1.0,3,1.0,1.0,False,False,False,False,True,False,False,0
19.0,5.0,36.0,3.0,3,1.0,1.0,False,False,False,False,True,False,False,0
57.0,2.0,36.0,3.0,1,1.0,2.0,False,False,False,False,True,False,False,0
48.0,2.0,24.0,1.0,2,1.0,2.0,True,False,False,True,False,False,False,0
21.0,5.0,16.0,1.0,3,1.0,2.0,True,False,False,False,True,False,False,0
52.0,5.0,36.0,2.0,1,1.0,2.0,False,False,False,True,False,False,False,0
63.0,5.0,36.0,3.0,1,1.0,2.0,True,True,False,False,False,False,False,0
22.0,5.0,36.0,3.0,1,1.0,1.0,True,False,False,False,True,False,False,0
73.0,1.0,36.0,3.0,1,1.0,2.0,False,False,False,True,False,False,False,0
58.0,1.0,40.0,1.0,2,1.0,2.0,True,False,False,False,False,True,False,0
28.0,5.0,36.0,3.0,3,1.0,1.0,True,False,False,False,True,False,False,0
24.0,5.0,30.0,1.0,3,1.0,2.0,False,False,False,False,True,False,False,0
8.0,5.0,36.0,4.0,3,1.0,1.0,False,False,False,False,False,False,False,0
75.0,5.0,36.0,3.0,1,1.0,2.0,True,False,False,False,False,True,False,0
29.0,5.0,18.0,1.0,3,1.0,2.0,True,False,False,False,False,True,False,0
64.0,5.0,36.0,3.0,1,1.0,2.0,True,False,False,True,False,False,False,0
30.0,5.0,24.0,1.0,3,1.0,2.0,False,False,True,False,False,False,False,0
31.0,5.0,36.0,3.0,3,1.0,2.0,False,False,False,False,False,False,False,0
58.0,1.0,36.0,3.0,1,1.0,2.0,True,False,False,True,False,False,False,0
30.0,5.0,36.0,2.0,3,1.0,2.0,False,False,True,False,False,False,False,0
59.0,1.0,40.0,1.0,2,1.0,2.0,False,False,False,True,False,False,False,0
82.0,4.0,36.0,3.0,7,1.0,2.0,True,False,False,False,False,False,False,0
38.0,2.0,36.0,2.0,1,1.0,2.0,True,False,True,False,False,False,False,0
42.0,2.0,44.0,1.0,2,1.0,2.0,False,False,False,True,False,False,False,0
11.0,5.0,36.0,3.0,9,1.0,1.0,False,False,False,False,False,False,False,0
1.0,5.0,36.0,4.0,3,3.0,2.0,False,False,False,False,False,False,True,0
46.0,2.0,30.0,1.0,1,1.0,2.0,False,False,False,True,False,False,False,0
50.0,2.0,36.0,3.0,2,1.0,2.0,True,False,False,True,False,False,False,0
26.0,5.0,36.0,3.0,3,1.0,1.0,True,False,False,False,True,False,False,0
23.0,5.0,36.0,2.0,3,1.0,1.0,True,False,False,False,True,False,False,0
82.0,2.0,36.0,3.0,1,1.0,2.0,False,True,False,False,False,False,False,0
79.0,2.0,36.0,3.0,2,1.0,2.0,True,True,False,False,False,False,False,0
47.0,1.0,36.0,3.0,3,1.0,2.0,True,False,False,True,False,False,False,0
42.0,1.0,36.0,3.0,3,1.0,2.0,True,False,False,True,False,False,False,0
16.0,5.0,36.0,3.0,5,1.0,1.0,True,False,True,False,False,False,False,0
15.0,5.0,36.0,3.0,5,1.0,1.0,True,False,True,False,False,False,False,0
4.0,5.0,36.0,4.0,5,2.0,1.0,True,False,False,False,False,False,True,0
4.0,5.0,36.0,4.0,5,2.0,1.0,True,False,False,False,False,False,True,0
72.0,4.0,36.0,3.0,1,1.0,2.0,True,True,False,False,False,False,False,0
54.0,1.0,50.0,1.0,4,1.0,2.0,False,True,False,False,False,False,False,0
46.0,1.0,45.0,1.0,4,1.0,2.0,False,True,False,False,False,False,False,0
41.0,1.0,36.0,3.0,2,1.0,2.0,True,False,False,True,False,False,False,0
18.0,5.0,36.0,3.0,3,1.0,1.0,True,False,False,False,True,False,False,0
12.0,5.0,36.0,3.0,3,1.0,1.0,False,False,False,False,False,False,False,0
44.0,1.0,48.0,1.0,1,1.0,2.0,False,False,False,True,False,False,False,0
49.0,1.0,40.0,1.0,1,1.0,2.0,False,False,False,True,False,False,False,0
43.0,1.0,40.0,1.0,2,1.0,2.0,True,False,False,True,False,False,False,0
25.0,5.0,48.0,1.0,3,1.0,2.0,False,False,False,True,False,False,False,0
22.0,5.0,36.0,3.0,3,1.0,1.0,False,False,True,False,False,False,False,0
18.0,5.0,36.0,3.0,3,1.0,1.0,False,False,False,False,True,False,False,0
5.0,5.0,36.0,4.0,5,2.0,1.0,False,False,False,False,False,False,False,0
86.0,4.0,36.0,3.0,1,1.0,2.0,True,False,False,False,False,True,False,0
46.0,2.0,50.0,1.0,1,1.0,2.0,False,False,False,True,False,False,False,0
62.0,2.0,36.0,3.0,2,1.0,2.0,True,True,False,False,False,False,False,0
22.0,5.0,36.0,3.0,3,1.0,1.0,False,False,True,False,False,False,False,0
22.0,1.0,60.0,1.0,3,1.0,2.0,False,False,True,False,False,False,False,0
45.0,1.0,36.0,1.0,6,1.0,2.0,True,False,False,True,False,False,False,0
13.0,5.0,36.0,3.0,8,1.0,1.0,False,False,True,False,False,False,False,0
48.0,1.0,60.0,1.0,9,1.0,2.0,False,False,False,True,False,False,False,0
29.0,1.0,27.0,1.0,2,1.0,2.0,False,False,False,False,False,True,False,0
20.0,5.0,36.0,3.0,3,1.0,1.0,True,False,False,False,True,False,False,0
32.0,1.0,0.0,1.0,1,1.0,2.0,True,False,False,False,False,True,False,0
54.0,2.0,66.0,1.0,1,1.0,2.0,False,False,False,False,False,False,False,0
46.0,2.0,36.0,3.0,2,1.0,2.0,True,True,False,False,False,False,False,0
46.0,1.0,36.0,3.0,1,1.0,2.0,True,False,True,False,False,False,False,0
54.0,1.0,27.0,1.0,2,1.0,2.0,False,False,True,False,False,False,False,0
56.0,5.0,28.0,1.0,1,1.0,2.0,True,False,True,False,False,False,False,0
25.0,5.0,36.0,2.0,3,1.0,2.0,False,False,False,True,False,False,False,0
21.0,5.0,17.0,1.0,3,1.0,2.0,True,False,False,True,False,False,False,0
63.0,5.0,30.0,1.0,1,1.0,2.0,False,False,False,False,False,True,False,0
89.0,2.0,36.0,3.0,1,1.0,2.0,True,False,False,False,True,False,False,0
89.0,2.0,36.0,3.0,2,1.0,2.0,False,True,False,False,False,False,False,0
52.0,2.0,36.0,3.0,1,1.0,2.0,False,True,False,False,False,False,False,0
52.0,2.0,18.0,1.0,2,1.0,2.0,True,True,False,False,False,False,False,0
28.0,5.0,48.0,1.0,3,1.0,2.0,True,False,False,True,False,False,False,0
23.0,5.0,56.0,1.0,3,1.0,2.0,False,False,True,False,False,False,False,0
12.0,5.0,36.0,3.0,5,1.0,1.0,False,False,True,False,False,False,False,0
44.0,2.0,27.0,1.0,1,1.0,2.0,False,True,False,False,False,False,False,0
38.0,2.0,36.0,3.0,2,1.0,2.0,True,False,False,True,False,False,False,0
69.0,4.0,36.0,3.0,7,1.0,2.0,True,False,False,True,False,False,False,0
19.0,5.0,32.0,1.0,3,1.0,2.0,False,False,False,True,False,False,False,0
14.0,5.0,36.0,3.0,3,1.0,1.0,False,False,True,False,False,False,False,0
5.0,5.0,36.0,4.0,3,2.0,1.0,True,False,False,False,False,False,True,0
52.0,2.0,36.0,3.0,2,1.0,2.0,True,True,False,False,False,False,False,0
58.0,1.0,36.0,2.0,1,1.0,2.0,False,False,False,False,False,True,False,0
53.0,1.0,36.0,3.0,2,1.0,2.0,True,False,False,False,False,True,False,0
23.0,5.0,36.0,3.0,3,1.0,1.0,True,False,False,False,True,False,False,0
19.0,5.0,36.0,3.0,3,1.0,1.0,True,False,False,False,True,False,False,0
48.0,1.0,45.0,1.0,1,1.0,2.0,False,False,True,False,False,False,False,0
46.0,1.0,36.0,3.0,2,1.0,2.0,True,False,True,False,False,False,False,0
26.0,5.0,6.0,1.0,3,1.0,1.0,True,False,False,False,True,False,False,0
24.0,5.0,8.0,1.0,3,1.0,1.0,False,False,False,False,True,False,False,0
61.0,2.0,36.0,1.0,1,1.0,2.0,False,True,False,False,False,False,False,0
11.0,5.0,36.0,3.0,3,1.0,1.0,True,False,False,False,False,False,False,0
59.0,3.0,48.0,1.0,1,1.0,2.0,True,False,True,False,False,False,False,0
20.0,5.0,48.0,1.0,3,1.0,2.0,False,False,False,True,False,False,False,0
38.0,1.0,40.0,1.0,1,1.0,2.0,False,False,False,False,False,True,False,0
22.0,1.0,36.0,1.0,4,1.0,2.0,True,False,False,True,False,False,False,0
84.0,4.0,36.0,3.0,1,1.0,2.0,False,True,False,False,False,False,False,0
46.0,2.0,40.0,1.0,1,1.0,2.0,False,False,False,False,True,False,False,0
40.0,2.0,36.0,3.0,2,1.0,2.0,True,False,False,False,True,False,False,0
11.0,5.0,36.0,3.0,3,1.0,1.0,False,False,True,False,False,False,False,0
1.0,5.0,36.0,4.0,3,3.0,2.0,True,False,False,False,False,False,True,0
29.0,1.0,40.0,1.0,1,1.0,1.0,False,False,False,False,True,False,False,0
35.0,1.0,35.0,1.0,2,1.0,2.0,True,False,False,False,False,True,False,0
66.0,5.0,70.0,1.0,1,1.0,2.0,False,False,False,True,False,False,False,0
78.0,2.0,36.0,3.0,1,1.0,2.0,False,True,False,False,False,False,False,0
81.0,2.0,36.0,3.0,2,1.0,2.0,True,True,False,False,False,False,False,0
27.0,5.0,40.0,1.0,3,1.0,2.0,False,False,False,True,False,False,False,0
67.0,3.0,36.0,3.0,1,2.0,2.0,False,False,False,False,False,False,False,0
47.0,3.0,40.0,1.0,3,1.0,2.0,True,False,True,False,False,False,False,0
72.0,4.0,36.0,3.0,1,1.0,2.0,False,True,False,False,False,False,False,0
61.0,2.0,30.0,1.0,1,1.0,2.0,False,False,False,False,False,True,False,0
55.0,2.0,25.0,1.0,2,1.0,2.0,True,False,False,False,False,True,False,0
49.0,2.0,40.0,1.0,1,1.0,2.0,False,True,False,False,False,False,False,0
46.0,2.0,48.0,1.0,2,1.0,2.0,True,False,False,True,False,False,False,0
10.0,5.0,36.0,3.0,3,1.0,1.0,True,False,False,False,False,False,False,0
18.0,5.0,36.0,3.0,3,1.0,1.0,True,False,False,False,True,False,False,0
80.0,2.0,36.0,3.0,1,1.0,2.0,False,True,False,False,False,False,False,0
76.0,2.0,36.0,3.0,2,1.0,2.0,True,True,False,False,False,False,False,0
25.0,5.0,36.0,3.0,3,1.0,1.0,True,False,False,False,True,False,False,0
22.0,5.0,40.0,1.0,3,1.0,2.0,False,False,False,True,False,False,False,0
22.0,5.0,54.0,1.0,3,1.0,2.0,False,False,False,True,False,False,False,0
15.0,5.0,36.0,3.0,3,2.0,1.0,False,False,False,False,False,False,False,0
68.0,2.0,60.0,1.0,1,1.0,2.0,False,False,False,True,False,False,False,0
67.0,2.0,25.0,1.0,2,1.0,2.0,True,False,False,False,False,True,False,0
51.0,2.0,40.0,1.0,1,1.0,2.0,False,False,False,True,False,False,False,0
45.0,2.0,72.0,1.0,2,1.0,2.0,True,False,False,False,False,True,False,0
65.0,3.0,0.0,1.0,1,1.0,2.0,True,False,False,False,False,True,False,0
74.0,2.0,48.0,1.0,1,1.0,2.0,False,True,False,False,False,False,False,0
71.0,2.0,48.0,1.0,2,1.0,2.0,True,True,False,False,False,False,False,0
63.0,1.0,44.0,1.0,1,1.0,2.0,False,True,False,False,False,False,False,0
62.0,1.0,36.0,1.0,2,1.0,2.0,True,True,False,False,False,False,False,0
17.0,5.0,36.0,2.0,3,1.0,1.0,True,False,False,False,True,False,False,0
34.0,1.0,24.0,1.0,2,1.0,2.0,False,False,True,False,False,False,False,0
52.0,3.0,36.0,3.0,6,1.0,2.0,True,False,True,False,False,False,False,0
51.0,5.0,38.0,1.0,1,1.0,2.0,False,True,False,False,False,False,False,0
35.0,5.0,40.0,1.0,3,1.0,2.0,True,False,True,False,False,False,False,0
15.0,5.0,36.0,3.0,5,1.0,1.0,True,False,True,False,False,False,False,0
70.0,4.0,36.0,3.0,1,1.0,2.0,True,False,False,False,True,False,False,0
47.0,5.0,12.0,1.0,3,1.0,2.0,True,False,False,True,False,False,False,0
21.0,5.0,36.0,3.0,5,1.0,2.0,False,False,False,False,False,False,False,0
40.0,1.0,21.0,1.0,1,1.0,2.0,True,False,True,False,False,False,False,0
12.0,5.0,36.0,3.0,3,1.0,1.0,True,False,False,False,False,False,False,0
15.0,5.0,36.0,3.0,3,1.0,1.0,False,False,True,False,False,False,False,0
28.0,1.0,48.0,1.0,2,1.0,2.0,True,False,False,False,False,True,False,0
69.0,2.0,36.0,3.0,2,1.0,2.0,True,True,False,False,False,False,False,0
32.0,1.0,36.0,1.0,3,1.0,2.0,False,False,False,True,False,False,False,0
30.0,1.0,36.0,3.0,4,1.0,2.0,True,True,False,False,False,False,False,0
6.0,5.0,36.0,4.0,5,1.0,1.0,True,False,False,False,False,False,False,0
72.0,2.0,52.0,1.0,1,1.0,2.0,True,True,False,False,False,False,False,0
72.0,2.0,36.0,3.0,2,1.0,2.0,False,True,False,False,False,False,False,0
68.0,2.0,36.0,3.0,1,1.0,2.0,False,True,False,False,False,False,False,0
21.0,5.0,36.0,3.0,3,1.0,1.0,True,False,False,False,True,False,False,0
16.0,5.0,36.0,3.0,3,1.0,1.0,False,False,True,False,False,False,False,0
51.0,3.0,44.0,1.0,1,1.0,2.0,False,False,True,False,False,False,False,0
56.0,5.0,36.0,3.0,2,1.0,2.0,True,False,False,True,False,False,False,0
23.0,5.0,36.0,2.0,3,1.0,1.0,True,False,False,False,True,False,False,0
18.0,5.0,12.0,1.0,3,1.0,2.0,False,False,False,True,False,False,False,0
41.0,2.0,48.0,1.0,1,1.0,2.0,False,False,False,True,False,False,False,0
40.0,2.0,30.0,1.0,2,1.0,2.0,True,False,False,True,False,False,False,0
12.0,5.0,36.0,3.0,3,1.0,1.0,False,False,True,False,False,False,False,0
11.0,5.0,36.0,3.0,3,1.0,1.0,False,False,False,False,False,False,False,0
8.0,5.0,36.0,4.0,3,1.0,1.0,True,False,False,False,False,False,False,0
72.0,4.0,36.0,3.0,1,1.0,2.0,False,True,False,False,False,False,False,0
50.0,5.0,63.0,1.0,3,1.0,2.0,False,False,False,False,True,False,False,0
40.0,2.0,40.0,1.0,4,1.0,2.0,False,False,False,True,False,False,False,0
53.0,1.0,12.0,1.0,1,2.0,3.0,True,False,False,False,False,False,True,0
65.0,1.0,36.0,3.0,2,1.0,2.0,False,False,False,True,False,False,False,0
50.0,5.0,36.0,1.0,1,1.0,2.0,False,False,False,False,False,True,False,0
33.0,5.0,18.0,1.0,3,1.0,2.0,False,False,False,False,True,False,False,0
43.0,5.0,35.0,1.0,3,1.0,2.0,True,False,False,True,False,False,False,0
12.0,5.0,36.0,3.0,5,1.0,1.0,True,False,True,False,False,False,False,0
36.0,1.0,45.0,1.0,1,1.0,1.0,True,False,False,False,True,False,False,0
39.0,1.0,45.0,1.0,2,1.0,2.0,False,False,False,False,True,False,False,0
22.0,5.0,36.0,3.0,3,1.0,2.0,False,False,False,True,False,False,False,0
19.0,5.0,36.0,3.0,3,1.0,2.0,True,False,False,True,False,False,False,0
13.0,5.0,36.0,3.0,3,1.0,1.0,False,False,True,False,False,False,False,0
55.0,5.0,30.0,1.0,3,1.0,2.0,True,False,False,True,False,False,False,0
70.0,4.0,36.0,3.0,1,1.0,2.0,True,False,False,False,False,True,False,0
62.0,2.0,36.0,3.0,2,1.0,2.0,True,False,False,True,False,False,False,0
74.0,2.0,36.0,3.0,1,1.0,2.0,False,True,False,False,False,False,False,0
66.0,2.0,36.0,3.0,2,1.0,2.0,True,False,False,True,False,False,False,0
52.0,5.0,0.0,1.0,1,1.0,2.0,False,False,False,False,False,True,False,0
42.0,5.0,60.0,1.0,1,1.0,2.0,False,False,False,True,False,False,False,0
68.0,4.0,36.0,3.0,6,1.0,2.0,True,False,False,False,True,False,False,0
55.0,5.0,25.0,1.0,1,1.0,2.0,True,False,False,True,False,False,False,0
68.0,2.0,36.0,3.0,1,1.0,2.0,False,False,False,False,False,False,False,0
53.0,1.0,36.0,3.0,1,1.0,2.0,True,False,False,True,False,False,False,0
33.0,3.0,10.0,1.0,3,1.0,2.0,True,False,False,True,False,False,False,0
58.0,1.0,20.0,1.0,2,1.0,2.0,False,False,False,True,False,False,False,0
2.0,5.0,36.0,4.0,5,2.0,3.0,True,False,False,False,False,False,True,0
32.0,3.0,12.0,1.0,1,1.0,1.0,True,False,True,False,False,False,False,0
22.0,5.0,24.0,1.0,8,1.0,1.0,False,False,True,False,False,False,False,0
9.0,5.0,36.0,4.0,5,1.0,1.0,True,False,False,False,False,False,False,0
58.0,1.0,50.0,1.0,1,1.0,2.0,False,True,False,False,False,False,False,0
47.0,1.0,36.0,3.0,2,1.0,2.0,True,True,False,False,False,False,False,0
29.0,5.0,36.0,3.0,3,1.0,2.0,True,False,False,True,False,False,False,0
18.0,5.0,36.0,3.0,3,1.0,1.0,True,False,True,False,False,False,False,0
82.0,2.0,74.0,1.0,1,1.0,2.0,False,True,False,False,False,False,False,0
74.0,2.0,36.0,3.0,2,1.0,2.0,True,True,False,False,False,False,False,0
50.0,5.0,40.0,1.0,3,1.0,2.0,False,False,True,False,False,False,False,0
73.0,3.0,36.0,3.0,1,1.0,2.0,True,True,False,False,False,False,False,0
54.0,2.0,48.0,1.0,1,1.0,2.0,False,False,False,False,False,True,False,0
53.0,2.0,36.0,1.0,2,1.0,2.0,True,False,False,False,False,True,False,0
23.0,5.0,36.0,3.0,3,1.0,1.0,False,False,False,False,True,False,False,0
22.0,5.0,36.0,3.0,3,1.0,1.0,False,False,False,False,True,False,False,0
16.0,5.0,36.0,3.0,3,1.0,1.0,False,False,True,False,False,False,False,0
50.0,2.0,36.0,3.0,1,1.0,2.0,False,False,False,False,False,True,False,0
10.0,5.0,36.0,3.0,3,1.0,1.0,True,False,False,False,False,False,False,0
5.0,5.0,36.0,4.0,5,1.0,1.0,True,False,False,False,False,False,False,0
4.0,5.0,36.0,4.0,5,1.0,1.0,True,False,False,False,False,False,True,0
31.0,2.0,36.0,3.0,3,1.0,2.0,True,False,False,False,False,True,False,0
33.0,1.0,48.0,1.0,1,1.0,2.0,False,False,False,True,False,False,False,0
26.0,1.0,36.0,3.0,2,1.0,2.0,True,False,True,False,False,False,False,0
7.0,5.0,36.0,4.0,3,1.0,1.0,False,False,False,False,False,False,False,0
44.0,1.0,84.0,1.0,1,1.0,2.0,True,True,False,False,False,False,False,0
26.0,5.0,56.0,1.0,3,1.0,2.0,True,False,False,True,False,False,False,0
43.0,1.0,72.0,1.0,2,1.0,2.0,False,True,False,False,False,False,False,0
71.0,2.0,40.0,1.0,1,1.0,2.0,False,False,False,False,True,False,False,0
69.0,2.0,36.0,3.0,2,1.0,2.0,True,False,False,False,False,True,False,0
62.0,2.0,40.0,1.0,1,1.0,2.0,False,False,False,False,False,True,False,0
35.0,1.0,56.0,1.0,1,1.0,2.0,False,False,False,True,False,False,False,0
28.0,1.0,56.0,1.0,2,1.0,2.0,True,False,False,True,False,False,False,0
26.0,1.0,35.0,1.0,1,1.0,1.0,True,False,False,False,True,False,False,0
28.0,1.0,40.0,1.0,2,1.0,2.0,False,False,True,False,False,False,False,0
10.0,5.0,36.0,3.0,3,1.0,1.0,True,False,False,False,False,False,False,0
44.0,1.0,56.0,1.0,1,1.0,2.0,False,False,False,True,False,False,False,0
44.0,1.0,36.0,3.0,2,1.0,2.0,True,False,False,True,False,False,False,0
21.0,5.0,36.0,3.0,3,1.0,1.0,False,False,True,False,False,False,False,0
19.0,5.0,36.0,3.0,3,1.0,1.0,True,False,True,False,False,False,False,0
67.0,4.0,0.0,1.0,6,1.0,2.0,True,True,False,False,False,False,False,0
54.0,2.0,28.0,1.0,1,1.0,2.0,False,False,True,False,False,False,False,0
51.0,2.0,28.0,1.0,2,1.0,2.0,True,False,False,False,False,True,False,0
89.0,4.0,36.0,3.0,1,1.0,2.0,True,True,False,False,False,False,False,0
20.0,5.0,36.0,3.0,1,1.0,1.0,True,False,False,False,True,False,False,0
22.0,5.0,48.0,1.0,9,1.0,1.0,False,False,False,False,True,False,False,0
61.0,5.0,36.0,3.0,1,1.0,2.0,True,False,True,False,False,False,False,0
28.0,5.0,36.0,3.0,3,1.0,1.0,True,False,False,False,False,True,False,0
67.0,4.0,36.0,3.0,1,1.0,2.0,True,False,False,True,False,False,False,0
34.0,5.0,36.0,3.0,3,1.0,2.0,False,False,False,False,False,True,False,0
67.0,2.0,36.0,1.0,1,1.0,2.0,False,True,False,False,False,False,False,0
69.0,2.0,36.0,3.0,2,1.0,2.0,True,True,False,False,False,False,False,0
31.0,5.0,36.0,3.0,3,1.0,1.0,True,False,False,False,True,False,False,0
66.0,2.0,36.0,3.0,1,1.0,2.0,True,False,False,True,False,False,False,0
67.0,2.0,36.0,3.0,2,1.0,2.0,False,True,False,False,False,False,False,0
38.0,5.0,40.0,1.0,3,1.0,2.0,False,False,False,True,False,False,False,0
47.0,2.0,45.0,1.0,1,1.0,2.0,True,False,False,False,False,True,False,0
51.0,2.0,60.0,1.0,2,1.0,2.0,False,False,False,True,False,False,False,0
6.0,5.0,36.0,4.0,3,2.0,1.0,False,False,False,False,False,False,True,0
49.0,1.0,60.0,1.0,1,1.0,2.0,False,False,False,True,False,False,False,0
48.0,1.0,20.0,1.0,2,1.0,2.0,True,False,False,True,False,False,False,0
31.0,5.0,36.0,2.0,3,1.0,2.0,False,False,False,True,False,False,False,0
13.0,5.0,36.0,3.0,3,1.0,1.0,False,False,True,False,False,False,False,0
70.0,5.0,36.0,3.0,7,1.0,2.0,True,False,False,False,False,False,False,0
38.0,1.0,0.0,1.0,1,1.0,2.0,True,False,False,False,False,True,False,0
35.0,1.0,48.0,1.0,2,1.0,2.0,False,False,False,True,False,False,False,0
73.0,1.0,36.0,3.0,2,1.0,2.0,False,False,False,True,False,False,False,0
47.0,5.0,20.0,1.0,1,1.0,2.0,True,False,False,False,False,True,False,0
75.0,4.0,36.0,3.0,6,1.0,2.0,True,False,False,False,False,False,False,0
62.0,1.0,36.0,3.0,1,1.0,2.0,True,False,False,False,False,True,False,0
46.0,5.0,36.0,3.0,8,1.0,2.0,True,False,True,False,False,False,False,0
41.0,5.0,72.0,1.0,1,1.0,2.0,False,False,False,False,True,False,False,0
15.0,5.0,36.0,3.0,3,1.0,1.0,False,False,True,False,False,False,False,0
45.0,1.0,40.0,1.0,1,1.0,2.0,True,False,False,True,False,False,False,0
62.0,1.0,48.0,1.0,2,1.0,2.0,False,False,False,True,False,False,False,0
16.0,5.0,36.0,3.0,3,1.0,1.0,True,False,True,False,False,False,False,0
13.0,5.0,36.0,3.0,3,1.0,1.0,True,False,True,False,False,False,False,0
13.0,5.0,36.0,3.0,3,1.0,1.0,True,False,True,False,False,False,False,0
50.0,2.0,40.0,1.0,1,1.0,2.0,False,False,False,True,False,False,False,0
45.0,2.0,36.0,3.0,2,1.0,2.0,True,False,False,True,False,False,False,0
14.0,5.0,36.0,3.0,3,1.0,1.0,True,False,True,False,False,False,False,0
11.0,5.0,36.0,3.0,3,1.0,1.0,False,False,False,False,False,False,False,0
20.0,5.0,36.0,3.0,3,1.0,1.0,False,False,False,False,True,False,False,0
50.0,2.0,48.0,1.0,2,1.0,2.0,True,False,False,True,False,False,False,0
25.0,5.0,48.0,1.0,3,1.0,2.0,False,False,False,True,False,False,False,0
21.0,5.0,24.0,1.0,3,1.0,2.0,True,False,False,True,False,False,False,0
7.0,5.0,36.0,4.0,3,1.0,1.0,True,False,False,False,False,False,False,0
91.0,4.0,36.0,3.0,1,1.0,2.0,False,True,False,False,False,False,False,0
35.0,1.0,40.0,1.0,1,1.0,2.0,False,False,False,False,False,False,False,0
30.0,1.0,36.0,3.0,2,1.0,2.0,True,False,False,True,False,False,False,0
59.0,1.0,84.0,1.0,1,1.0,2.0,False,True,False,False,False,False,False,0
52.0,1.0,20.0,1.0,2,1.0,2.0,True,False,True,False,False,False,False,0
20.0,5.0,36.0,3.0,3,1.0,1.0,True,False,False,False,True,False,False,0
13.0,5.0,36.0,3.0,3,1.0,1.0,True,False,True,False,False,False,False,0
50.0,1.0,32.0,1.0,1,1.0,2.0,False,True,False,False,False,False,False,0
45.0,1.0,36.0,2.0,2,1.0,2.0,True,False,True,False,False,False,False,0
1.0,5.0,36.0,4.0,3,3.0,2.0,True,False,False,False,False,False,True,0
76.0,2.0,12.0,1.0,1,1.0,2.0,False,False,True,False,False,False,False,0
72.0,2.0,36.0,3.0,2,1.0,2.0,True,True,False,False,False,False,False,0
70.0,4.0,36.0,3.0,1,1.0,2.0,True,False,False,False,True,False,False,0
41.0,5.0,8.0,1.0,3,1.0,2.0,False,False,True,False,False,False,False,0
80.0,2.0,36.0,3.0,1,1.0,2.0,False,False,False,False,False,True,False,0
78.0,2.0,36.0,3.0,2,1.0,2.0,True,False,False,False,False,True,False,0
53.0,2.0,12.0,1.0,2,1.0,2.0,True,False,False,False,False,True,False,0
21.0,5.0,36.0,2.0,3,1.0,1.0,False,False,False,False,True,False,False,0
18.0,5.0,36.0,3.0,3,1.0,1.0,False,False,False,False,True,False,False,0
15.0,5.0,36.0,3.0,3,1.0,1.0,True,False,True,False,False,False,False,0
89.0,4.0,36.0,3.0,1,1.0,2.0,True,True,False,False,False,False,False,0
6.0,5.0,36.0,4.0,3,1.0,1.0,True,False,False,False,False,False,False,0
1.0,5.0,36.0,4.0,3,3.0,2.0,False,False,False,False,False,False,True,0
34.0,5.0,6.0,1.0,1,1.0,2.0,False,False,False,True,False,False,False,0
64.0,4.0,18.0,1.0,6,1.0,2.0,False,False,False,False,False,False,False,0
24.0,5.0,37.0,1.0,8,1.0,2.0,False,False,False,True,False,False,False,0
88.0,4.0,36.0,3.0,1,1.0,2.0,True,True,False,False,False,False,False,0
35.0,2.0,0.0,1.0,1,1.0,2.0,True,False,False,False,False,True,False,0
43.0,2.0,0.0,1.0,2,1.0,2.0,True,False,False,False,False,True,False,0
20.0,5.0,36.0,3.0,1,1.0,1.0,False,False,False,False,True,False,False,0
24.0,5.0,36.0,3.0,8,1.0,1.0,False,False,False,False,True,False,False,0
34.0,5.0,48.0,1.0,3,1.0,2.0,True,False,False,True,False,False,False,0
55.0,2.0,35.0,1.0,1,1.0,2.0,False,False,False,False,False,True,False,0
54.0,2.0,40.0,1.0,2,1.0,2.0,True,False,False,False,False,True,False,0
35.0,1.0,20.0,1.0,1,1.0,2.0,True,False,False,True,False,False,False,0
36.0,1.0,60.0,1.0,2,1.0,2.0,False,False,False,True,False,False,False,0
14.0,5.0,36.0,3.0,3,1.0,1.0,True,False,True,False,False,False,False,0
2.0,5.0,36.0,4.0,3,2.0,3.0,True,False,False,False,False,False,True,0
3.0,5.0,36.0,4.0,3,2.0,3.0,True,False,False,False,False,False,True,0
34.0,1.0,40.0,1.0,1,1.0,1.0,False,False,True,False,False,False,False,0
35.0,1.0,40.0,1.0,2,1.0,1.0,True,False,True,False,False,False,False,0
3.0,5.0,36.0,4.0,3,2.0,1.0,True,False,False,False,False,False,True,0
11.0,5.0,36.0,3.0,3,1.0,1.0,False,False,False,False,False,False,False,0
70.0,4.0,9.0,1.0,6,1.0,2.0,True,True,False,False,False,False,False,0
41.0,3.0,32.0,1.0,1,1.0,2.0,True,False,False,True,False,False,False,0
15.0,5.0,15.0,1.0,3,1.0,2.0,False,True,False,False,False,False,False,0
29.0,5.0,28.0,1.0,1,1.0,2.0,False,False,False,True,False,False,False,0
38.0,5.0,36.0,2.0,8,1.0,2.0,False,False,True,False,False,False,False,0
46.0,1.0,36.0,3.0,2,1.0,2.0,True,True,False,False,False,False,False,0
21.0,5.0,36.0,3.0,3,1.0,2.0,True,False,False,True,False,False,False,0
28.0,5.0,54.0,1.0,3,1.0,2.0,False,False,False,True,False,False,False,0
15.0,5.0,36.0,3.0,3,1.0,1.0,True,False,True,False,False,False,False,0
13.0,5.0,36.0,3.0,3,1.0,1.0,False,False,True,False,False,False,False,0
55.0,2.0,36.0,3.0,1,1.0,2.0,True,False,False,False,False,True,False,0
60.0,2.0,36.0,3.0,2,1.0,2.0,False,False,False,False,False,True,False,0
20.0,5.0,36.0,3.0,1,1.0,1.0,False,False,False,False,True,False,False,0
48.0,1.0,30.0,1.0,1,1.0,1.0,False,False,True,False,False,False,False,0
42.0,2.0,40.0,1.0,1,1.0,2.0,False,False,False,False,False,True,False,0
34.0,2.0,6.0,1.0,2,1.0,2.0,True,False,False,False,False,True,False,0
4.0,5.0,36.0,4.0,3,2.0,1.0,True,False,False,False,False,False,True,0
70.0,1.0,40.0,1.0,1,1.0,2.0,False,False,False,True,False,False,False,0
70.0,1.0,36.0,3.0,2,1.0,2.0,True,False,False,False,False,True,False,0
37.0,5.0,36.0,3.0,3,2.0,2.0,False,False,False,False,False,False,False,0
74.0,2.0,36.0,3.0,1,1.0,2.0,False,False,True,False,False,False,False,0
69.0,2.0,36.0,3.0,2,1.0,2.0,True,False,False,False,True,False,False,0
47.0,3.0,45.0,1.0,3,1.0,2.0,True,False,False,False,True,False,False,0
26.0,5.0,36.0,2.0,5,1.0,1.0,True,False,False,False,True,False,False,0
5.0,5.0,36.0,4.0,5,2.0,1.0,False,False,False,False,False,False,True,0
47.0,2.0,40.0,1.0,1,1.0,2.0,False,False,False,False,True,False,False,0
46.0,2.0,36.0,1.0,2,1.0,2.0,True,False,False,False,False,True,False,0
8.0,5.0,36.0,4.0,3,1.0,1.0,False,False,False,False,False,False,False,0
14.0,5.0,36.0,3.0,3,1.0,1.0,False,False,True,False,False,False,False,0
53.0,1.0,36.0,1.0,1,1.0,2.0,False,False,True,False,False,False,False,0
46.0,1.0,25.0,1.0,2,1.0,2.0,True,False,False,False,False,True,False,0
19.0,5.0,36.0,3.0,3,1.0,1.0,True,False,False,False,True,False,False,0
49.0,1.0,32.0,1.0,1,1.0,2.0,False,False,False,True,False,False,False,0
47.0,1.0,36.0,3.0,2,1.0,2.0,True,False,False,False,False,True,False,0
19.0,5.0,36.0,3.0,3,1.0,1.0,True,False,False,False,True,False,False,0
24.0,5.0,32.0,1.0,3,1.0,2.0,True,False,False,False,False,True,False,0
56.0,2.0,18.0,1.0,2,1.0,2.0,False,False,True,False,False,False,False,0
20.0,5.0,5.0,1.0,3,1.0,1.0,False,False,False,False,True,False,False,0
33.0,1.0,44.0,1.0,1,1.0,2.0,False,False,True,False,False,False,False,0
27.0,1.0,36.0,3.0,2,1.0,2.0,True,False,True,False,False,False,False,0
5.0,5.0,36.0,4.0,3,2.0,1.0,False,False,False,False,False,False,False,0
54.0,2.0,36.0,3.0,1,1.0,2.0,True,True,False,False,False,False,False,0
35.0,5.0,30.0,1.0,1,1.0,1.0,True,False,False,False,True,False,False,0
18.0,5.0,36.0,3.0,3,1.0,1.0,True,False,False,False,True,False,False,0
48.0,1.0,18.0,1.0,1,1.0,2.0,False,False,False,True,False,False,False,0
56.0,1.0,40.0,1.0,1,1.0,2.0,False,False,False,True,False,False,False,0
52.0,1.0,40.0,1.0,2,1.0,2.0,True,False,False,True,False,False,False,0
19.0,5.0,36.0,3.0,3,1.0,1.0,True,False,False,False,True,False,False,0
83.0,1.0,21.0,1.0,1,1.0,2.0,False,False,False,True,False,False,False,0
74.0,1.0,12.0,1.0,2,1.0,2.0,True,False,False,False,False,True,False,0
69.0,2.0,25.0,1.0,1,1.0,2.0,False,False,False,True,False,False,False,0
56.0,2.0,36.0,3.0,2,1.0,2.0,True,False,True,False,False,False,False,0
27.0,5.0,40.0,1.0,1,1.0,2.0,True,False,False,False,True,False,False,0
46.0,2.0,40.0,1.0,1,1.0,2.0,False,False,False,True,False,False,False,0
40.0,2.0,20.0,1.0,2,1.0,2.0,True,False,False,False,False,True,False,0
8.0,5.0,36.0,4.0,3,1.0,1.0,True,False,False,False,False,False,False,0
51.0,1.0,40.0,1.0,1,1.0,2.0,False,False,True,False,False,False,False,0
43.0,1.0,3.0,1.0,2,1.0,2.0,True,False,False,True,False,False,False,0
23.0,5.0,20.0,1.0,3,1.0,1.0,False,False,False,False,True,False,False,0
14.0,5.0,36.0,3.0,3,1.0,1.0,True,False,True,False,False,False,False,0
21.0,5.0,36.0,2.0,3,1.0,1.0,True,False,False,False,True,False,False,0
7.0,5.0,36.0,4.0,3,1.0,1.0,True,False,False,False,False,False,False,0
26.0,5.0,50.0,1.0,1,1.0,2.0,False,False,True,False,False,False,False,0
30.0,5.0,40.0,1.0,3,1.0,2.0,True,False,False,False,False,True,False,0
63.0,1.0,36.0,3.0,1,1.0,2.0,True,False,False,False,False,True,False,0
74.0,1.0,36.0,3.0,2,1.0,2.0,False,False,False,False,False,False,False,0
67.0,2.0,25.0,1.0,1,1.0,2.0,False,False,False,False,False,True,False,0
62.0,2.0,36.0,3.0,2,1.0,2.0,True,False,False,False,False,True,False,0
23.0,5.0,30.0,1.0,3,1.0,2.0,False,False,False,True,False,False,False,0
67.0,1.0,35.0,1.0,1,1.0,2.0,False,False,False,False,False,False,False,0
77.0,1.0,35.0,1.0,2,1.0,2.0,True,False,True,False,False,False,False,0
49.0,1.0,30.0,1.0,1,1.0,2.0,True,True,False,False,False,False,False,0
52.0,1.0,40.0,1.0,2,1.0,2.0,False,False,False,False,False,False,False,0
20.0,5.0,36.0,3.0,3,1.0,2.0,False,False,False,False,False,False,False,0
41.0,1.0,18.0,1.0,1,1.0,2.0,False,True,False,False,False,False,False,0
20.0,5.0,40.0,1.0,3,1.0,2.0,True,True,False,False,False,False,False,0
20.0,5.0,36.0,3.0,9,1.0,1.0,True,False,True,False,False,False,False,0
22.0,5.0,20.0,1.0,3,1.0,2.0,True,False,False,True,False,False,False,0
3.0,5.0,36.0,4.0,5,2.0,1.0,True,False,False,False,False,False,True,0
43.0,1.0,30.0,1.0,2,1.0,2.0,True,False,False,True,False,False,False,0
46.0,1.0,18.0,1.0,2,1.0,2.0,True,False,False,False,False,True,False,0
12.0,5.0,36.0,3.0,3,1.0,1.0,False,False,True,False,False,False,False,0
9.0,5.0,36.0,4.0,3,1.0,1.0,False,False,False,False,False,False,False,0
59.0,2.0,20.0,1.0,1,1.0,2.0,True,False,False,True,False,False,False,0
69.0,4.0,36.0,3.0,1,1.0,2.0,True,True,False,False,False,False,False,0
48.0,5.0,36.0,3.0,3,1.0,2.0,True,False,False,True,False,False,False,0
56.0,2.0,54.0,1.0,1,1.0,2.0,True,True,False,False,False,False,False,0
56.0,2.0,54.0,1.0,2,1.0,2.0,False,False,False,False,False,False,False,0
27.0,5.0,0.0,1.0,9,1.0,2.0,True,False,False,True,False,False,False,0
36.0,5.0,30.0,1.0,1,1.0,2.0,False,False,False,True,False,False,False,0
34.0,1.0,36.0,2.0,8,1.0,2.0,True,True,False,False,False,False,False,0
54.0,2.0,19.0,1.0,1,1.0,2.0,True,False,False,True,False,False,False,0
58.0,2.0,36.0,1.0,2,1.0,2.0,False,False,False,False,False,False,False,0
27.0,1.0,24.0,1.0,3,1.0,2.0,False,False,False,True,False,False,False,0
22.0,5.0,36.0,2.0,3,1.0,2.0,True,False,False,True,False,False,False,0
21.0,5.0,36.0,2.0,3,1.0,2.0,False,True,False,False,False,False,False,0
41.0,3.0,35.0,1.0,1,1.0,2.0,True,False,False,False,False,False,False,0
25.0,5.0,48.0,1.0,3,1.0,2.0,False,False,False,True,False,False,False,0
16.0,5.0,36.0,3.0,3,1.0,1.0,False,False,True,False,False,False,False,0
7.0,5.0,36.0,4.0,3,1.0,1.0,False,False,False,False,False,False,False,0
21.0,5.0,36.0,2.0,3,1.0,1.0,False,False,True,False,False,False,False,0
77.0,2.0,36.0,3.0,1,1.0,2.0,False,False,False,False,True,False,False,0
71.0,4.0,36.0,3.0,1,1.0,2.0,False,False,False,True,False,False,False,0
66.0,3.0,36.0,3.0,1,1.0,2.0,False,False,False,False,False,True,False,0
54.0,3.0,30.0,1.0,1,1.0,2.0,False,False,False,False,True,False,False,0
21.0,5.0,29.0,1.0,3,1.0,1.0,True,False,False,False,True,False,False,0
12.0,5.0,36.0,3.0,3,1.0,1.0,False,False,True,False,False,False,False,0
59.0,1.0,24.0,1.0,1,1.0,2.0,False,True,False,False,False,False,False,0
33.0,5.0,36.0,3.0,3,1.0,2.0,True,False,False,False,False,False,False,0
57.0,1.0,24.0,1.0,2,1.0,2.0,True,True,False,False,False,False,False,0
30.0,5.0,36.0,2.0,3,1.0,2.0,False,False,False,False,True,False,False,0
27.0,5.0,7.0,1.0,3,1.0,2.0,True,False,False,False,False,True,False,0
5.0,5.0,36.0,4.0,3,2.0,1.0,True,False,False,False,False,False,True,0
30.0,1.0,36.0,3.0,2,1.0,2.0,True,False,False,True,False,False,False,0
4.0,5.0,36.0,4.0,3,2.0,1.0,False,False,False,False,False,False,True,0
42.0,1.0,54.0,1.0,1,1.0,2.0,False,False,True,False,False,False,False,0
22.0,5.0,48.0,1.0,3,1.0,2.0,True,False,False,True,False,False,False,0
19.0,5.0,40.0,1.0,3,1.0,2.0,True,False,False,True,False,False,False,0
18.0,5.0,36.0,2.0,3,1.0,2.0,False,False,True,False,False,False,False,0
13.0,5.0,36.0,3.0,3,1.0,2.0,False,False,True,False,False,False,False,0
8.0,5.0,36.0,4.0,3,1.0,1.0,True,False,False,False,False,False,False,0
39.0,2.0,32.0,1.0,1,1.0,2.0,False,False,False,True,False,False,False,0
44.0,2.0,36.0,3.0,2,1.0,2.0,True,True,False,False,False,False,False,0
12.0,5.0,36.0,3.0,3,1.0,1.0,False,False,True,False,False,False,False,0
73.0,2.0,36.0,3.0,1,1.0,2.0,False,False,False,False,False,True,False,0
63.0,2.0,36.0,3.0,2,1.0,2.0,True,False,False,True,False,False,False,0
37.0,5.0,20.0,1.0,3,1.0,1.0,True,False,False,False,True,False,False,0
68.0,4.0,36.0,3.0,1,1.0,2.0,True,False,False,False,False,True,False,0
58.0,2.0,40.0,1.0,1,1.0,2.0,False,False,False,False,False,True,False,0
30.0,2.0,45.0,1.0,1,1.0,2.0,True,False,False,False,False,True,False,0
39.0,2.0,40.0,1.0,2,1.0,2.0,False,False,False,False,False,True,False,0
64.0,2.0,36.0,3.0,2,1.0,2.0,False,False,False,True,False,False,False,0
39.0,1.0,35.0,1.0,1,1.0,2.0,False,False,False,True,False,False,False,0
30.0,1.0,43.0,1.0,2,1.0,2.0,True,False,False,True,False,False,False,0
64.0,2.0,45.0,1.0,1,1.0,2.0,True,False,False,False,False,True,False,0
64.0,2.0,20.0,1.0,2,1.0,2.0,False,False,False,False,False,True,False,0
51.0,5.0,40.0,1.0,1,1.0,2.0,False,False,False,False,False,True,False,0
42.0,1.0,48.0,1.0,3,1.0,2.0,True,False,False,True,False,False,False,0
42.0,1.0,48.0,1.0,4,1.0,2.0,False,False,False,True,False,False,False,0
58.0,5.0,36.0,1.0,3,1.0,2.0,True,False,True,False,False,False,False,0
30.0,5.0,48.0,1.0,5,1.0,2.0,True,False,False,False,False,True,False,0
17.0,5.0,36.0,3.0,9,1.0,1.0,False,False,True,False,False,False,False,0
60.0,2.0,36.0,3.0,1,1.0,2.0,True,True,False,False,False,False,False,0
64.0,2.0,36.0,2.0,2,1.0,2.0,False,False,True,False,False,False,False,0
56.0,5.0,60.0,1.0,9,1.0,2.0,False,False,False,True,False,False,False,0
85.0,4.0,36.0,3.0,7,1.0,2.0,True,False,False,False,False,False,False,0
47.0,3.0,18.0,1.0,1,1.0,2.0,True,False,False,True,False,False,False,0
32.0,1.0,45.0,1.0,9,1.0,2.0,False,False,False,True,False,False,False,0
10.0,5.0,36.0,3.0,9,1.0,1.0,True,False,False,False,False,False,False,0
5.0,5.0,36.0,4.0,9,2.0,2.0,True,False,False,False,False,False,True,0
5.0,5.0,36.0,4.0,9,2.0,2.0,False,False,False,False,False,False,True,0
1.0,5.0,36.0,4.0,9,3.0,2.0,True,False,False,False,False,False,True,0
87.0,4.0,36.0,3.0,1,1.0,2.0,True,True,False,False,False,False,False,0
26.0,1.0,9.0,1.0,4,1.0,2.0,True,False,False,True,False,False,False,0
6.0,5.0,36.0,4.0,5,1.0,1.0,True,False,False,False,False,False,False,0
41.0,1.0,30.0,1.0,1,1.0,2.0,True,False,False,False,False,True,False,0
62.0,2.0,60.0,1.0,1,1.0,2.0,False,True,False,False,False,False,False,0
60.0,2.0,36.0,3.0,2,1.0,2.0,True,True,False,False,False,False,False,0
34.0,5.0,0.0,1.0,3,1.0,2.0,False,True,False,False,False,False,False,0
73.0,2.0,36.0,3.0,2,1.0,2.0,True,True,False,False,False,False,False,0
55.0,5.0,40.0,1.0,1,1.0,2.0,False,True,False,False,False,False,False,0
50.0,5.0,40.0,1.0,8,1.0,2.0,True,False,True,False,False,False,False,0
29.0,5.0,40.0,1.0,9,1.0,2.0,False,False,True,False,False,False,False,0
21.0,5.0,36.0,3.0,9,1.0,1.0,True,False,False,False,True,False,False,0
46.0,2.0,36.0,3.0,1,1.0,2.0,True,True,False,False,False,False,False,0
52.0,2.0,40.0,1.0,2,1.0,2.0,False,True,False,False,False,False,False,0
21.0,5.0,18.0,1.0,3,1.0,2.0,True,False,False,True,False,False,False,0
19.0,5.0,30.0,1.0,3,1.0,2.0,False,False,False,True,False,False,False,0
39.0,1.0,40.0,1.0,1,1.0,2.0,False,True,False,False,False,False,False,0
43.0,5.0,56.0,1.0,1,1.0,2.0,True,False,True,False,False,False,False,0
22.0,5.0,36.0,3.0,3,1.0,2.0,False,False,True,False,False,False,False,0
20.0,5.0,8.0,1.0,3,1.0,1.0,True,False,True,False,False,False,False,0
18.0,5.0,36.0,3.0,3,1.0,1.0,True,False,True,False,False,False,False,0
16.0,5.0,36.0,3.0,3,1.0,1.0,True,False,True,False,False,False,False,0
8.0,5.0,36.0,4.0,3,1.0,1.0,True,False,False,False,False,False,False,0
65.0,5.0,45.0,1.0,1,1.0,2.0,False,True,False,False,False,False,False,0
66.0,4.0,36.0,3.0,8,1.0,2.0,True,False,True,False,False,False,False,0
29.0,5.0,36.0,2.0,9,1.0,2.0,False,False,False,True,False,False,False,0
30.0,5.0,40.0,1.0,1,1.0,2.0,True,False,False,True,False,False,False,0
29.0,1.0,18.0,1.0,1,1.0,2.0,False,False,False,True,False,False,False,0
32.0,1.0,44.0,1.0,2,1.0,2.0,True,False,False,True,False,False,False,0
39.0,1.0,25.0,1.0,1,1.0,2.0,False,False,True,False,False,False,False,0
37.0,1.0,36.0,3.0,2,1.0,2.0,True,False,False,False,True,False,False,0
16.0,5.0,36.0,3.0,3,1.0,1.0,False,False,True,False,False,False,False,0
53.0,3.0,42.0,1.0,6,1.0,2.0,True,False,False,False,False,False,False,0
29.0,5.0,30.0,1.0,8,1.0,2.0,True,False,False,True,False,False,False,0
52.0,5.0,42.0,1.0,1,1.0,2.0,True,False,True,False,False,False,False,0
26.0,5.0,40.0,1.0,3,1.0,2.0,True,False,False,True,False,False,False,0
18.0,5.0,24.0,1.0,3,1.0,1.0,False,False,True,False,False,False,False,0
14.0,5.0,36.0,3.0,3,1.0,1.0,True,False,True,False,False,False,False,0
11.0,5.0,36.0,3.0,3,1.0,1.0,False,False,False,False,False,False,False,0
67.0,2.0,36.0,3.0,1,1.0,2.0,False,False,False,False,False,False,False,0
62.0,2.0,36.0,3.0,2,1.0,2.0,True,False,False,False,True,False,False,0
23.0,5.0,70.0,1.0,3,1.0,2.0,True,False,False,True,False,False,False,0
33.0,5.0,36.0,1.0,1,1.0,2.0,True,False,False,True,False,False,False,0
57.0,2.0,40.0,1.0,2,1.0,2.0,True,False,False,False,False,True,False,0
26.0,5.0,40.0,1.0,3,1.0,2.0,True,False,False,False,False,True,False,0
42.0,3.0,40.0,1.0,3,1.0,2.0,False,False,False,True,False,False,False,0
50.0,5.0,76.0,1.0,1,1.0,2.0,True,True,False,False,False,False,False,0
66.0,4.0,10.0,1.0,1,1.0,2.0,False,True,False,False,False,False,False,0
33.0,5.0,50.0,1.0,3,1.0,2.0,False,False,False,True,False,False,False,0
27.0,5.0,40.0,1.0,3,1.0,2.0,True,False,False,False,False,True,False,0
39.0,1.0,8.0,1.0,2,1.0,2.0,True,False,False,False,False,True,False,0
71.0,2.0,36.0,3.0,1,1.0,2.0,False,False,True,False,False,False,False,0
66.0,2.0,36.0,3.0,2,1.0,2.0,True,True,False,False,False,False,False,0
49.0,1.0,40.0,1.0,1,1.0,2.0,False,False,True,False,False,False,False,0
19.0,5.0,40.0,1.0,3,1.0,2.0,True,False,False,True,False,False,False,0
71.0,5.0,36.0,3.0,1,1.0,2.0,True,False,False,True,False,False,False,0
25.0,2.0,64.0,1.0,1,1.0,2.0,False,False,False,True,False,False,False,0
28.0,2.0,12.0,1.0,2,1.0,2.0,True,False,False,False,False,True,False,0
34.0,5.0,36.0,4.0,3,3.0,2.0,True,False,False,False,False,False,True,0
40.0,5.0,20.0,1.0,1,1.0,2.0,True,False,False,True,False,False,False,0
11.0,5.0,36.0,3.0,3,1.0,1.0,False,False,False,False,False,False,False,0
18.0,5.0,36.0,3.0,3,1.0,1.0,False,False,False,False,True,False,False,0
14.0,5.0,36.0,3.0,3,1.0,1.0,False,False,True,False,False,False,False,0
46.0,2.0,32.0,1.0,1,1.0,2.0,True,False,False,True,False,False,False,0
52.0,2.0,30.0,1.0,2,1.0,2.0,False,False,True,False,False,False,False,0
21.0,5.0,30.0,1.0,3,1.0,1.0,True,False,False,False,True,False,False,0
43.0,1.0,40.0,1.0,2,1.0,2.0,False,True,False,False,False,False,False,0
20.0,5.0,36.0,3.0,3,1.0,2.0,True,False,False,True,False,False,False,0
18.0,5.0,36.0,3.0,3,1.0,2.0,True,False,False,True,False,False,False,0
17.0,5.0,36.0,3.0,3,1.0,1.0,False,False,True,False,False,False,False,0
16.0,5.0,36.0,3.0,3,1.0,1.0,False,False,True,False,False,False,False,0
15.0,5.0,36.0,3.0,3,1.0,1.0,False,False,True,False,False,False,False,0
1.0,5.0,36.0,4.0,5,3.0,2.0,True,False,False,False,False,False,True,0
57.0,2.0,20.0,1.0,1,1.0,2.0,False,False,True,False,False,False,False,0
24.0,5.0,14.0,1.0,3,1.0,2.0,False,False,True,False,False,False,False,0
21.0,5.0,36.0,1.0,3,1.0,1.0,True,False,False,False,True,False,False,0
16.0,5.0,15.0,1.0,3,1.0,1.0,False,False,True,False,False,False,False,0
54.0,2.0,40.0,1.0,2,1.0,2.0,True,False,True,False,False,False,False,0
53.0,1.0,24.0,1.0,1,1.0,2.0,False,False,False,True,False,False,False,0
48.0,1.0,0.0,1.0,2,1.0,2.0,True,False,False,False,False,True,False,0
21.0,5.0,36.0,3.0,3,1.0,1.0,True,False,False,False,True,False,False,0
19.0,5.0,36.0,3.0,3,1.0,1.0,False,False,False,False,True,False,False,0
15.0,5.0,36.0,3.0,3,1.0,1.0,True,False,True,False,False,False,False,0
52.0,4.0,40.0,1.0,1,1.0,2.0,True,False,False,False,True,False,False,0
23.0,5.0,3.0,1.0,3,1.0,1.0,False,False,False,False,True,False,False,0
36.0,1.0,41.0,1.0,1,1.0,2.0,False,False,False,True,False,False,False,0
24.0,1.0,36.0,3.0,2,1.0,2.0,True,False,False,True,False,False,False,0
2.0,5.0,36.0,4.0,3,2.0,1.0,False,False,False,False,False,False,True,0
83.0,4.0,36.0,3.0,1,1.0,2.0,True,False,False,False,True,False,False,0
61.0,3.0,48.0,1.0,3,1.0,2.0,False,False,False,True,False,False,False,0
54.0,3.0,40.0,1.0,1,1.0,2.0,True,False,False,True,False,False,False,0
24.0,5.0,36.0,2.0,3,1.0,2.0,False,False,False,True,False,False,False,0
87.0,4.0,36.0,3.0,1,1.0,2.0,True,False,False,False,False,False,False,0
41.0,2.0,84.0,1.0,1,1.0,2.0,False,False,False,False,False,True,False,0
39.0,2.0,36.0,3.0,2,1.0,2.0,True,False,False,False,False,True,False,0
6.0,5.0,36.0,4.0,3,2.0,1.0,True,False,False,False,False,False,False,0
4.0,5.0,36.0,4.0,3,2.0,1.0,True,False,False,False,False,False,True,0
2.0,5.0,36.0,4.0,3,2.0,3.0,True,False,False,False,False,False,True,0
47.0,5.0,40.0,1.0,1,1.0,2.0,False,False,False,False,False,True,False,0
26.0,5.0,45.0,1.0,3,1.0,2.0,False,False,False,True,False,False,False,0
34.0,1.0,35.0,1.0,1,1.0,2.0,False,False,False,True,False,False,False,0
42.0,1.0,0.0,1.0,2,1.0,2.0,True,False,False,False,False,True,False,0
1.0,5.0,36.0,4.0,3,3.0,2.0,False,False,False,False,False,False,True,0
45.0,1.0,3.0,1.0,1,1.0,2.0,True,False,False,False,False,False,False,0
27.0,2.0,36.0,3.0,3,1.0,1.0,True,False,False,False,True,False,False,0
57.0,2.0,12.0,1.0,1,1.0,2.0,True,True,False,False,False,False,False,0
63.0,2.0,40.0,1.0,2,1.0,2.0,False,False,False,False,False,False,False,0
80.0,4.0,36.0,3.0,6,1.0,3.0,True,False,False,False,False,False,True,0
22.0,1.0,6.0,1.0,3,1.0,2.0,True,False,False,True,False,False,False,0
20.0,5.0,30.0,1.0,3,1.0,1.0,True,False,False,False,True,False,False,0
21.0,1.0,30.0,1.0,4,1.0,1.0,False,False,True,False,False,False,False,0
16.0,5.0,36.0,3.0,3,1.0,2.0,False,False,False,True,False,False,False,0
10.0,5.0,36.0,3.0,9,1.0,1.0,True,False,False,False,False,False,False,0
6.0,5.0,36.0,4.0,3,1.0,1.0,True,False,False,False,False,False,False,0
23.0,5.0,48.0,1.0,3,1.0,2.0,True,False,False,True,False,False,False,0
79.0,5.0,36.0,3.0,1,1.0,2.0,False,False,False,True,False,False,False,0
43.0,2.0,0.0,1.0,1,1.0,2.0,False,False,False,False,False,True,False,0
44.0,2.0,0.0,1.0,2,1.0,2.0,True,False,False,False,True,False,False,0
12.0,5.0,36.0,3.0,3,1.0,1.0,False,False,True,False,False,False,False,0
9.0,5.0,36.0,4.0,3,1.0,1.0,False,False,False,False,False,False,False,0
53.0,3.0,20.0,1.0,1,1.0,2.0,True,False,False,False,False,True,False,0
12.0,5.0,36.0,3.0,3,1.0,1.0,True,False,False,False,False,False,False,0
4.0,5.0,36.0,4.0,3,2.0,1.0,True,False,False,False,False,False,True,0
14.0,5.0,36.0,3.0,8,1.0,1.0,True,False,True,False,False,False,False,0
48.0,2.0,40.0,1.0,1,1.0,2.0,False,True,False,False,False,False,False,0
48.0,2.0,36.0,3.0,2,1.0,2.0,True,False,False,False,False,False,False,0
28.0,5.0,36.0,2.0,3,1.0,2.0,True,False,False,True,False,False,False,0
3.0,5.0,36.0,4.0,5,2.0,3.0,False,False,False,False,False,False,True,0
26.0,3.0,40.0,1.0,1,1.0,2.0,False,False,False,True,False,False,False,0
7.0,5.0,36.0,4.0,3,1.0,1.0,True,False,False,False,False,False,False,0
44.0,4.0,36.0,1.0,6,1.0,2.0,True,False,False,True,False,False,False,0
18.0,5.0,36.0,3.0,8,1.0,2.0,True,False,False,True,False,False,False,0
72.0,2.0,36.0,3.0,1,1.0,2.0,True,False,True,False,False,False,False,0
73.0,2.0,36.0,3.0,2,1.0,2.0,False,False,False,False,False,False,False,0
46.0,5.0,36.0,1.0,3,1.0,2.0,False,False,True,False,False,False,False,0
30.0,2.0,54.0,1.0,1,1.0,2.0,False,False,False,False,False,True,False,0
30.0,2.0,20.0,1.0,2,1.0,2.0,True,False,False,False,False,True,False,0
3.0,5.0,36.0,4.0,3,2.0,1.0,True,False,False,False,False,False,True,0
43.0,1.0,35.0,1.0,1,1.0,2.0,False,False,False,False,False,True,False,0
37.0,1.0,25.0,1.0,2,1.0,2.0,True,False,False,True,False,False,False,0
5.0,5.0,36.0,4.0,3,2.0,1.0,True,False,False,False,False,False,True,0
43.0,2.0,32.0,1.0,1,1.0,2.0,False,False,True,False,False,False,False,0
41.0,2.0,20.0,1.0,2,1.0,2.0,True,False,False,True,False,False,False,0
27.0,1.0,66.0,1.0,1,1.0,2.0,True,False,False,True,False,False,False,0
83.0,4.0,36.0,3.0,1,1.0,2.0,True,False,False,True,False,False,False,0
27.0,5.0,20.0,1.0,5,1.0,2.0,True,False,False,False,False,True,False,0
21.0,5.0,36.0,3.0,5,1.0,1.0,True,False,False,False,True,False,False,0
23.0,5.0,70.0,1.0,1,1.0,1.0,True,False,False,False,True,False,False,0
60.0,2.0,20.0,1.0,2,1.0,2.0,True,False,False,False,False,True,False,0
74.0,3.0,40.0,1.0,1,1.0,2.0,False,False,False,False,False,True,False,0
52.0,2.0,48.0,1.0,1,1.0,2.0,False,False,False,False,False,True,False,0
82.0,4.0,36.0,3.0,1,1.0,2.0,True,False,False,True,False,False,False,0
56.0,1.0,10.0,1.0,1,1.0,2.0,True,False,False,True,False,False,False,0
83.0,4.0,36.0,3.0,6,1.0,2.0,True,False,False,True,False,False,False,0
63.0,1.0,9.0,1.0,2,1.0,2.0,False,False,False,True,False,False,False,0
45.0,1.0,40.0,1.0,2,1.0,2.0,False,True,False,False,False,False,False,0
30.0,2.0,24.0,1.0,4,1.0,2.0,False,False,False,True,False,False,False,0
47.0,1.0,28.0,1.0,1,1.0,2.0,False,False,False,False,False,True,False,0
46.0,1.0,0.0,1.0,2,1.0,2.0,True,False,False,False,False,True,False,0
49.0,3.0,0.0,1.0,1,1.0,2.0,False,False,False,False,False,True,False,0
39.0,5.0,0.0,1.0,1,1.0,2.0,True,False,False,False,False,True,False,0
55.0,5.0,42.0,1.0,1,1.0,2.0,True,False,True,False,False,False,False,0
28.0,1.0,36.0,2.0,3,1.0,2.0,False,False,False,True,False,False,False,0
30.0,1.0,30.0,1.0,4,1.0,2.0,True,False,False,True,False,False,False,0
82.0,5.0,36.0,3.0,1,1.0,2.0,True,True,False,False,False,False,False,0
55.0,5.0,36.0,1.0,10,1.0,1.0,True,False,False,False,True,False,False,0
48.0,2.0,20.0,1.0,2,1.0,2.0,True,False,False,False,False,True,False,0
24.0,5.0,36.0,3.0,3,1.0,1.0,True,False,False,False,True,False,False,0
19.0,5.0,36.0,3.0,3,1.0,1.0,True,False,False,False,True,False,False,0
49.0,2.0,40.0,1.0,1,1.0,2.0,False,False,False,False,False,True,False,0
40.0,5.0,36.0,3.0,1,1.0,2.0,True,False,False,False,False,True,False,0
46.0,5.0,40.0,1.0,1,1.0,2.0,False,False,False,True,False,False,False,0
15.0,5.0,36.0,3.0,3,1.0,1.0,False,False,True,False,False,False,False,0
10.0,5.0,36.0,3.0,3,1.0,1.0,False,False,False,False,False,False,False,0
21.0,5.0,36.0,3.0,3,1.0,2.0,False,False,False,True,False,False,False,0
74.0,4.0,21.0,1.0,1,1.0,2.0,True,True,False,False,False,False,False,0
19.0,5.0,40.0,1.0,5,1.0,2.0,False,False,True,False,False,False,False,0
52.0,1.0,70.0,1.0,1,1.0,2.0,True,False,True,False,False,False,False,0
50.0,1.0,70.0,1.0,2,1.0,2.0,False,True,False,False,False,False,False,0
18.0,5.0,36.0,3.0,3,1.0,1.0,True,False,False,False,True,False,False,0
16.0,5.0,36.0,3.0,3,1.0,1.0,False,False,True,False,False,False,False,0
37.0,2.0,0.0,1.0,1,1.0,2.0,False,False,True,False,False,False,False,0
28.0,1.0,20.0,1.0,4,1.0,2.0,True,False,False,False,False,True,False,0
1.0,5.0,36.0,4.0,5,3.0,2.0,True,False,False,False,False,False,True,0
1.0,5.0,36.0,4.0,5,3.0,2.0,True,False,False,False,False,False,True,0
32.0,1.0,40.0,1.0,1,1.0,2.0,False,False,False,True,False,False,False,0
30.0,1.0,15.0,1.0,2,1.0,2.0,True,False,False,False,False,True,False,0
63.0,2.0,36.0,3.0,2,1.0,2.0,True,False,False,False,False,True,False,0
44.0,5.0,25.0,1.0,3,1.0,2.0,True,False,False,False,False,True,False,0
42.0,5.0,15.0,1.0,3,1.0,2.0,False,False,False,False,False,True,False,0
66.0,2.0,36.0,3.0,1,1.0,2.0,False,False,True,False,False,False,False,0
54.0,1.0,18.0,1.0,1,1.0,2.0,False,False,False,True,False,False,False,0
32.0,5.0,36.0,3.0,3,1.0,2.0,True,True,False,False,False,False,False,0
5.0,5.0,36.0,4.0,5,2.0,1.0,True,False,False,False,False,False,False,0
56.0,1.0,24.0,1.0,1,1.0,2.0,True,False,False,False,True,False,False,0
58.0,1.0,40.0,1.0,2,1.0,2.0,False,False,False,False,True,False,False,0
28.0,1.0,48.0,1.0,1,1.0,2.0,False,False,False,True,False,False,False,0
33.0,1.0,35.0,1.0,1,1.0,2.0,True,False,False,True,False,False,False,0
46.0,1.0,60.0,1.0,2,1.0,2.0,False,False,False,True,False,False,False,0
9.0,5.0,36.0,4.0,3,1.0,1.0,True,False,False,False,False,False,False,0
61.0,2.0,0.0,1.0,1,1.0,2.0,False,False,False,False,False,True,False,0
37.0,2.0,30.0,1.0,1,1.0,2.0,True,False,False,False,False,True,False,0
57.0,2.0,24.0,1.0,2,1.0,2.0,False,False,False,False,False,True,False,0
52.0,3.0,40.0,1.0,1,1.0,2.0,False,False,False,True,False,False,False,0
29.0,1.0,15.0,1.0,2,1.0,2.0,True,False,False,True,False,False,False,0
13.0,5.0,36.0,3.0,3,1.0,1.0,False,False,True,False,False,False,False,0
13.0,5.0,36.0,3.0,3,1.0,1.0,False,False,True,False,False,False,False,0
64.0,4.0,36.0,3.0,1,1.0,2.0,True,True,False,False,False,False,False,0
29.0,5.0,36.0,1.0,3,1.0,2.0,True,True,False,False,False,False,False,0
28.0,1.0,48.0,1.0,1,1.0,2.0,False,False,True,False,False,False,False,0
35.0,2.0,24.0,1.0,2,1.0,2.0,True,False,False,True,False,False,False,0
13.0,5.0,36.0,3.0,3,1.0,1.0,False,False,True,False,False,False,False,0
8.0,5.0,36.0,4.0,3,1.0,1.0,False,False,False,False,False,False,False,0
2.0,5.0,36.0,4.0,3,2.0,1.0,True,False,False,False,False,False,True,0
40.0,1.0,40.0,1.0,1,1.0,2.0,False,False,False,True,False,False,False,0
45.0,1.0,40.0,1.0,2,1.0,2.0,True,False,False,True,False,False,False,0
67.0,2.0,36.0,3.0,1,1.0,2.0,False,False,True,False,False,False,False,0
60.0,2.0,48.0,1.0,2,1.0,2.0,True,True,False,False,False,False,False,0
22.0,5.0,36.0,3.0,3,1.0,1.0,True,False,False,False,True,False,False,0
77.0,2.0,20.0,1.0,1,1.0,2.0,False,False,False,False,True,False,False,0
65.0,2.0,4.0,1.0,2,1.0,2.0,True,False,False,True,False,False,False,0
12.0,5.0,36.0,3.0,3,1.0,2.0,True,False,False,False,False,False,False,0
81.0,2.0,36.0,3.0,1,1.0,2.0,False,False,False,True,False,False,False,0
78.0,2.0,36.0,3.0,2,1.0,2.0,True,False,False,True,False,False,False,0
52.0,1.0,36.0,3.0,2,1.0,2.0,True,False,False,True,False,False,False,0
22.0,5.0,36.0,3.0,3,1.0,1.0,False,False,False,False,True,False,False,0
20.0,5.0,36.0,3.0,3,1.0,1.0,False,False,False,False,True,False,False,0
44.0,2.0,40.0,1.0,1,1.0,2.0,False,False,False,False,False,True,False,0
44.0,2.0,60.0,1.0,2,1.0,2.0,False,False,False,False,False,True,False,0
8.0,5.0,36.0,4.0,3,1.0,2.0,False,False,False,False,False,False,False,0
83.0,2.0,36.0,3.0,1,1.0,2.0,False,False,True,False,False,False,False,0
74.0,2.0,36.0,3.0,2,1.0,2.0,True,False,False,False,False,True,False,0
36.0,5.0,36.0,3.0,3,2.0,3.0,False,False,False,False,False,False,True,0
72.0,2.0,36.0,3.0,1,1.0,2.0,False,False,False,True,False,False,False,0
64.0,2.0,30.0,1.0,2,1.0,2.0,True,False,False,True,False,False,False,0
24.0,5.0,36.0,3.0,3,1.0,1.0,False,False,False,False,True,False,False,0
62.0,2.0,25.0,1.0,1,1.0,2.0,False,False,False,False,False,True,False,0
56.0,2.0,36.0,3.0,2,1.0,2.0,True,False,False,False,False,True,False,0
31.0,5.0,37.0,1.0,1,1.0,2.0,False,False,False,False,False,True,False,0
64.0,3.0,36.0,3.0,6,1.0,2.0,True,False,False,False,False,True,False,0
38.0,5.0,32.0,1.0,8,1.0,2.0,False,False,False,False,False,True,False,0
40.0,5.0,66.0,1.0,1,1.0,2.0,False,False,False,True,False,False,False,0
15.0,5.0,36.0,3.0,3,1.0,1.0,False,False,True,False,False,False,False,0
36.0,3.0,15.0,1.0,1,1.0,2.0,False,False,False,False,True,False,False,0
52.0,5.0,0.0,1.0,1,1.0,2.0,True,False,False,False,True,False,False,0
21.0,5.0,27.0,1.0,3,1.0,1.0,False,False,True,False,False,False,False,0
15.0,5.0,36.0,3.0,5,1.0,1.0,False,False,True,False,False,False,False,0
8.0,5.0,36.0,4.0,5,1.0,1.0,True,False,False,False,False,False,False,0
36.0,1.0,4.0,1.0,2,1.0,2.0,True,False,False,True,False,False,False,0
33.0,1.0,56.0,1.0,1,1.0,2.0,False,True,False,False,False,False,False,0
9.0,5.0,36.0,4.0,3,1.0,1.0,False,False,False,False,False,False,False,0
58.0,2.0,36.0,3.0,2,1.0,2.0,True,False,False,False,False,True,False,0
30.0,5.0,40.0,1.0,3,1.0,2.0,False,False,False,False,False,True,False,0
84.0,4.0,36.0,3.0,1,1.0,2.0,False,True,False,False,False,False,False,0
50.0,5.0,30.0,1.0,3,1.0,2.0,False,False,True,False,False,False,False,0
57.0,5.0,36.0,2.0,3,1.0,2.0,False,False,False,False,False,True,False,0
47.0,2.0,36.0,2.0,4,1.0,2.0,False,False,True,False,False,False,False,0
43.0,2.0,50.0,1.0,3,1.0,2.0,True,False,False,True,False,False,False,0
21.0,5.0,36.0,3.0,5,1.0,1.0,True,False,False,False,True,False,False,0
17.0,5.0,36.0,3.0,5,1.0,1.0,False,False,False,False,True,False,False,0
48.0,1.0,84.0,1.0,1,1.0,2.0,False,True,False,False,False,False,False,0
41.0,1.0,48.0,1.0,2,1.0,2.0,True,False,False,True,False,False,False,0
42.0,2.0,50.0,1.0,1,1.0,2.0,False,False,True,False,False,False,False,0
41.0,2.0,48.0,1.0,2,1.0,2.0,True,False,False,False,False,True,False,0
13.0,5.0,36.0,3.0,3,1.0,1.0,True,False,True,False,False,False,False,0
6.0,5.0,36.0,4.0,3,1.0,1.0,False,False,False,False,False,False,False,0
64.0,3.0,36.0,3.0,7,1.0,2.0,False,False,True,False,False,False,False,0
46.0,2.0,40.0,1.0,1,1.0,2.0,False,False,False,False,False,True,False,0
43.0,2.0,0.0,1.0,2,1.0,2.0,True,False,False,False,False,True,False,0
12.0,5.0,36.0,3.0,3,1.0,1.0,False,False,True,False,False,False,False,0
10.0,5.0,36.0,3.0,3,1.0,1.0,False,False,False,False,False,False,False,0
71.0,5.0,36.0,3.0,1,1.0,2.0,False,False,False,False,False,False,False,0
74.0,4.0,36.0,3.0,8,1.0,2.0,False,True,False,False,False,False,False,0
36.0,3.0,36.0,3.0,3,1.0,2.0,False,False,True,False,False,False,False,0
64.0,1.0,36.0,3.0,1,1.0,2.0,True,True,False,False,False,False,False,0
72.0,1.0,36.0,3.0,2,1.0,2.0,False,False,False,False,False,False,False,0
38.0,5.0,40.0,1.0,1,1.0,2.0,True,False,False,False,False,True,False,0
18.0,5.0,36.0,3.0,3,1.0,1.0,False,False,False,False,True,False,False,0
13.0,5.0,36.0,3.0,3,1.0,1.0,False,False,True,False,False,False,False,0
6.0,5.0,36.0,4.0,3,2.0,1.0,False,False,False,False,False,False,True,0
71.0,2.0,34.0,1.0,1,1.0,2.0,False,False,False,False,False,True,False,0
68.0,2.0,36.0,3.0,2,1.0,2.0,True,False,False,False,False,True,False,0
18.0,5.0,36.0,3.0,3,1.0,1.0,False,False,False,False,True,False,False,0
48.0,1.0,56.0,1.0,1,1.0,2.0,False,False,False,True,False,False,False,0
44.0,1.0,36.0,3.0,2,1.0,2.0,True,False,False,True,False,False,False,0
28.0,5.0,36.0,3.0,3,1.0,1.0,True,False,False,False,True,False,False,0
28.0,5.0,36.0,3.0,3,1.0,1.0,False,False,False,False,True,False,False,0
7.0,5.0,36.0,4.0,3,1.0,1.0,False,False,False,False,False,False,False,0
54.0,2.0,40.0,1.0,1,1.0,2.0,False,False,False,False,False,True,False,0
49.0,2.0,52.0,1.0,2,1.0,2.0,True,False,False,True,False,False,False,0
35.0,5.0,48.0,1.0,3,1.0,2.0,True,False,False,True,False,False,False,0
17.0,5.0,36.0,3.0,3,1.0,1.0,True,False,True,False,False,False,False,0
14.0,5.0,36.0,3.0,5,1.0,1.0,True,False,True,False,False,False,False,0
2.0,5.0,36.0,4.0,5,2.0,3.0,False,False,False,False,False,False,True,0
39.0,1.0,0.0,1.0,1,1.0,2.0,False,False,False,False,False,True,False,0
38.0,1.0,24.0,1.0,2,1.0,2.0,True,False,False,False,False,True,False,0
51.0,3.0,20.0,1.0,1,1.0,2.0,True,True,False,False,False,False,False,0
21.0,5.0,43.0,1.0,3,1.0,2.0,False,False,False,True,False,False,False,0
63.0,2.0,15.0,1.0,1,1.0,2.0,False,True,False,False,False,False,False,0
59.0,2.0,12.0,1.0,2,1.0,2.0,True,True,False,False,False,False,False,0
26.0,5.0,12.0,1.0,3,1.0,1.0,True,False,False,False,True,False,False,0
39.0,1.0,56.0,1.0,1,1.0,2.0,False,False,False,True,False,False,False,0
33.0,1.0,36.0,3.0,2,1.0,2.0,True,False,False,True,False,False,False,0
7.0,5.0,36.0,4.0,3,2.0,1.0,True,False,False,False,False,False,False,0
30.0,1.0,40.0,1.0,1,1.0,2.0,False,False,False,False,True,False,False,0
34.0,1.0,25.0,1.0,2,1.0,2.0,True,False,False,False,False,True,False,0
26.0,5.0,36.0,2.0,1,1.0,2.0,False,False,False,True,False,False,False,0
62.0,2.0,30.0,1.0,1,1.0,2.0,True,False,False,True,False,False,False,0
65.0,2.0,36.0,3.0,2,1.0,2.0,False,False,False,True,False,False,False,0
35.0,5.0,0.0,1.0,3,1.0,2.0,False,False,False,False,False,True,False,0
42.0,2.0,36.0,3.0,4,1.0,1.0,False,False,False,False,True,False,False,0
60.0,4.0,30.0,1.0,1,1.0,2.0,True,False,False,True,False,False,False,0
43.0,2.0,0.0,1.0,3,1.0,1.0,True,False,False,False,True,False,False,0
51.0,2.0,36.0,1.0,1,1.0,2.0,False,True,False,False,False,False,False,0
47.0,2.0,36.0,3.0,2,1.0,2.0,True,True,False,False,False,False,False,0
37.0,2.0,30.0,1.0,1,1.0,2.0,True,False,False,False,False,True,False,0
39.0,2.0,56.0,1.0,2,1.0,2.0,False,False,False,False,False,True,False,0
26.0,1.0,56.0,1.0,1,1.0,2.0,False,False,False,False,True,False,False,0
23.0,1.0,48.0,1.0,2,1.0,1.0,False,False,False,False,True,False,False,0
22.0,5.0,20.0,1.0,3,1.0,1.0,True,False,False,False,True,False,False,0
20.0,5.0,30.0,1.0,3,1.0,1.0,True,False,False,False,True,False,False,0
58.0,1.0,40.0,1.0,1,1.0,2.0,False,False,False,False,True,False,False,0
23.0,5.0,36.0,3.0,3,1.0,2.0,False,False,False,True,False,False,False,0
63.0,1.0,40.0,1.0,2,1.0,2.0,True,False,True,False,False,False,False,0
90.0,2.0,36.0,3.0,1,1.0,2.0,False,False,False,False,True,False,False,0
77.0,2.0,36.0,3.0,2,1.0,2.0,True,False,False,False,True,False,False,0
37.0,1.0,20.0,1.0,1,1.0,2.0,True,False,False,False,False,True,False,0
39.0,1.0,48.0,1.0,2,1.0,2.0,False,False,False,False,False,True,False,0
56.0,1.0,48.0,1.0,1,1.0,2.0,False,False,False,True,False,False,False,0
28.0,1.0,40.0,1.0,3,1.0,2.0,False,False,False,False,True,False,False,0
28.0,5.0,40.0,1.0,3,1.0,2.0,False,False,False,False,True,False,False,0
29.0,1.0,46.0,1.0,4,1.0,1.0,True,False,False,False,True,False,False,0
65.0,4.0,36.0,3.0,1,1.0,2.0,True,True,False,False,False,False,False,0
35.0,2.0,40.0,1.0,1,1.0,2.0,False,False,False,True,False,False,False,0
34.0,2.0,35.0,1.0,2,1.0,2.0,True,False,False,False,True,False,False,0
13.0,5.0,36.0,3.0,3,1.0,1.0,False,False,True,False,False,False,False,0
7.0,5.0,36.0,4.0,3,1.0,1.0,True,False,False,False,False,False,False,0
70.0,2.0,40.0,1.0,1,1.0,2.0,False,False,False,False,False,True,False,0
68.0,2.0,36.0,3.0,2,1.0,2.0,True,False,False,False,False,True,False,0
36.0,1.0,40.0,1.0,1,1.0,2.0,True,False,False,False,True,False,False,0
34.0,1.0,40.0,1.0,2,1.0,2.0,True,False,False,True,False,False,False,0
11.0,5.0,36.0,3.0,3,1.0,1.0,True,False,False,False,False,False,False,0
8.0,5.0,36.0,4.0,3,1.0,1.0,True,False,False,False,False,False,False,0
51.0,2.0,72.0,1.0,1,1.0,2.0,False,False,False,True,False,False,False,0
46.0,2.0,36.0,3.0,2,1.0,2.0,True,False,False,True,False,False,False,0
19.0,5.0,36.0,3.0,3,1.0,1.0,True,False,False,False,True,False,False,0
17.0,5.0,36.0,3.0,3,1.0,1.0,True,False,False,False,True,False,False,0
2.0,5.0,36.0,4.0,3,2.0,3.0,True,False,False,False,False,False,True,0
62.0,2.0,40.0,1.0,1,1.0,2.0,True,False,False,False,False,True,False,0
68.0,2.0,40.0,1.0,2,1.0,2.0,False,False,False,False,False,True,False,0
40.0,4.0,36.0,2.0,1,1.0,2.0,False,False,False,False,False,False,False,0
35.0,5.0,0.0,1.0,1,1.0,2.0,True,False,False,False,False,True,False,0
39.0,5.0,40.0,1.0,8,1.0,1.0,True,False,False,False,False,True,False,0
18.0,5.0,36.0,3.0,3,1.0,1.0,True,False,False,False,True,False,False,0
4.0,5.0,36.0,4.0,3,2.0,1.0,True,False,False,False,False,False,True,0
84.0,4.0,36.0,3.0,1,1.0,2.0,False,False,False,False,False,True,False,0
53.0,2.0,48.0,1.0,1,1.0,2.0,False,True,False,False,False,False,False,0
47.0,2.0,36.0,3.0,2,1.0,2.0,True,True,False,False,False,False,False,0
64.0,3.0,36.0,3.0,1,1.0,2.0,False,True,False,False,False,False,False,0
37.0,5.0,55.0,1.0,3,1.0,1.0,True,False,True,False,False,False,False,0
30.0,5.0,36.0,1.0,3,1.0,1.0,True,False,True,False,False,False,False,0
52.0,5.0,2.0,1.0,1,1.0,2.0,False,False,True,False,False,False,False,0
81.0,4.0,36.0,3.0,1,1.0,2.0,True,False,False,True,False,False,False,0
16.0,5.0,36.0,3.0,5,1.0,1.0,True,False,True,False,False,False,False,0
67.0,5.0,60.0,1.0,1,1.0,2.0,False,False,False,False,False,True,False,0
39.0,5.0,0.0,1.0,1,1.0,2.0,False,False,False,True,False,False,False,0
39.0,1.0,37.0,1.0,1,1.0,2.0,False,False,False,True,False,False,False,0
38.0,1.0,36.0,3.0,2,1.0,2.0,True,False,False,True,False,False,False,0
48.0,2.0,36.0,2.0,1,1.0,2.0,False,True,False,False,False,False,False,0
52.0,2.0,20.0,1.0,2,1.0,2.0,True,False,False,False,False,True,False,0
18.0,5.0,36.0,3.0,3,1.0,1.0,True,False,False,False,True,False,False,0
14.0,1.0,36.0,3.0,3,1.0,1.0,True,False,True,False,False,False,False,0
83.0,4.0,36.0,3.0,7,1.0,2.0,True,True,False,False,False,False,False,0
44.0,5.0,50.0,1.0,1,1.0,2.0,False,False,False,True,False,False,False,0
21.0,5.0,50.0,1.0,1,1.0,2.0,True,False,False,True,False,False,False,0
78.0,4.0,36.0,3.0,1,1.0,2.0,True,False,False,True,False,False,False,0
7.0,5.0,36.0,4.0,3,1.0,1.0,True,False,False,False,False,False,False,0
30.0,2.0,50.0,1.0,1,1.0,2.0,False,False,True,False,False,False,False,0
35.0,2.0,36.0,3.0,2,1.0,2.0,True,False,False,True,False,False,False,0
9.0,5.0,36.0,4.0,3,1.0,1.0,True,False,False,False,False,False,False,0
7.0,5.0,36.0,4.0,3,1.0,1.0,True,False,False,False,False,False,False,0
30.0,5.0,56.0,1.0,9,1.0,2.0,True,False,False,False,False,True,False,0
54.0,1.0,40.0,1.0,2,1.0,2.0,True,False,False,True,False,False,False,0
16.0,5.0,36.0,3.0,3,1.0,1.0,True,False,True,False,False,False,False,0
33.0,5.0,40.0,1.0,3,1.0,2.0,True,False,False,True,False,False,False,0
12.0,5.0,36.0,3.0,5,1.0,1.0,False,False,False,False,False,False,False,0
30.0,5.0,36.0,2.0,3,1.0,2.0,False,False,False,True,False,False,False,0
43.0,5.0,40.0,1.0,1,1.0,2.0,True,False,False,False,False,True,False,0
22.0,5.0,36.0,3.0,3,1.0,1.0,False,False,True,False,False,False,False,0
23.0,5.0,40.0,1.0,3,1.0,2.0,False,False,False,True,False,False,False,0
63.0,1.0,36.0,3.0,1,1.0,2.0,True,False,False,True,False,False,False,0
62.0,1.0,40.0,1.0,2,1.0,2.0,False,False,False,False,False,True,False,0
67.0,3.0,36.0,3.0,1,1.0,2.0,True,False,False,False,False,True,False,0
31.0,5.0,30.0,1.0,3,1.0,2.0,True,False,False,False,False,True,False,0
28.0,5.0,36.0,3.0,3,1.0,1.0,True,False,False,False,True,False,False,0
23.0,5.0,36.0,3.0,3,1.0,1.0,True,False,False,False,True,False,False,0
35.0,1.0,42.0,1.0,1,1.0,2.0,False,False,False,True,False,False,False,0
27.0,1.0,56.0,1.0,2,1.0,2.0,True,False,False,True,False,False,False,0
28.0,1.0,48.0,1.0,1,1.0,2.0,False,True,False,False,False,False,False,0
25.0,1.0,36.0,3.0,2,1.0,2.0,True,True,False,False,False,False,False,0
12.0,5.0,36.0,3.0,3,1.0,1.0,False,False,False,False,False,False,False,0
6.0,5.0,36.0,4.0,3,1.0,1.0,True,False,False,False,False,False,False,0
6.0,5.0,36.0,4.0,3,2.0,1.0,False,False,False,False,False,False,False,0
34.0,5.0,36.0,4.0,3,3.0,2.0,True,False,False,False,False,False,True,0
66.0,2.0,50.0,1.0,1,1.0,2.0,False,False,False,True,False,False,False,0
68.0,2.0,36.0,3.0,2,1.0,2.0,True,False,False,True,False,False,False,0
72.0,4.0,36.0,3.0,1,1.0,2.0,True,False,False,False,False,True,False,0
32.0,1.0,36.0,3.0,1,1.0,2.0,True,False,False,True,False,False,False,0
37.0,1.0,48.0,1.0,2,1.0,2.0,False,False,False,True,False,False,False,0
9.0,5.0,36.0,4.0,3,1.0,1.0,False,False,False,False,False,False,False,0
18.0,1.0,36.0,3.0,3,1.0,1.0,True,False,True,False,False,False,False,0
20.0,5.0,36.0,3.0,3,1.0,2.0,True,False,False,True,False,False,False,0
16.0,5.0,36.0,3.0,3,1.0,1.0,False,False,True,False,False,False,False,0
23.0,5.0,48.0,1.0,3,1.0,2.0,False,False,False,True,False,False,False,0
26.0,5.0,44.0,1.0,3,1.0,2.0,False,False,False,True,False,False,False,0
30.0,5.0,48.0,1.0,3,1.0,2.0,False,False,False,True,False,False,False,0
17.0,1.0,36.0,3.0,4,1.0,1.0,False,False,True,False,False,False,False,0
62.0,2.0,20.0,1.0,1,1.0,2.0,True,False,False,True,False,False,False,0
63.0,2.0,25.0,1.0,2,1.0,2.0,False,False,False,True,False,False,False,0
58.0,2.0,70.0,1.0,1,1.0,2.0,False,True,False,False,False,False,False,0
59.0,2.0,15.0,1.0,2,1.0,2.0,True,False,False,True,False,False,False,0
27.0,5.0,36.0,1.0,3,1.0,2.0,False,False,False,True,False,False,False,0
40.0,1.0,40.0,1.0,1,1.0,2.0,False,False,True,False,False,False,False,0
36.0,1.0,66.0,1.0,2,1.0,2.0,True,False,True,False,False,False,False,0
64.0,4.0,36.0,3.0,1,1.0,2.0,True,True,False,False,False,False,False,0
65.0,2.0,12.0,1.0,1,1.0,2.0,True,False,False,False,False,True,False,0
71.0,2.0,5.0,1.0,2,1.0,2.0,False,False,False,False,False,True,False,0
30.0,1.0,6.0,1.0,3,1.0,2.0,False,False,False,False,True,False,False,0
90.0,3.0,36.0,3.0,6,2.0,3.0,True,False,False,False,False,False,True,0
51.0,5.0,30.0,1.0,3,1.0,2.0,True,False,False,False,False,True,False,0
33.0,5.0,52.0,1.0,3,1.0,1.0,False,False,False,False,True,False,False,0
47.0,1.0,36.0,3.0,1,1.0,2.0,True,False,False,True,False,False,False,0
56.0,1.0,24.0,1.0,2,1.0,2.0,False,True,False,False,False,False,False,0
42.0,1.0,50.0,1.0,6,1.0,2.0,True,False,False,False,False,False,True,0
49.0,1.0,32.0,1.0,6,1.0,2.0,False,True,False,False,False,False,False,0
34.0,5.0,36.0,4.0,3,3.0,2.0,True,False,False,False,False,False,True,0
41.0,1.0,30.0,1.0,1,1.0,2.0,False,False,False,True,False,False,False,0
37.0,1.0,30.0,1.0,2,1.0,2.0,True,False,False,False,False,True,False,0
81.0,2.0,36.0,3.0,1,1.0,2.0,False,True,False,False,False,False,False,0
73.0,2.0,36.0,3.0,2,1.0,2.0,True,True,False,False,False,False,False,0
16.0,5.0,36.0,3.0,5,1.0,1.0,True,False,True,False,False,False,False,0
11.0,5.0,36.0,3.0,5,1.0,1.0,True,False,True,False,False,False,False,0
71.0,4.0,36.0,3.0,1,1.0,2.0,True,False,True,False,False,False,False,0
45.0,3.0,24.0,1.0,3,1.0,2.0,False,False,True,False,False,False,False,0
41.0,1.0,32.0,1.0,1,1.0,2.0,False,False,False,False,False,True,False,0
60.0,3.0,36.0,3.0,1,1.0,2.0,True,False,False,False,False,True,False,0
30.0,5.0,36.0,3.0,3,1.0,1.0,False,False,False,False,True,False,False,0
27.0,5.0,36.0,3.0,3,1.0,2.0,False,False,False,True,False,False,False,0
54.0,3.0,36.0,2.0,1,1.0,2.0,False,True,False,False,False,False,False,0
93.0,4.0,36.0,3.0,1,1.0,2.0,False,True,False,False,False,False,False,0
60.0,4.0,5.0,1.0,1,1.0,2.0,True,False,False,False,False,False,False,0
21.0,5.0,45.0,1.0,3,1.0,2.0,False,False,False,True,False,False,False,0
23.0,5.0,45.0,1.0,3,1.0,2.0,False,False,False,True,False,False,False,0
42.0,2.0,40.0,1.0,1,1.0,2.0,False,False,False,True,False,False,False,0
15.0,5.0,36.0,3.0,3,1.0,1.0,False,False,True,False,False,False,False,0
51.0,1.0,30.0,1.0,1,1.0,2.0,False,True,False,False,False,False,False,0
48.0,1.0,20.0,1.0,2,1.0,2.0,True,False,True,False,False,False,False,0
13.0,5.0,36.0,3.0,3,1.0,2.0,False,False,True,False,False,False,False,0
11.0,5.0,36.0,3.0,3,1.0,1.0,True,False,True,False,False,False,False,0
9.0,5.0,36.0,4.0,3,1.0,1.0,True,False,False,False,False,False,False,0
8.0,5.0,36.0,4.0,3,1.0,1.0,False,False,False,False,False,False,False,0
5.0,5.0,36.0,4.0,3,1.0,1.0,False,False,False,False,False,False,True,0
48.0,1.0,0.0,1.0,1,1.0,2.0,False,True,False,False,False,False,False,0
46.0,1.0,36.0,3.0,2,1.0,2.0,True,False,False,True,False,False,False,0
25.0,5.0,30.0,1.0,3,1.0,1.0,True,False,False,False,True,False,False,0
14.0,5.0,36.0,3.0,3,1.0,1.0,True,False,True,False,False,False,False,0
5.0,5.0,36.0,4.0,3,2.0,1.0,True,False,False,False,False,False,True,0
75.0,4.0,36.0,3.0,1,1.0,2.0,True,False,False,False,False,True,False,0
14.0,5.0,36.0,3.0,3,1.0,2.0,True,False,True,False,False,False,False,0
12.0,5.0,36.0,3.0,3,1.0,2.0,False,False,False,False,False,False,False,0
9.0,5.0,36.0,4.0,3,1.0,2.0,False,False,False,False,False,False,False,0
81.0,4.0,36.0,3.0,1,1.0,2.0,True,False,False,False,False,False,False,0
53.0,5.0,48.0,1.0,3,1.0,2.0,False,False,True,False,False,False,False,0
38.0,2.0,48.0,1.0,1,1.0,2.0,True,False,False,True,False,False,False,0
42.0,2.0,24.0,1.0,2,1.0,2.0,False,True,False,False,False,False,False,0
20.0,5.0,36.0,3.0,3,1.0,2.0,True,False,False,True,False,False,False,0
5.0,5.0,36.0,4.0,3,1.0,1.0,True,False,False,False,False,False,True,0
46.0,2.0,84.0,1.0,1,1.0,2.0,False,False,True,False,False,False,False,0
33.0,2.0,36.0,3.0,2,1.0,2.0,True,True,False,False,False,False,False,0
72.0,4.0,36.0,3.0,1,1.0,2.0,True,False,False,False,False,True,False,0
43.0,1.0,25.0,1.0,1,1.0,2.0,True,False,False,False,False,True,False,0
38.0,1.0,30.0,1.0,2,1.0,2.0,False,False,True,False,False,False,False,0
48.0,3.0,36.0,3.0,1,1.0,2.0,True,False,False,False,False,True,False,0
28.0,1.0,18.0,1.0,1,1.0,2.0,True,False,False,False,False,True,False,0
39.0,1.0,24.0,1.0,2,1.0,2.0,False,False,False,False,False,True,False,0
32.0,1.0,0.0,1.0,2,1.0,2.0,True,False,False,False,False,True,False,0
3.0,5.0,36.0,4.0,3,1.0,1.0,True,False,False,False,False,False,True,0
83.0,5.0,36.0,3.0,1,1.0,2.0,True,False,False,False,False,True,False,0
56.0,5.0,30.0,1.0,9,1.0,2.0,False,False,True,False,False,False,False,0
61.0,3.0,30.0,1.0,1,1.0,2.0,True,False,False,True,False,False,False,0
39.0,5.0,24.0,1.0,3,1.0,2.0,False,False,True,False,False,False,False,0
79.0,4.0,36.0,3.0,1,1.0,2.0,True,False,False,True,False,False,False,0
56.0,5.0,0.0,1.0,3,1.0,2.0,False,False,False,False,False,True,False,0
30.0,1.0,40.0,1.0,3,1.0,2.0,False,False,False,True,False,False,False,0
28.0,1.0,36.0,2.0,4,1.0,2.0,True,False,False,True,False,False,False,0
7.0,5.0,36.0,4.0,5,1.0,1.0,True,False,False,False,False,False,False,0
4.0,5.0,36.0,4.0,5,1.0,1.0,True,False,False,False,False,False,True,0
56.0,2.0,36.0,3.0,1,1.0,2.0,False,False,False,True,False,False,False,0
59.0,2.0,36.0,3.0,2,1.0,2.0,True,False,True,False,False,False,False,0
53.0,1.0,0.0,1.0,1,1.0,2.0,False,False,False,False,False,False,False,0
56.0,1.0,36.0,3.0,2,1.0,2.0,True,False,False,False,False,False,False,0
23.0,5.0,40.0,1.0,3,1.0,2.0,False,False,False,True,False,False,False,0
34.0,5.0,70.0,1.0,1,1.0,2.0,False,False,False,True,False,False,False,0
5.0,5.0,36.0,4.0,3,2.0,1.0,False,False,False,False,False,False,True,0
21.0,1.0,36.0,2.0,1,1.0,2.0,False,False,True,False,False,False,False,0
34.0,1.0,12.0,1.0,2,1.0,2.0,True,False,False,True,False,False,False,0
14.0,5.0,36.0,3.0,3,1.0,1.0,False,False,True,False,False,False,False,0
7.0,5.0,36.0,4.0,3,1.0,1.0,True,False,False,False,False,False,False,0
11.0,5.0,36.0,3.0,3,1.0,1.0,True,False,False,False,False,False,False,0
88.0,4.0,36.0,3.0,1,1.0,2.0,True,True,False,False,False,False,False,0
49.0,5.0,36.0,3.0,1,1.0,2.0,False,False,False,False,False,True,False,0
39.0,2.0,56.0,1.0,1,1.0,2.0,False,False,False,True,False,False,False,0
40.0,2.0,18.0,1.0,2,1.0,2.0,True,False,False,True,False,False,False,0
57.0,2.0,40.0,1.0,2,1.0,2.0,False,False,False,False,False,True,False,0
22.0,5.0,36.0,3.0,3,1.0,1.0,False,False,False,False,True,False,False,0
62.0,2.0,48.0,1.0,1,1.0,2.0,False,False,False,True,False,False,False,0
70.0,2.0,36.0,3.0,2,1.0,2.0,True,False,False,False,False,True,False,0
55.0,2.0,0.0,1.0,1,1.0,2.0,True,False,False,False,False,True,False,0
39.0,2.0,15.0,1.0,2,1.0,2.0,True,False,False,False,False,True,False,0
8.0,5.0,36.0,4.0,3,1.0,1.0,False,False,False,False,False,False,False,0
6.0,5.0,36.0,4.0,3,1.0,1.0,True,False,False,False,False,False,True,0
43.0,5.0,48.0,1.0,1,1.0,2.0,False,False,True,False,False,False,False,0
30.0,5.0,8.0,1.0,8,1.0,2.0,True,False,True,False,False,False,False,0
60.0,2.0,20.0,1.0,1,1.0,2.0,False,True,False,False,False,False,False,0
58.0,2.0,36.0,3.0,2,1.0,2.0,True,True,False,False,False,False,False,0
40.0,5.0,36.0,3.0,3,1.0,2.0,True,False,False,True,False,False,False,0
11.0,5.0,36.0,3.0,5,1.0,1.0,False,False,False,False,False,False,False,0
69.0,5.0,36.0,3.0,1,1.0,2.0,True,False,False,True,False,False,False,0
44.0,5.0,20.0,1.0,3,1.0,2.0,False,False,False,False,False,True,False,0
47.0,2.0,30.0,1.0,1,1.0,2.0,False,False,False,False,False,True,False,0
45.0,2.0,40.0,1.0,2,1.0,2.0,True,False,False,False,False,True,False,0
73.0,4.0,36.0,3.0,1,1.0,2.0,True,False,False,False,False,True,False,0
83.0,1.0,36.0,3.0,1,1.0,2.0,False,True,False,False,False,False,False,0
81.0,1.0,84.0,1.0,2,1.0,2.0,True,True,False,False,False,False,False,0
53.0,2.0,48.0,1.0,1,1.0,2.0,False,False,False,False,False,True,False,0
15.0,5.0,36.0,3.0,3,1.0,1.0,False,False,True,False,False,False,False,0
86.0,4.0,36.0,3.0,1,1.0,2.0,True,False,False,False,False,True,False,0
90.0,5.0,36.0,3.0,9,1.0,2.0,True,True,False,False,False,False,False,0
61.0,1.0,36.0,3.0,1,1.0,2.0,False,False,False,True,False,False,False,0
55.0,1.0,36.0,3.0,2,1.0,2.0,True,False,False,True,False,False,False,0
17.0,5.0,36.0,3.0,3,1.0,1.0,False,False,True,False,False,False,False,0
74.0,2.0,36.0,3.0,1,1.0,2.0,False,False,False,True,False,False,False,0
74.0,2.0,36.0,3.0,2,1.0,2.0,True,False,False,True,False,False,False,0
54.0,2.0,36.0,3.0,1,1.0,2.0,False,True,False,False,False,False,False,0
57.0,2.0,45.0,1.0,2,1.0,2.0,True,False,True,False,False,False,False,0
12.0,5.0,36.0,3.0,8,1.0,1.0,True,False,True,False,False,False,False,0
18.0,5.0,36.0,3.0,3,1.0,1.0,True,False,True,False,False,False,False,0
13.0,5.0,36.0,3.0,3,1.0,1.0,False,False,True,False,False,False,False,0
11.0,5.0,36.0,3.0,3,1.0,1.0,False,False,False,False,False,False,False,0
58.0,2.0,36.0,3.0,1,1.0,2.0,False,False,False,True,False,False,False,0
54.0,2.0,36.0,3.0,2,1.0,2.0,True,False,False,True,False,False,False,0
28.0,5.0,15.0,1.0,3,1.0,2.0,True,False,False,True,False,False,False,0
6.0,5.0,36.0,4.0,5,1.0,1.0,True,False,False,False,False,False,False,0
4.0,5.0,36.0,4.0,5,2.0,1.0,False,False,False,False,False,False,True,0
68.0,5.0,48.0,1.0,1,1.0,2.0,False,False,False,True,False,False,False,0
40.0,2.0,50.0,1.0,1,1.0,2.0,False,False,False,True,False,False,False,0
42.0,2.0,36.0,3.0,2,1.0,2.0,True,False,False,False,True,False,False,0
19.0,5.0,36.0,3.0,3,1.0,1.0,False,False,True,False,False,False,False,0
15.0,5.0,36.0,3.0,3,1.0,1.0,True,False,True,False,False,False,False,0
42.0,2.0,35.0,1.0,1,1.0,2.0,False,False,False,True,False,False,False,0
40.0,2.0,15.0,1.0,2,1.0,2.0,True,False,False,True,False,False,False,0
23.0,5.0,12.0,1.0,3,1.0,1.0,False,False,False,False,True,False,False,0
4.0,5.0,36.0,4.0,3,1.0,1.0,True,False,False,False,False,False,True,0
64.0,3.0,36.0,3.0,1,1.0,2.0,True,False,True,False,False,False,False,0
23.0,5.0,36.0,3.0,1,1.0,1.0,True,False,False,False,True,False,False,0
47.0,1.0,56.0,1.0,1,1.0,2.0,False,True,False,False,False,False,False,0
80.0,3.0,36.0,3.0,1,1.0,2.0,False,False,True,False,False,False,False,0
55.0,3.0,8.0,1.0,3,1.0,2.0,True,False,False,False,False,True,False,0
26.0,5.0,9.0,1.0,5,1.0,1.0,True,False,False,False,True,False,False,0
60.0,5.0,50.0,1.0,3,1.0,2.0,False,False,True,False,False,False,False,0
28.0,5.0,2.0,1.0,1,1.0,2.0,True,False,False,False,False,False,False,0
38.0,1.0,12.0,1.0,1,1.0,2.0,True,False,False,True,False,False,False,0
41.0,1.0,45.0,1.0,2,1.0,2.0,False,False,False,False,True,False,False,0
74.0,4.0,20.0,1.0,1,1.0,2.0,False,False,False,False,True,False,False,0
76.0,2.0,36.0,3.0,1,1.0,2.0,False,False,False,False,False,False,False,0
80.0,2.0,44.0,1.0,2,1.0,2.0,True,True,False,False,False,False,False,0
14.0,1.0,36.0,3.0,3,1.0,1.0,True,False,True,False,False,False,False,0
19.0,1.0,36.0,3.0,3,1.0,1.0,True,False,False,False,True,False,False,0
28.0,5.0,36.0,3.0,1,1.0,1.0,False,False,False,False,True,False,False,0
25.0,5.0,16.0,1.0,8,1.0,1.0,True,False,True,False,False,False,False,0
80.0,4.0,36.0,3.0,1,1.0,2.0,True,False,False,True,False,False,False,0
50.0,5.0,45.0,1.0,3,1.0,2.0,True,False,False,False,False,True,False,0
56.0,2.0,42.0,1.0,1,1.0,2.0,False,False,True,False,False,False,False,0
52.0,2.0,45.0,1.0,2,1.0,2.0,True,False,True,False,False,False,False,0
29.0,5.0,45.0,1.0,3,1.0,2.0,False,False,False,True,False,False,False,0
22.0,5.0,36.0,3.0,3,1.0,1.0,True,False,False,False,True,False,False,0
93.0,4.0,36.0,3.0,1,1.0,2.0,False,True,False,False,False,False,False,0
62.0,2.0,35.0,1.0,3,1.0,2.0,False,False,True,False,False,False,False,0
62.0,2.0,36.0,3.0,4,1.0,2.0,True,False,False,True,False,False,False,0
19.0,5.0,10.0,1.0,5,1.0,2.0,False,False,False,True,False,False,False,0
49.0,1.0,48.0,1.0,1,1.0,2.0,False,False,True,False,False,False,False,0
40.0,3.0,36.0,3.0,1,1.0,2.0,False,False,False,True,False,False,False,0
23.0,5.0,36.0,3.0,3,1.0,1.0,False,False,False,False,True,False,False,0
46.0,2.0,48.0,1.0,1,1.0,2.0,True,False,False,False,False,True,False,0
18.0,5.0,36.0,3.0,3,1.0,1.0,False,False,False,False,True,False,False,0
21.0,1.0,0.0,1.0,3,1.0,1.0,False,False,False,False,True,False,False,0
53.0,5.0,0.0,1.0,1,1.0,2.0,True,False,False,False,False,True,False,0
77.0,3.0,36.0,3.0,6,1.0,2.0,False,False,False,True,False,False,False,0
26.0,5.0,36.0,1.0,1,1.0,2.0,True,False,False,True,False,False,False,0
22.0,5.0,56.0,1.0,9,1.0,2.0,True,False,False,True,False,False,False,0
59.0,1.0,36.0,3.0,1,1.0,2.0,True,False,False,False,False,True,False,0
59.0,1.0,30.0,1.0,2,1.0,2.0,False,False,True,False,False,False,False,0
39.0,5.0,30.0,1.0,3,1.0,2.0,False,False,True,False,False,False,False,0
32.0,5.0,30.0,1.0,3,1.0,2.0,False,False,False,True,False,False,False,0
41.0,2.0,36.0,1.0,1,1.0,2.0,False,True,False,False,False,False,False,0
32.0,2.0,36.0,3.0,2,1.0,2.0,True,True,False,False,False,False,False,0
14.0,5.0,36.0,3.0,3,1.0,1.0,True,False,True,False,False,False,False,0
10.0,5.0,36.0,3.0,3,1.0,1.0,True,False,False,False,False,False,False,0
8.0,5.0,36.0,4.0,3,1.0,1.0,True,False,False,False,False,False,False,0
4.0,5.0,36.0,4.0,3,2.0,1.0,True,False,False,False,False,False,True,0
60.0,5.0,36.0,3.0,1,1.0,2.0,False,True,False,False,False,False,False,0
27.0,5.0,20.0,1.0,3,1.0,2.0,False,False,False,True,False,False,False,0
23.0,5.0,20.0,1.0,3,1.0,1.0,False,False,False,False,True,False,False,0
19.0,5.0,36.0,3.0,3,1.0,1.0,True,False,False,False,True,False,False,0
38.0,2.0,2.0,1.0,1,1.0,2.0,False,False,False,False,False,True,False,0
38.0,2.0,36.0,3.0,2,1.0,2.0,True,False,False,False,False,True,False,0
17.0,5.0,36.0,3.0,3,1.0,1.0,False,False,True,False,False,False,False,0
13.0,5.0,36.0,3.0,3,1.0,1.0,False,False,True,False,False,False,False,0
9.0,5.0,36.0,4.0,3,1.0,1.0,True,False,False,False,False,False,False,0
33.0,2.0,36.0,1.0,2,1.0,2.0,True,False,False,False,False,True,False,0
5.0,5.0,36.0,4.0,3,1.0,1.0,False,False,False,False,False,False,True,0
36.0,2.0,72.0,1.0,1,1.0,2.0,False,True,False,False,False,False,False,0
70.0,4.0,36.0,3.0,1,1.0,2.0,True,False,False,True,False,False,False,0
23.0,5.0,40.0,1.0,5,1.0,2.0,False,False,True,False,False,False,False,0
50.0,1.0,48.0,1.0,2,1.0,2.0,True,True,False,False,False,False,False,0
18.0,5.0,36.0,3.0,3,1.0,1.0,True,False,False,False,True,False,False,0
19.0,5.0,36.0,3.0,3,1.0,1.0,False,False,False,False,True,False,False,0
59.0,3.0,40.0,1.0,1,1.0,2.0,False,True,False,False,False,False,False,0
48.0,3.0,36.0,1.0,1,1.0,1.0,True,False,False,False,False,False,False,0
31.0,1.0,48.0,1.0,3,1.0,2.0,True,False,False,True,False,False,False,0
11.0,5.0,36.0,3.0,3,1.0,1.0,True,False,False,False,False,False,False,0
13.0,5.0,36.0,3.0,5,1.0,1.0,True,False,True,False,False,False,False,0
34.0,1.0,32.0,1.0,4,1.0,2.0,False,False,False,True,False,False,False,0
82.0,4.0,36.0,3.0,1,1.0,2.0,True,False,False,False,False,True,False,0
57.0,5.0,0.0,1.0,3,1.0,2.0,True,False,False,False,False,True,False,0
53.0,3.0,44.0,1.0,3,1.0,2.0,True,False,False,False,False,True,False,0
56.0,3.0,30.0,1.0,3,1.0,2.0,False,False,False,False,False,True,False,0
52.0,5.0,0.0,1.0,1,1.0,2.0,True,False,False,False,False,True,False,0
52.0,1.0,0.0,1.0,8,1.0,2.0,True,False,False,False,False,True,False,0
44.0,1.0,40.0,1.0,9,1.0,2.0,False,True,False,False,False,False,False,0
30.0,5.0,84.0,1.0,1,1.0,2.0,False,False,False,True,False,False,False,0
24.0,5.0,0.0,1.0,3,1.0,2.0,True,False,False,False,False,True,False,0
20.0,5.0,36.0,2.0,9,1.0,2.0,True,False,False,True,False,False,False,0
62.0,5.0,12.0,1.0,1,1.0,2.0,True,False,False,False,True,False,False,0
85.0,4.0,36.0,3.0,1,1.0,2.0,True,True,False,False,False,False,False,0
16.0,1.0,36.0,3.0,9,1.0,2.0,False,False,True,False,False,False,False,0
15.0,5.0,36.0,3.0,3,1.0,1.0,True,False,True,False,False,False,False,0
12.0,5.0,36.0,3.0,3,1.0,1.0,True,False,True,False,False,False,False,0
65.0,1.0,36.0,3.0,2,1.0,2.0,True,False,True,False,False,False,False,0
32.0,5.0,18.0,1.0,1,1.0,2.0,False,False,False,False,False,True,False,0
74.0,5.0,36.0,3.0,1,1.0,2.0,True,False,False,True,False,False,False,0
32.0,5.0,0.0,1.0,1,1.0,2.0,True,False,False,False,False,True,False,0
1.0,5.0,36.0,4.0,3,3.0,2.0,False,False,False,False,False,False,True,0
58.0,2.0,36.0,3.0,1,1.0,2.0,True,False,False,False,False,True,False,0
61.0,2.0,40.0,1.0,2,1.0,2.0,False,False,False,True,False,False,False,0
36.0,5.0,36.0,3.0,3,1.0,2.0,True,False,False,False,False,True,False,0
35.0,5.0,18.0,1.0,3,1.0,2.0,False,False,False,False,False,True,False,0
32.0,5.0,44.0,1.0,3,1.0,2.0,False,False,False,False,False,True,False,0
60.0,1.0,30.0,1.0,1,1.0,2.0,False,True,False,False,False,False,False,0
40.0,1.0,40.0,1.0,1,1.0,2.0,False,False,True,False,False,False,False,0
39.0,1.0,36.0,3.0,2,1.0,2.0,True,False,False,True,False,False,False,0
14.0,5.0,36.0,3.0,3,1.0,2.0,True,False,True,False,False,False,False,0
8.0,5.0,36.0,4.0,3,1.0,1.0,True,False,False,False,False,False,False,0
40.0,1.0,45.0,1.0,1,1.0,2.0,False,False,False,False,False,True,False,0
40.0,1.0,45.0,1.0,2,1.0,2.0,True,False,False,False,False,True,False,0
7.0,5.0,36.0,4.0,3,1.0,1.0,False,False,False,False,False,False,False,0
2.0,5.0,36.0,4.0,3,2.0,1.0,True,False,False,False,False,False,True,0
4.0,5.0,36.0,4.0,3,2.0,1.0,False,False,False,False,False,False,True,0
27.0,5.0,16.0,1.0,3,1.0,2.0,True,False,False,True,False,False,False,0
20.0,5.0,48.0,1.0,3,1.0,2.0,False,False,False,True,False,False,False,0
14.0,5.0,36.0,3.0,3,1.0,1.0,True,False,True,False,False,False,False,0
12.0,5.0,36.0,3.0,3,1.0,1.0,False,False,True,False,False,False,False,0
4.0,5.0,36.0,4.0,3,2.0,1.0,True,False,False,False,False,False,True,0
50.0,1.0,36.0,2.0,2,1.0,2.0,True,False,False,True,False,False,False,0
68.0,4.0,36.0,3.0,1,1.0,2.0,True,True,False,False,False,False,False,0
45.0,1.0,36.0,2.0,3,1.0,2.0,True,False,True,False,False,False,False,0
29.0,1.0,40.0,1.0,4,1.0,2.0,False,False,True,False,False,False,False,0
20.0,1.0,36.0,3.0,5,1.0,2.0,True,False,False,True,False,False,False,0
15.0,5.0,36.0,3.0,5,1.0,1.0,True,False,True,False,False,False,False,0
18.0,1.0,42.0,1.0,9,1.0,2.0,False,False,False,True,False,False,False,0
69.0,4.0,36.0,3.0,1,1.0,2.0,True,False,False,True,False,False,False,0
40.0,5.0,40.0,1.0,1,1.0,2.0,False,False,False,False,False,True,False,0
15.0,5.0,36.0,3.0,3,1.0,1.0,False,False,True,False,False,False,False,0
44.0,2.0,0.0,1.0,1,1.0,2.0,False,False,False,True,False,False,False,0
46.0,2.0,32.0,1.0,2,1.0,2.0,True,False,False,False,False,True,False,0
7.0,5.0,36.0,4.0,3,1.0,1.0,True,False,False,False,False,False,False,0
37.0,1.0,49.0,1.0,1,1.0,2.0,False,False,False,False,False,True,False,0
30.0,1.0,0.0,1.0,2,1.0,2.0,True,False,False,False,False,True,False,0
38.0,1.0,40.0,1.0,1,1.0,2.0,False,False,False,True,False,False,False,0
43.0,1.0,36.0,3.0,2,1.0,2.0,True,False,False,True,False,False,False,0
11.0,5.0,36.0,3.0,3,1.0,1.0,True,False,False,False,False,False,False,0
45.0,1.0,50.0,1.0,1,1.0,2.0,False,True,False,False,False,False,False,0
48.0,1.0,12.0,1.0,2,1.0,2.0,True,True,False,False,False,False,False,0
22.0,5.0,30.0,1.0,3,1.0,1.0,True,False,False,False,True,False,False,0
44.0,5.0,2.0,1.0,1,1.0,2.0,True,False,False,True,False,False,False,0
10.0,5.0,36.0,3.0,3,1.0,1.0,False,False,False,False,False,False,False,0
8.0,5.0,36.0,4.0,3,1.0,1.0,True,False,False,False,False,False,False,0
64.0,2.0,48.0,1.0,1,1.0,2.0,False,False,False,False,False,True,False,0
57.0,2.0,48.0,1.0,2,1.0,2.0,True,False,False,False,False,True,False,0
30.0,5.0,40.0,1.0,1,1.0,2.0,False,False,False,True,False,False,False,0
65.0,2.0,60.0,1.0,1,1.0,2.0,False,False,False,False,True,False,False,0
52.0,2.0,20.0,1.0,2,1.0,2.0,True,False,False,False,False,True,False,0
19.0,5.0,36.0,3.0,3,1.0,1.0,True,False,False,False,True,False,False,0
40.0,2.0,45.0,1.0,1,1.0,2.0,True,False,False,False,True,False,False,0
44.0,2.0,36.0,1.0,2,1.0,2.0,False,False,False,False,True,False,False,0
12.0,5.0,36.0,3.0,3,1.0,1.0,False,False,True,False,False,False,False,0
13.0,5.0,36.0,3.0,3,1.0,1.0,False,False,True,False,False,False,False,0
48.0,1.0,35.0,1.0,2,1.0,2.0,True,False,False,False,False,True,False,0
15.0,5.0,36.0,3.0,3,1.0,1.0,False,False,True,False,False,False,False,0
69.0,1.0,36.0,3.0,1,1.0,2.0,True,False,False,True,False,False,False,0
70.0,1.0,36.0,3.0,2,1.0,2.0,True,False,True,False,False,False,False,0
89.0,4.0,36.0,3.0,1,1.0,2.0,True,False,False,True,False,False,False,0
23.0,5.0,56.0,1.0,8,1.0,2.0,True,False,False,True,False,False,False,0
24.0,5.0,36.0,3.0,1,2.0,2.0,True,False,False,False,False,False,False,0
43.0,1.0,35.0,1.0,1,1.0,2.0,False,False,False,True,False,False,False,0
68.0,4.0,36.0,3.0,1,1.0,2.0,True,False,False,True,False,False,False,0
45.0,1.0,40.0,1.0,2,1.0,2.0,False,False,False,False,False,True,False,0
7.0,5.0,36.0,4.0,3,1.0,1.0,False,False,False,False,False,False,False,0
58.0,3.0,30.0,1.0,1,1.0,2.0,True,False,True,False,False,False,False,0
26.0,5.0,12.0,1.0,3,1.0,2.0,False,False,False,True,False,False,False,0
43.0,1.0,40.0,1.0,1,1.0,2.0,False,False,False,False,False,True,False,0
40.0,1.0,20.0,1.0,2,1.0,2.0,True,False,False,False,False,True,False,0
4.0,5.0,36.0,4.0,3,2.0,1.0,False,False,False,False,False,False,True,0
38.0,1.0,0.0,1.0,1,1.0,2.0,True,False,False,False,False,True,False,0
38.0,5.0,48.0,1.0,3,1.0,2.0,True,False,False,True,False,False,False,0
50.0,2.0,48.0,1.0,2,1.0,2.0,True,False,False,True,False,False,False,0
27.0,5.0,11.0,1.0,3,1.0,2.0,True,False,False,True,False,False,False,0
48.0,2.0,46.0,1.0,1,1.0,2.0,False,False,True,False,False,False,False,0
31.0,3.0,0.0,1.0,3,1.0,2.0,True,False,False,False,False,True,False,0
80.0,2.0,36.0,3.0,1,1.0,2.0,False,False,False,False,False,True,False,0
76.0,2.0,36.0,3.0,2,1.0,2.0,True,False,False,False,False,False,False,0
17.0,5.0,36.0,3.0,3,1.0,1.0,True,False,False,False,True,False,False,0
18.0,5.0,36.0,3.0,3,1.0,1.0,False,False,False,False,True,False,False,0
34.0,5.0,36.0,3.0,3,1.0,2.0,False,False,False,False,False,False,False,0
50.0,1.0,40.0,1.0,1,1.0,2.0,True,False,False,True,False,False,False,0
52.0,1.0,48.0,1.0,2,1.0,2.0,False,False,False,True,False,False,False,0
20.0,5.0,36.0,3.0,9,1.0,2.0,True,False,False,True,False,False,False,0
18.0,5.0,36.0,3.0,3,1.0,1.0,False,False,True,False,False,False,False,0
33.0,1.0,36.0,3.0,9,1.0,2.0,True,True,False,False,False,False,False,0
20.0,5.0,36.0,3.0,5,1.0,1.0,True,False,False,False,True,False,False,0
76.0,4.0,36.0,3.0,1,1.0,2.0,True,False,False,True,False,False,False,0
33.0,1.0,48.0,1.0,3,1.0,2.0,False,False,False,True,False,False,False,0
29.0,1.0,8.0,1.0,4,1.0,2.0,True,False,False,False,False,True,False,0
7.0,5.0,36.0,4.0,5,1.0,1.0,True,False,False,False,False,False,False,0
7.0,5.0,36.0,4.0,5,1.0,1.0,False,False,False,False,False,False,False,0
54.0,2.0,60.0,1.0,1,1.0,2.0,False,True,False,False,False,False,False,0
51.0,2.0,0.0,1.0,2,1.0,2.0,True,False,False,False,False,True,False,0
13.0,5.0,36.0,3.0,3,1.0,1.0,True,False,True,False,False,False,False,0
24.0,5.0,36.0,3.0,3,1.0,1.0,False,False,False,False,True,False,False,0
30.0,5.0,48.0,1.0,3,1.0,2.0,False,False,True,False,False,False,False,0
38.0,2.0,30.0,1.0,1,1.0,2.0,False,False,False,False,False,True,False,0
34.0,2.0,15.0,1.0,2,1.0,2.0,True,False,False,False,False,True,False,0
3.0,5.0,36.0,4.0,3,2.0,1.0,False,False,False,False,False,False,True,0
83.0,4.0,36.0,3.0,1,1.0,2.0,True,False,False,False,False,True,False,0
44.0,5.0,30.0,1.0,1,1.0,2.0,True,False,False,False,False,True,False,0
53.0,2.0,50.0,1.0,1,1.0,2.0,False,False,False,True,False,False,False,0
50.0,2.0,36.0,2.0,2,1.0,2.0,True,False,False,False,True,False,False,0
24.0,5.0,36.0,3.0,3,1.0,1.0,False,False,False,False,True,False,False,0
9.0,5.0,36.0,4.0,3,1.0,1.0,False,False,False,False,False,False,False,0
21.0,5.0,36.0,3.0,3,1.0,1.0,False,False,False,False,True,False,False,0
82.0,2.0,36.0,1.0,1,1.0,2.0,False,False,False,False,True,False,False,0
78.0,2.0,36.0,3.0,2,1.0,2.0,True,False,False,False,True,False,False,0
64.0,4.0,36.0,3.0,1,1.0,2.0,True,True,False,False,False,False,False,0
42.0,5.0,48.0,1.0,3,1.0,2.0,False,False,False,True,False,False,False,0
60.0,5.0,36.0,3.0,1,1.0,2.0,True,False,True,False,False,False,False,0
47.0,3.0,40.0,1.0,3,1.0,2.0,True,False,False,True,False,False,False,0
24.0,1.0,48.0,1.0,5,1.0,2.0,False,False,False,True,False,False,False,0
68.0,4.0,7.0,1.0,1,1.0,1.0,True,False,False,False,True,False,False,0
54.0,5.0,35.0,1.0,1,1.0,2.0,False,False,False,True,False,False,False,0
72.0,4.0,36.0,3.0,1,1.0,2.0,True,True,False,False,False,False,False,0
37.0,5.0,8.0,1.0,3,1.0,2.0,True,False,True,False,False,False,False,0
55.0,2.0,40.0,1.0,1,1.0,2.0,True,False,False,False,False,True,False,0
57.0,2.0,84.0,1.0,2,1.0,2.0,False,False,False,False,False,True,False,0
48.0,2.0,36.0,3.0,3,1.0,2.0,True,False,False,True,False,False,False,0
45.0,2.0,72.0,1.0,4,1.0,2.0,False,False,False,False,False,True,False,0
16.0,5.0,36.0,3.0,5,1.0,1.0,True,False,True,False,False,False,False,0
11.0,5.0,36.0,3.0,5,1.0,1.0,True,False,False,False,False,False,False,0
6.0,5.0,36.0,4.0,5,1.0,1.0,True,False,False,False,False,False,False,0
16.0,5.0,36.0,3.0,5,1.0,1.0,True,False,True,False,False,False,False,0
18.0,5.0,36.0,3.0,5,1.0,1.0,False,False,True,False,False,False,False,0
66.0,4.0,20.0,1.0,1,1.0,2.0,True,False,False,True,False,False,False,0
48.0,3.0,10.0,1.0,4,1.0,2.0,True,False,False,True,False,False,False,0
57.0,4.0,36.0,1.0,1,1.0,2.0,True,False,False,False,False,True,False,0
24.0,5.0,36.0,3.0,3,1.0,2.0,False,False,False,False,False,True,False,0
45.0,5.0,40.0,1.0,1,1.0,2.0,True,False,False,False,False,True,False,0
23.0,5.0,36.0,3.0,3,1.0,1.0,False,False,False,False,True,False,False,0
15.0,5.0,36.0,2.0,3,1.0,1.0,True,False,True,False,False,False,False,0
47.0,1.0,40.0,1.0,1,1.0,2.0,False,False,True,False,False,False,False,0
42.0,1.0,36.0,3.0,2,1.0,2.0,True,True,False,False,False,False,False,0
21.0,5.0,40.0,1.0,3,1.0,2.0,True,False,False,True,False,False,False,0
17.0,5.0,36.0,3.0,3,1.0,1.0,False,False,True,False,False,False,False,0
32.0,1.0,45.0,1.0,2,1.0,2.0,False,False,False,True,False,False,False,0
12.0,5.0,36.0,3.0,3,1.0,1.0,False,False,True,False,False,False,False,0
63.0,2.0,0.0,1.0,1,1.0,2.0,True,True,False,False,False,False,False,0
65.0,2.0,40.0,1.0,2,1.0,2.0,False,True,False,False,False,False,False,0
40.0,5.0,40.0,1.0,3,1.0,2.0,False,False,False,True,False,False,False,0
30.0,1.0,36.0,3.0,1,1.0,2.0,True,False,True,False,False,False,False,0
20.0,1.0,54.0,1.0,4,1.0,1.0,True,False,False,False,True,False,False,0
65.0,3.0,36.0,3.0,1,1.0,2.0,True,True,False,False,False,False,False,0
63.0,2.0,24.0,1.0,1,1.0,2.0,False,True,False,False,False,False,False,0
57.0,2.0,36.0,3.0,2,1.0,2.0,True,True,False,False,False,False,False,0
21.0,1.0,30.0,1.0,3,1.0,1.0,False,False,False,False,True,False,False,0
58.0,2.0,0.0,1.0,1,1.0,2.0,False,False,False,False,False,True,False,0
53.0,2.0,0.0,1.0,2,1.0,2.0,True,False,False,False,False,True,False,0
49.0,5.0,36.0,3.0,1,1.0,1.0,True,False,False,False,True,False,False,0
52.0,5.0,30.0,1.0,1,1.0,2.0,False,False,False,False,True,False,False,0
19.0,5.0,15.0,1.0,3,1.0,1.0,False,False,False,False,True,False,False,0
51.0,4.0,15.0,1.0,1,1.0,2.0,True,True,False,False,False,False,False,0
32.0,5.0,36.0,1.0,3,1.0,2.0,False,False,True,False,False,False,False,0
30.0,5.0,32.0,1.0,3,1.0,2.0,False,False,True,False,False,False,False,0
57.0,3.0,36.0,3.0,1,1.0,2.0,True,False,True,False,False,False,False,0
35.0,5.0,36.0,3.0,3,2.0,1.0,True,False,False,False,False,False,False,0
33.0,3.0,24.0,1.0,3,1.0,1.0,True,False,False,False,True,False,False,0
15.0,5.0,36.0,3.0,3,1.0,1.0,True,False,True,False,False,False,False,0
8.0,5.0,36.0,4.0,3,1.0,1.0,True,False,False,False,False,False,False,0
25.0,2.0,24.0,1.0,3,1.0,2.0,True,False,False,False,False,True,False,0
34.0,5.0,36.0,4.0,5,3.0,2.0,True,False,False,False,False,False,True,0
43.0,5.0,48.0,1.0,1,1.0,2.0,True,False,False,False,False,True,False,0
35.0,5.0,22.0,1.0,1,1.0,2.0,True,False,True,False,False,False,False,0
5.0,5.0,36.0,4.0,3,2.0,1.0,False,False,False,False,False,False,True,0
41.0,2.0,40.0,1.0,1,1.0,2.0,False,False,False,True,False,False,False,0
38.0,2.0,40.0,1.0,2,1.0,2.0,True,False,True,False,False,False,False,0
21.0,5.0,0.0,1.0,3,1.0,2.0,False,False,True,False,False,False,False,0
18.0,5.0,36.0,3.0,3,1.0,1.0,True,False,False,False,True,False,False,0
14.0,5.0,36.0,3.0,3,1.0,1.0,True,False,True,False,False,False,False,0
42.0,5.0,24.0,1.0,1,1.0,2.0,True,False,False,False,False,True,False,0
24.0,5.0,36.0,3.0,3,1.0,1.0,True,False,False,False,True,False,False,0
17.0,5.0,36.0,3.0,3,1.0,2.0,True,False,False,True,False,False,False,0
49.0,3.0,48.0,1.0,1,1.0,2.0,False,False,False,True,False,False,False,0
63.0,2.0,30.0,1.0,1,1.0,2.0,False,False,False,True,False,False,False,0
61.0,2.0,36.0,3.0,2,1.0,2.0,True,False,False,False,False,True,False,0
45.0,1.0,16.0,1.0,1,1.0,2.0,True,True,False,False,False,False,False,0
42.0,1.0,20.0,1.0,1,1.0,2.0,True,False,False,True,False,False,False,0
45.0,1.0,40.0,1.0,2,1.0,2.0,False,False,False,True,False,False,False,0
56.0,2.0,2.0,1.0,1,1.0,1.0,False,False,False,False,True,False,False,0
38.0,1.0,45.0,1.0,1,1.0,2.0,False,False,False,True,False,False,False,0
35.0,1.0,36.0,2.0,2,1.0,2.0,True,False,False,False,False,True,False,0
6.0,5.0,36.0,4.0,3,1.0,1.0,True,False,False,False,False,False,False,0
26.0,5.0,45.0,1.0,3,1.0,2.0,False,False,False,True,False,False,False,0
8.0,5.0,36.0,4.0,3,1.0,1.0,False,False,False,False,False,False,False,0
15.0,5.0,36.0,3.0,3,1.0,1.0,True,False,True,False,False,False,False,0
8.0,5.0,36.0,4.0,3,1.0,1.0,True,False,False,False,False,False,False,0
50.0,2.0,40.0,1.0,1,1.0,2.0,False,False,False,False,False,True,False,0
52.0,2.0,45.0,1.0,2,1.0,2.0,True,False,True,False,False,False,False,0
78.0,4.0,36.0,3.0,1,1.0,2.0,False,False,False,False,False,False,False,0
21.0,5.0,36.0,3.0,3,1.0,2.0,False,False,False,True,False,False,False,0
10.0,5.0,36.0,3.0,5,1.0,1.0,True,False,False,False,False,False,False,0
34.0,5.0,36.0,4.0,5,3.0,2.0,False,False,False,False,False,False,True,0
62.0,4.0,36.0,3.0,1,1.0,2.0,True,False,True,False,False,False,False,0
31.0,5.0,36.0,3.0,3,1.0,2.0,True,False,False,True,False,False,False,0
40.0,2.0,70.0,1.0,1,1.0,2.0,False,False,False,False,False,True,False,0
32.0,2.0,44.0,1.0,2,1.0,2.0,True,False,False,False,False,True,False,0
64.0,2.0,36.0,3.0,1,1.0,2.0,False,False,False,True,False,False,False,0
59.0,2.0,36.0,3.0,2,1.0,2.0,True,False,False,True,False,False,False,0
36.0,1.0,48.0,1.0,1,1.0,2.0,False,False,True,False,False,False,False,0
31.0,1.0,36.0,3.0,2,1.0,2.0,True,False,False,False,True,False,False,0
57.0,2.0,36.0,3.0,1,1.0,2.0,False,False,False,False,False,True,False,0
56.0,2.0,36.0,3.0,2,1.0,2.0,True,False,False,False,False,True,False,0
37.0,2.0,30.0,1.0,1,1.0,2.0,True,False,False,False,False,True,False,0
62.0,4.0,12.0,1.0,1,1.0,2.0,True,False,True,False,False,False,False,0
19.0,5.0,36.0,3.0,3,1.0,2.0,True,False,False,True,False,False,False,0
48.0,5.0,48.0,1.0,1,1.0,2.0,False,True,False,False,False,False,False,0
1.0,5.0,36.0,4.0,5,3.0,2.0,False,False,False,False,False,False,True,0
37.0,5.0,36.0,3.0,8,1.0,2.0,False,False,False,True,False,False,False,0
60.0,2.0,40.0,1.0,1,1.0,2.0,False,True,False,False,False,False,False,0
56.0,2.0,48.0,1.0,2,1.0,2.0,True,False,False,False,True,False,False,0
49.0,5.0,24.0,1.0,1,1.0,2.0,True,False,False,True,False,False,False,0
32.0,5.0,9.0,1.0,3,1.0,2.0,True,False,False,True,False,False,False,0
31.0,5.0,36.0,1.0,3,1.0,2.0,False,False,True,False,False,False,False,0
30.0,5.0,20.0,1.0,3,1.0,2.0,True,False,False,True,False,False,False,0
27.0,5.0,12.0,1.0,3,1.0,1.0,True,False,False,False,True,False,False,0
21.0,5.0,36.0,3.0,3,1.0,1.0,True,False,False,False,True,False,False,0
8.0,5.0,36.0,4.0,5,1.0,1.0,True,False,False,False,False,False,False,0
4.0,5.0,36.0,4.0,5,2.0,1.0,False,False,False,False,False,False,True,0
69.0,2.0,36.0,3.0,1,1.0,2.0,False,False,False,False,True,False,False,0
61.0,2.0,16.0,1.0,2,1.0,2.0,True,False,False,True,False,False,False,0
14.0,5.0,36.0,3.0,3,1.0,1.0,False,False,True,False,False,False,False,0
9.0,5.0,36.0,4.0,3,1.0,1.0,False,False,False,False,False,False,False,0
28.0,5.0,40.0,1.0,1,1.0,2.0,True,False,False,True,False,False,False,0
26.0,5.0,40.0,1.0,8,1.0,2.0,True,False,False,True,False,False,False,0
19.0,5.0,40.0,1.0,8,1.0,2.0,False,False,False,True,False,False,False,0
2.0,5.0,36.0,4.0,10,2.0,3.0,False,False,False,False,False,False,True,0
57.0,1.0,40.0,1.0,1,1.0,2.0,False,True,False,False,False,False,False,0
35.0,1.0,36.0,3.0,2,1.0,1.0,True,False,True,False,False,False,False,0
31.0,5.0,16.0,1.0,3,1.0,1.0,False,False,True,False,False,False,False,0
29.0,5.0,24.0,1.0,3,1.0,2.0,False,False,False,True,False,False,False,0
28.0,5.0,36.0,3.0,3,1.0,2.0,True,False,False,True,False,False,False,0
23.0,5.0,36.0,3.0,3,1.0,2.0,True,False,False,True,False,False,False,0
32.0,5.0,36.0,3.0,3,1.0,2.0,True,False,False,True,False,False,False,0
14.0,5.0,36.0,3.0,5,1.0,1.0,True,False,True,False,False,False,False,0
11.0,5.0,36.0,3.0,5,1.0,1.0,True,False,False,False,False,False,False,0
77.0,4.0,36.0,3.0,1,1.0,2.0,True,True,False,False,False,False,False,0
47.0,2.0,0.0,1.0,3,1.0,2.0,False,False,False,True,False,False,False,0
65.0,2.0,36.0,3.0,4,1.0,2.0,True,False,False,True,False,False,False,0
42.0,5.0,30.0,1.0,1,1.0,2.0,False,False,True,False,False,False,False,0
72.0,4.0,36.0,3.0,6,1.0,2.0,True,True,False,False,False,False,False,0
79.0,4.0,36.0,3.0,6,1.0,2.0,True,False,True,False,False,False,False,0
62.0,2.0,0.0,1.0,1,1.0,2.0,False,False,False,False,False,True,False,0
59.0,2.0,39.0,1.0,2,1.0,2.0,True,False,False,False,False,True,False,0
43.0,1.0,40.0,1.0,2,1.0,2.0,False,False,False,True,False,False,False,0
23.0,5.0,36.0,1.0,3,1.0,2.0,True,False,False,True,False,False,False,0
17.0,5.0,36.0,3.0,3,1.0,2.0,True,False,False,True,False,False,False,0
66.0,3.0,36.0,3.0,1,1.0,2.0,True,False,False,False,False,True,False,0
55.0,5.0,48.0,1.0,1,1.0,2.0,False,False,False,True,False,False,False,0
54.0,5.0,6.0,1.0,8,1.0,2.0,False,False,False,True,False,False,False,0
73.0,4.0,36.0,3.0,1,1.0,2.0,True,False,False,True,False,False,False,0
30.0,5.0,55.0,1.0,5,1.0,2.0,False,True,False,False,False,False,False,0
55.0,2.0,36.0,3.0,2,1.0,2.0,True,False,True,False,False,False,False,0
26.0,5.0,36.0,2.0,3,1.0,2.0,False,False,False,False,True,False,False,0
23.0,5.0,60.0,1.0,3,1.0,2.0,False,False,False,True,False,False,False,0
37.0,1.0,40.0,1.0,1,1.0,2.0,False,False,False,False,False,True,False,0
39.0,1.0,40.0,1.0,2,1.0,2.0,True,False,False,False,False,True,False,0
34.0,5.0,36.0,4.0,3,3.0,2.0,False,False,False,False,False,False,True,0
21.0,5.0,25.0,1.0,3,1.0,2.0,False,False,False,True,False,False,False,0
54.0,2.0,45.0,1.0,1,1.0,2.0,False,False,False,True,False,False,False,0
51.0,2.0,6.0,1.0,2,1.0,2.0,True,False,False,True,False,False,False,0
15.0,5.0,36.0,3.0,3,1.0,1.0,False,False,True,False,False,False,False,0
57.0,3.0,36.0,3.0,1,1.0,2.0,True,False,False,False,False,True,False,0
75.0,5.0,12.0,1.0,1,1.0,2.0,True,False,False,False,False,False,False,0
71.0,5.0,36.0,3.0,8,1.0,2.0,False,False,False,True,False,False,False,0
37.0,3.0,36.0,3.0,3,1.0,2.0,True,False,False,True,False,False,False,0
14.0,5.0,36.0,3.0,5,1.0,1.0,True,False,True,False,False,False,False,0
10.0,5.0,36.0,3.0,5,1.0,1.0,True,False,False,False,False,False,False,0
4.0,5.0,36.0,4.0,5,2.0,3.0,False,False,False,False,False,False,True,0
32.0,5.0,36.0,3.0,1,1.0,2.0,True,False,False,True,False,False,False,0
6.0,5.0,36.0,4.0,3,1.0,1.0,False,False,False,False,False,False,False,0
5.0,5.0,36.0,4.0,3,2.0,1.0,False,False,False,False,False,False,True,0
3.0,5.0,36.0,4.0,3,2.0,1.0,True,False,False,False,False,False,True,0
47.0,5.0,70.0,1.0,8,1.0,2.0,False,False,True,False,False,False,False,0
15.0,5.0,36.0,3.0,9,1.0,1.0,True,False,True,False,False,False,False,0
21.0,5.0,36.0,3.0,9,1.0,1.0,True,False,False,False,True,False,False,0
76.0,4.0,36.0,3.0,1,1.0,2.0,True,True,False,False,False,False,False,0
52.0,1.0,40.0,1.0,3,1.0,2.0,False,False,False,True,False,False,False,0
46.0,1.0,25.0,1.0,4,1.0,2.0,True,False,False,True,False,False,False,0
49.0,5.0,45.0,1.0,1,1.0,2.0,True,False,False,False,False,True,False,0
40.0,2.0,50.0,1.0,2,1.0,2.0,False,False,False,False,False,True,False,0
1.0,5.0,36.0,4.0,3,3.0,2.0,False,False,False,False,False,False,True,0
59.0,2.0,36.0,3.0,1,1.0,2.0,False,True,False,False,False,False,False,0
54.0,2.0,36.0,3.0,2,1.0,2.0,True,True,False,False,False,False,False,0
33.0,5.0,40.0,1.0,3,1.0,2.0,False,False,False,False,False,True,False,0
28.0,5.0,36.0,1.0,3,1.0,1.0,True,False,False,False,True,False,False,0
33.0,1.0,36.0,3.0,2,1.0,1.0,True,False,False,False,True,False,False,0
4.0,5.0,36.0,4.0,3,2.0,1.0,False,False,False,False,False,False,True,0
35.0,1.0,84.0,1.0,1,1.0,2.0,False,False,False,False,False,True,False,0
8.0,5.0,36.0,4.0,3,1.0,1.0,False,False,False,False,False,False,False,0
3.0,5.0,36.0,4.0,3,2.0,1.0,True,False,False,False,False,False,True,0
24.0,5.0,18.0,1.0,1,1.0,2.0,False,False,False,True,False,False,False,0
47.0,5.0,18.0,1.0,6,1.0,2.0,True,True,False,False,False,False,False,0
13.0,5.0,36.0,3.0,3,1.0,1.0,False,False,True,False,False,False,False,0
9.0,5.0,36.0,4.0,3,1.0,1.0,True,False,False,False,False,False,False,0
14.0,5.0,36.0,3.0,3,1.0,1.0,True,False,True,False,False,False,False,0
68.0,3.0,25.0,1.0,1,1.0,2.0,False,True,False,False,False,False,False,0
9.0,5.0,36.0,4.0,5,1.0,1.0,True,False,False,False,False,False,False,0
56.0,3.0,36.0,3.0,9,1.0,2.0,False,True,False,False,False,False,False,0
41.0,1.0,20.0,1.0,1,1.0,2.0,True,False,False,True,False,False,False,0
39.0,1.0,45.0,1.0,2,1.0,2.0,False,False,True,False,False,False,False,0
24.0,5.0,36.0,2.0,3,1.0,2.0,True,False,False,True,False,False,False,0
20.0,5.0,40.0,1.0,3,1.0,2.0,False,False,False,True,False,False,False,0
21.0,5.0,36.0,3.0,3,1.0,1.0,True,False,False,False,True,False,False,0
18.0,5.0,36.0,3.0,3,1.0,1.0,True,False,False,False,True,False,False,0
45.0,1.0,36.0,1.0,1,1.0,2.0,False,False,True,False,False,False,False,0
44.0,1.0,30.0,1.0,2,1.0,2.0,True,False,False,False,True,False,False,0
19.0,5.0,36.0,3.0,3,1.0,2.0,False,False,False,True,False,False,False,0
14.0,5.0,36.0,3.0,3,1.0,1.0,False,False,True,False,False,False,False,0
39.0,1.0,24.0,1.0,1,1.0,2.0,False,True,False,False,False,False,False,0
36.0,1.0,36.0,3.0,2,1.0,2.0,False,True,False,False,False,False,False,0
16.0,5.0,36.0,3.0,3,1.0,1.0,True,False,True,False,False,False,False,0
10.0,5.0,36.0,3.0,3,1.0,1.0,False,False,False,False,False,False,False,0
48.0,2.0,60.0,1.0,1,1.0,2.0,False,False,False,False,False,True,False,0
52.0,2.0,25.0,1.0,2,1.0,2.0,True,False,False,False,False,True,False,0
20.0,5.0,36.0,3.0,3,1.0,1.0,False,False,False,False,False,False,False,0
48.0,2.0,40.0,1.0,1,1.0,2.0,False,False,False,True,False,False,False,0
48.0,2.0,0.0,1.0,2,1.0,2.0,True,False,False,True,False,False,False,0
22.0,5.0,36.0,2.0,3,1.0,2.0,True,False,False,True,False,False,False,0
45.0,1.0,54.0,1.0,1,1.0,2.0,False,False,False,True,False,False,False,0
45.0,1.0,0.0,1.0,2,1.0,2.0,True,False,False,False,False,True,False,0
72.0,1.0,36.0,3.0,1,1.0,2.0,True,False,False,True,False,False,False,0
81.0,1.0,36.0,3.0,2,1.0,2.0,False,False,False,True,False,False,False,0
38.0,1.0,12.0,1.0,2,1.0,2.0,True,False,False,False,True,False,False,0
13.0,5.0,36.0,3.0,3,1.0,1.0,True,False,True,False,False,False,False,0
4.0,5.0,36.0,4.0,3,2.0,1.0,False,False,False,False,False,False,True,0
49.0,1.0,0.0,1.0,1,1.0,2.0,False,False,False,False,False,True,False,0
26.0,1.0,36.0,3.0,2,1.0,2.0,True,False,False,False,False,True,False,0
4.0,5.0,36.0,4.0,3,2.0,1.0,False,False,False,False,False,False,True,0
37.0,1.0,0.0,1.0,1,1.0,2.0,False,False,True,False,False,False,False,0
29.0,1.0,25.0,1.0,1,1.0,2.0,True,False,False,False,False,True,False,0
34.0,1.0,30.0,1.0,2,1.0,2.0,False,False,False,True,False,False,False,0
9.0,5.0,36.0,4.0,3,1.0,1.0,False,False,False,False,False,False,False,0
3.0,5.0,36.0,4.0,3,2.0,1.0,False,False,False,False,False,False,True,0
54.0,2.0,29.0,1.0,1,1.0,2.0,False,False,True,False,False,False,False,0
50.0,2.0,36.0,3.0,2,1.0,2.0,True,False,True,False,False,False,False,0
27.0,5.0,36.0,3.0,3,1.0,1.0,True,False,False,False,True,False,False,0
25.0,1.0,36.0,3.0,3,1.0,2.0,True,False,False,True,False,False,False,0
14.0,5.0,36.0,3.0,3,1.0,1.0,False,False,True,False,False,False,False,0
25.0,1.0,29.0,1.0,4,1.0,2.0,False,False,False,True,False,False,False,0
4.0,5.0,36.0,4.0,3,2.0,2.0,True,False,False,False,False,False,True,0
45.0,5.0,36.0,3.0,8,1.0,2.0,True,True,False,False,False,False,False,0
29.0,3.0,24.0,1.0,3,1.0,2.0,True,False,False,True,False,False,False,0
6.0,5.0,36.0,4.0,5,1.0,1.0,False,False,False,False,False,False,False,0
31.0,5.0,40.0,1.0,3,1.0,2.0,False,False,False,True,False,False,False,0
50.0,2.0,32.0,1.0,1,1.0,2.0,False,True,False,False,False,False,False,0
55.0,2.0,36.0,3.0,2,1.0,2.0,True,False,False,True,False,False,False,0
18.0,5.0,36.0,3.0,3,1.0,1.0,True,False,True,False,False,False,False,0
22.0,5.0,36.0,3.0,3,1.0,1.0,True,False,False,False,True,False,False,0
24.0,5.0,32.0,1.0,3,1.0,2.0,False,False,False,True,False,False,False,0
45.0,2.0,22.0,1.0,1,1.0,2.0,False,False,False,False,False,True,False,0
42.0,2.0,40.0,1.0,2,1.0,2.0,True,False,False,False,False,True,False,0
11.0,5.0,36.0,3.0,3,1.0,1.0,False,False,False,False,False,False,False,0
55.0,4.0,36.0,3.0,1,1.0,2.0,True,True,False,False,False,False,False,0
23.0,5.0,36.0,2.0,3,1.0,2.0,True,False,False,False,False,False,False,0
40.0,1.0,48.0,1.0,1,1.0,2.0,True,False,False,False,False,True,False,0
40.0,1.0,14.0,1.0,2,1.0,2.0,False,False,False,False,False,True,False,0
4.0,5.0,36.0,4.0,3,2.0,1.0,True,False,False,False,False,False,True,0
70.0,2.0,36.0,3.0,1,1.0,2.0,False,False,False,False,True,False,False,0
65.0,2.0,36.0,3.0,2,1.0,2.0,True,False,False,False,True,False,False,0
71.0,3.0,36.0,3.0,1,1.0,2.0,False,False,False,False,False,True,False,0
47.0,2.0,24.0,1.0,1,1.0,2.0,False,False,False,False,False,True,False,0
43.0,2.0,48.0,1.0,2,1.0,2.0,True,False,False,False,True,False,False,0
20.0,5.0,36.0,3.0,3,1.0,1.0,False,False,False,False,True,False,False,0
49.0,2.0,36.0,3.0,2,1.0,2.0,True,False,False,True,False,False,False,0
24.0,5.0,20.0,1.0,3,1.0,1.0,True,False,False,False,True,False,False,0
21.0,5.0,36.0,3.0,3,1.0,1.0,True,False,False,False,True,False,False,0
61.0,3.0,40.0,1.0,1,1.0,2.0,False,False,False,False,False,True,False,0
26.0,5.0,36.0,2.0,3,1.0,1.0,False,False,False,False,True,False,False,0
52.0,2.0,48.0,1.0,1,1.0,2.0,False,False,False,True,False,False,False,0
48.0,1.0,35.0,1.0,2,1.0,2.0,True,False,False,False,False,True,False,0
5.0,5.0,36.0,4.0,3,1.0,1.0,True,False,False,False,False,False,True,0
55.0,3.0,60.0,1.0,1,1.0,2.0,True,True,False,False,False,False,False,0
30.0,5.0,25.0,1.0,3,1.0,2.0,False,True,False,False,False,False,False,0
44.0,1.0,48.0,1.0,1,1.0,2.0,False,False,False,True,False,False,False,0
6.0,5.0,36.0,4.0,5,1.0,1.0,False,False,False,False,False,False,False,0
55.0,2.0,0.0,1.0,1,1.0,2.0,False,False,False,True,False,False,False,0
50.0,2.0,48.0,1.0,2,1.0,2.0,True,False,False,True,False,False,False,0
30.0,1.0,45.0,1.0,3,1.0,2.0,False,False,False,True,False,False,False,0
28.0,3.0,48.0,1.0,3,1.0,2.0,True,False,False,True,False,False,False,0
11.0,5.0,36.0,3.0,3,1.0,1.0,False,False,False,False,False,False,False,0
7.0,5.0,36.0,4.0,3,1.0,1.0,False,False,False,False,False,False,False,0
26.0,5.0,25.0,1.0,3,1.0,1.0,True,False,False,False,True,False,False,0
52.0,3.0,36.0,2.0,1,1.0,2.0,True,False,False,True,False,False,False,0
83.0,5.0,36.0,3.0,1,1.0,2.0,True,False,False,False,False,True,False,0
43.0,1.0,32.0,1.0,1,1.0,2.0,False,True,False,False,False,False,False,0
32.0,1.0,36.0,3.0,2,1.0,2.0,True,False,True,False,False,False,False,0
42.0,2.0,36.0,2.0,1,1.0,2.0,True,False,False,True,False,False,False,0
45.0,2.0,60.0,1.0,2,1.0,2.0,False,False,False,False,True,False,False,0
18.0,5.0,54.0,1.0,3,1.0,2.0,False,False,False,True,False,False,False,0
13.0,5.0,36.0,3.0,3,1.0,1.0,True,False,True,False,False,False,False,0
12.0,5.0,36.0,3.0,3,1.0,1.0,False,False,True,False,False,False,False,0
22.0,5.0,36.0,1.0,3,1.0,2.0,False,False,False,True,False,False,False,0
14.0,5.0,36.0,3.0,3,1.0,1.0,False,False,True,False,False,False,False,0
53.0,3.0,30.0,1.0,1,1.0,2.0,True,True,False,False,False,False,False,0
30.0,5.0,30.0,1.0,3,1.0,2.0,True,False,False,False,False,True,False,0
25.0,5.0,44.0,1.0,3,1.0,2.0,False,False,False,True,False,False,False,0
14.0,5.0,36.0,3.0,3,1.0,1.0,False,False,True,False,False,False,False,0
66.0,4.0,25.0,1.0,1,1.0,2.0,False,False,False,True,False,False,False,0
39.0,3.0,40.0,1.0,3,1.0,2.0,False,False,False,False,False,True,False,0
34.0,3.0,36.0,2.0,3,1.0,2.0,True,False,False,True,False,False,False,0
37.0,3.0,30.0,1.0,1,1.0,2.0,True,False,False,False,False,True,False,0
1.0,5.0,36.0,4.0,3,3.0,2.0,False,False,False,False,False,False,True,0
36.0,1.0,30.0,1.0,1,1.0,2.0,False,False,False,True,False,False,False,0
26.0,1.0,36.0,3.0,2,1.0,2.0,True,True,False,False,False,False,False,0
7.0,5.0,36.0,4.0,3,1.0,1.0,False,False,False,False,False,False,False,0
5.0,5.0,36.0,4.0,3,2.0,1.0,True,False,False,False,False,False,True,0
56.0,3.0,40.0,1.0,6,1.0,2.0,True,False,False,True,False,False,False,0
51.0,1.0,37.0,1.0,1,1.0,2.0,False,False,False,False,False,True,False,0
53.0,1.0,0.0,1.0,2,1.0,2.0,True,False,False,False,False,True,False,0
42.0,1.0,9.0,1.0,1,1.0,2.0,False,False,False,True,False,False,False,0
30.0,1.0,20.0,1.0,2,1.0,2.0,True,True,False,False,False,False,False,0
71.0,4.0,36.0,3.0,1,1.0,2.0,True,True,False,False,False,False,False,0
51.0,3.0,48.0,1.0,3,1.0,2.0,True,False,False,False,False,True,False,0
21.0,5.0,36.0,3.0,5,1.0,1.0,False,False,False,False,True,False,False,0
17.0,5.0,36.0,3.0,5,1.0,1.0,True,False,True,False,False,False,False,0
64.0,4.0,56.0,1.0,1,1.0,2.0,True,True,False,False,False,False,False,0
35.0,5.0,8.0,1.0,3,1.0,2.0,False,False,False,False,False,False,False,0
30.0,5.0,8.0,1.0,3,1.0,2.0,False,False,False,False,False,False,False,0
75.0,5.0,36.0,3.0,1,1.0,2.0,True,False,False,False,False,True,False,0
23.0,5.0,12.0,1.0,3,1.0,2.0,True,False,False,True,False,False,False,0
18.0,5.0,48.0,1.0,3,1.0,2.0,False,False,True,False,False,False,False,0
45.0,1.0,9.0,1.0,1,1.0,2.0,True,False,True,False,False,False,False,0
45.0,1.0,48.0,1.0,2,1.0,2.0,False,True,False,False,False,False,False,0
41.0,5.0,48.0,1.0,1,1.0,2.0,True,False,False,True,False,False,False,0
20.0,5.0,36.0,3.0,3,1.0,2.0,False,False,False,True,False,False,False,0
18.0,5.0,36.0,3.0,4,1.0,1.0,True,False,True,False,False,False,False,0
18.0,5.0,40.0,1.0,3,1.0,2.0,False,True,False,False,False,False,False,0
51.0,5.0,24.0,1.0,1,1.0,2.0,True,True,False,False,False,False,False,0
26.0,5.0,40.0,1.0,3,1.0,2.0,False,False,False,True,False,False,False,0
21.0,5.0,40.0,1.0,3,1.0,2.0,False,False,True,False,False,False,False,0
19.0,5.0,36.0,3.0,3,1.0,2.0,True,False,False,True,False,False,False,0
53.0,2.0,48.0,1.0,1,1.0,2.0,False,False,False,True,False,False,False,0
51.0,2.0,25.0,1.0,2,1.0,2.0,True,False,False,False,False,True,False,0
24.0,5.0,20.0,1.0,3,1.0,2.0,True,False,False,True,False,False,False,0
63.0,4.0,8.0,1.0,1,1.0,2.0,False,False,False,False,False,True,False,0
35.0,5.0,0.0,1.0,3,1.0,2.0,False,False,False,True,False,False,False,0
76.0,2.0,36.0,3.0,1,1.0,2.0,False,False,False,False,False,True,False,0
70.0,2.0,84.0,1.0,2,1.0,2.0,True,False,False,False,True,False,False,0
53.0,2.0,35.0,1.0,1,1.0,2.0,True,False,True,False,False,False,False,0
53.0,2.0,48.0,1.0,2,1.0,2.0,False,False,False,False,False,True,False,0
23.0,5.0,36.0,1.0,3,1.0,1.0,True,False,False,False,True,False,False,0
69.0,4.0,36.0,3.0,1,1.0,2.0,True,False,False,True,False,False,False,0
39.0,1.0,20.0,1.0,3,1.0,2.0,False,False,False,False,False,True,False,0
47.0,1.0,36.0,1.0,1,1.0,2.0,False,False,False,True,False,False,False,0
33.0,1.0,17.0,1.0,2,1.0,2.0,True,False,True,False,False,False,False,0
18.0,5.0,36.0,3.0,3,1.0,1.0,True,False,True,False,False,False,False,0
14.0,5.0,36.0,3.0,3,2.0,1.0,True,False,False,False,False,False,False,0
10.0,5.0,36.0,3.0,3,1.0,1.0,False,False,False,False,False,False,False,0
6.0,5.0,36.0,4.0,3,1.0,1.0,True,False,False,False,False,False,False,0
5.0,5.0,36.0,4.0,3,1.0,1.0,False,False,False,False,False,False,True,0
28.0,5.0,36.0,3.0,3,1.0,2.0,False,True,False,False,False,False,False,0
18.0,5.0,36.0,3.0,3,1.0,2.0,True,False,True,False,False,False,False,0
15.0,5.0,36.0,3.0,3,1.0,1.0,False,False,True,False,False,False,False,0
53.0,2.0,40.0,1.0,1,1.0,2.0,False,False,False,False,False,True,False,0
52.0,2.0,40.0,1.0,2,1.0,2.0,True,False,False,False,False,True,False,0
20.0,5.0,36.0,3.0,3,1.0,1.0,False,False,False,False,True,False,False,0
17.0,5.0,36.0,3.0,3,1.0,1.0,False,False,False,False,True,False,False,0
20.0,5.0,36.0,2.0,3,1.0,2.0,False,False,False,True,False,False,False,0
21.0,5.0,36.0,2.0,3,1.0,2.0,True,False,False,True,False,False,False,0
4.0,5.0,36.0,4.0,5,2.0,1.0,True,False,False,False,False,False,True,0
4.0,5.0,36.0,4.0,5,2.0,3.0,False,False,False,False,False,False,True,0
26.0,1.0,65.0,1.0,4,1.0,2.0,True,False,False,True,False,False,False,0
55.0,4.0,36.0,2.0,1,1.0,2.0,False,True,False,False,False,False,False,0
39.0,1.0,0.0,1.0,8,1.0,2.0,False,False,True,False,False,False,False,0
36.0,1.0,36.0,3.0,9,1.0,2.0,True,False,False,True,False,False,False,0
16.0,5.0,36.0,3.0,9,1.0,1.0,False,False,True,False,False,False,False,0
13.0,5.0,36.0,3.0,9,1.0,1.0,False,False,True,False,False,False,False,0
10.0,5.0,36.0,3.0,9,1.0,1.0,True,False,False,False,False,False,False,0
1.0,5.0,36.0,4.0,9,3.0,2.0,False,False,False,False,False,False,True,0
17.0,5.0,36.0,3.0,3,1.0,1.0,False,False,True,False,False,False,False,0
67.0,2.0,36.0,3.0,1,1.0,2.0,True,False,False,True,False,False,False,0
67.0,2.0,36.0,3.0,2,1.0,2.0,False,False,False,True,False,False,False,0
57.0,3.0,24.0,1.0,1,1.0,2.0,True,False,False,False,False,True,False,0
25.0,5.0,36.0,2.0,3,1.0,2.0,True,False,False,True,False,False,False,0
21.0,5.0,6.0,1.0,3,1.0,2.0,True,False,True,False,False,False,False,0
18.0,5.0,36.0,2.0,3,1.0,2.0,True,False,True,False,False,False,False,0
3.0,5.0,36.0,4.0,5,2.0,3.0,True,False,False,False,False,False,True,0
79.0,5.0,36.0,3.0,1,1.0,2.0,True,False,False,True,False,False,False,0
48.0,1.0,42.0,1.0,3,1.0,2.0,True,False,False,False,False,True,False,0
12.0,5.0,36.0,3.0,5,1.0,1.0,True,False,True,False,False,False,False,0
50.0,1.0,30.0,1.0,4,1.0,2.0,True,False,False,False,False,True,False,0
13.0,5.0,36.0,3.0,5,1.0,1.0,True,False,True,False,False,False,False,0
7.0,5.0,36.0,4.0,5,1.0,1.0,True,False,False,False,False,False,False,0
60.0,3.0,40.0,1.0,1,1.0,2.0,False,False,False,True,False,False,False,0
50.0,3.0,40.0,1.0,2,1.0,2.0,True,True,False,False,False,False,False,0
65.0,2.0,36.0,3.0,1,1.0,2.0,False,True,False,False,False,False,False,0
60.0,2.0,36.0,3.0,2,1.0,2.0,True,True,False,False,False,False,False,0
20.0,1.0,36.0,3.0,3,1.0,2.0,True,False,False,True,False,False,False,0
26.0,1.0,48.0,1.0,4,1.0,2.0,False,False,False,True,False,False,False,0
67.0,2.0,40.0,1.0,1,1.0,2.0,False,False,False,True,False,False,False,0
71.0,2.0,36.0,3.0,2,1.0,2.0,True,False,False,False,False,True,False,0
68.0,4.0,9.0,1.0,1,1.0,2.0,True,False,True,False,False,False,False,0
42.0,3.0,18.0,1.0,3,1.0,2.0,False,False,False,True,False,False,False,0
21.0,5.0,25.0,1.0,5,1.0,2.0,True,False,False,True,False,False,False,0
46.0,5.0,30.0,1.0,1,1.0,2.0,False,True,False,False,False,False,False,0
14.0,5.0,36.0,3.0,3,1.0,1.0,True,False,True,False,False,False,False,0
13.0,5.0,36.0,3.0,3,1.0,1.0,True,False,True,False,False,False,False,0
47.0,1.0,36.0,3.0,1,1.0,2.0,True,False,False,True,False,False,False,0
41.0,1.0,48.0,1.0,2,1.0,2.0,True,False,False,True,False,False,False,0
91.0,4.0,36.0,3.0,6,1.0,2.0,True,False,False,False,False,False,False,0
21.0,5.0,36.0,3.0,3,1.0,2.0,False,False,False,True,False,False,False,0
19.0,5.0,36.0,3.0,3,1.0,1.0,False,False,True,False,False,False,False,0
15.0,5.0,36.0,3.0,3,1.0,1.0,False,False,True,False,False,False,False,0
13.0,5.0,36.0,3.0,3,1.0,1.0,True,False,True,False,False,False,False,0
55.0,2.0,6.0,1.0,1,1.0,2.0,True,True,False,False,False,False,False,0
75.0,4.0,36.0,3.0,1,1.0,2.0,True,False,False,False,False,True,False,0
45.0,5.0,50.0,1.0,3,1.0,2.0,False,False,False,False,False,True,False,0
62.0,2.0,36.0,3.0,1,1.0,2.0,True,False,True,False,False,False,False,0
69.0,2.0,36.0,3.0,2,1.0,2.0,False,False,False,False,False,False,False,0
77.0,4.0,36.0,3.0,1,1.0,2.0,False,False,False,True,False,False,False,0
57.0,2.0,30.0,1.0,1,1.0,2.0,False,False,False,True,False,False,False,0
54.0,2.0,30.0,1.0,2,1.0,2.0,True,False,False,False,False,True,False,0
27.0,5.0,30.0,1.0,3,1.0,1.0,False,False,False,False,True,False,False,0
23.0,5.0,36.0,3.0,3,1.0,1.0,True,False,False,False,True,False,False,0
51.0,1.0,55.0,1.0,1,1.0,2.0,True,False,False,False,False,True,False,0
56.0,1.0,40.0,1.0,2,1.0,2.0,False,False,False,False,False,True,False,0
11.0,5.0,36.0,3.0,3,1.0,1.0,True,False,False,False,False,False,False,0
9.0,5.0,36.0,4.0,3,1.0,1.0,True,False,False,False,False,False,False,0
35.0,1.0,48.0,1.0,1,1.0,1.0,True,False,False,False,True,False,False,0
43.0,1.0,40.0,1.0,2,1.0,2.0,False,False,False,True,False,False,False,0
11.0,5.0,36.0,3.0,3,1.0,1.0,True,False,False,False,False,False,False,0
15.0,5.0,36.0,3.0,3,1.0,1.0,True,False,True,False,False,False,False,0
1.0,5.0,36.0,4.0,3,3.0,2.0,True,False,False,False,False,False,True,0
6.0,5.0,36.0,4.0,5,1.0,1.0,False,False,False,False,False,False,False,0
69.0,4.0,36.0,3.0,1,1.0,2.0,True,False,False,True,False,False,False,0
29.0,5.0,45.0,1.0,8,1.0,2.0,False,False,False,True,False,False,False,0
9.0,5.0,36.0,4.0,3,1.0,1.0,True,False,False,False,False,False,False,0
11.0,5.0,36.0,3.0,5,1.0,1.0,False,False,False,False,False,False,False,0
39.0,1.0,50.0,1.0,1,1.0,2.0,True,False,False,False,False,False,False,0
41.0,1.0,30.0,1.0,2,1.0,2.0,False,False,False,False,False,False,False,0
14.0,5.0,36.0,3.0,3,1.0,1.0,True,False,True,False,False,False,False,0
50.0,5.0,36.0,3.0,1,1.0,2.0,True,False,False,False,False,False,False,0
82.0,2.0,36.0,3.0,1,1.0,2.0,False,True,False,False,False,False,False,0
68.0,2.0,0.0,1.0,2,1.0,2.0,True,False,False,True,False,False,False,0
51.0,2.0,40.0,1.0,2,1.0,2.0,True,False,False,True,False,False,False,0
68.0,4.0,38.0,1.0,1,1.0,2.0,False,False,False,False,False,False,False,0
28.0,5.0,30.0,1.0,3,1.0,1.0,True,False,False,False,True,False,False,0
50.0,2.0,60.0,1.0,1,1.0,2.0,False,False,True,False,False,False,False,0
81.0,4.0,36.0,3.0,1,1.0,2.0,True,False,True,False,False,False,False,0
25.0,5.0,20.0,1.0,5,1.0,1.0,False,False,True,False,False,False,False,0
30.0,5.0,40.0,1.0,1,1.0,2.0,False,False,False,True,False,False,False,0
30.0,5.0,60.0,1.0,10,1.0,2.0,False,False,False,False,False,True,False,0
8.0,5.0,36.0,4.0,5,1.0,1.0,True,False,False,False,False,False,False,0
64.0,1.0,36.0,3.0,1,1.0,2.0,True,False,True,False,False,False,False,0
70.0,1.0,36.0,3.0,2,1.0,2.0,False,False,False,False,False,False,False,0
85.0,5.0,36.0,3.0,9,2.0,3.0,False,False,False,False,False,False,True,0
40.0,5.0,24.0,1.0,3,1.0,2.0,False,False,True,False,False,False,False,0
44.0,5.0,50.0,1.0,3,1.0,2.0,False,True,False,False,False,False,False,0
15.0,5.0,36.0,3.0,5,1.0,1.0,False,False,True,False,False,False,False,0
41.0,5.0,72.0,1.0,1,1.0,2.0,False,False,False,False,False,True,False,0
47.0,5.0,35.0,1.0,8,1.0,2.0,True,False,False,True,False,False,False,0
41.0,2.0,36.0,1.0,1,1.0,2.0,False,False,False,True,False,False,False,0
40.0,2.0,27.0,1.0,2,1.0,2.0,True,False,False,False,True,False,False,0
52.0,2.0,40.0,1.0,2,1.0,2.0,False,True,False,False,False,False,False,0
22.0,1.0,36.0,3.0,3,1.0,2.0,True,False,False,True,False,False,False,0
23.0,1.0,36.0,3.0,4,1.0,2.0,False,False,False,True,False,False,False,0
60.0,2.0,25.0,1.0,1,1.0,2.0,True,False,False,False,False,True,False,0
68.0,2.0,36.0,3.0,2,1.0,2.0,False,False,False,False,False,False,False,0
25.0,5.0,36.0,3.0,3,1.0,1.0,True,False,False,False,True,False,False,0
41.0,1.0,30.0,1.0,1,1.0,2.0,False,False,False,True,False,False,False,0
41.0,1.0,36.0,3.0,2,1.0,2.0,True,False,False,True,False,False,False,0
19.0,5.0,36.0,3.0,3,1.0,1.0,False,False,False,False,True,False,False,0
6.0,5.0,36.0,4.0,3,2.0,1.0,False,False,False,False,False,False,False,0
30.0,1.0,60.0,1.0,1,1.0,2.0,True,False,False,True,False,False,False,0
26.0,1.0,35.0,1.0,2,1.0,2.0,False,False,True,False,False,False,False,0
10.0,5.0,36.0,3.0,3,1.0,1.0,False,False,False,False,False,False,False,0
39.0,1.0,60.0,1.0,3,1.0,2.0,False,False,False,True,False,False,False,0
39.0,1.0,35.0,1.0,4,1.0,2.0,True,False,False,True,False,False,False,0
15.0,5.0,36.0,3.0,5,1.0,1.0,False,False,True,False,False,False,False,0
68.0,2.0,36.0,3.0,1,1.0,2.0,False,False,False,True,False,False,False,0
68.0,4.0,36.0,3.0,1,1.0,2.0,True,True,False,False,False,False,False,0
42.0,3.0,12.0,1.0,3,1.0,2.0,True,False,True,False,False,False,False,0
22.0,5.0,20.0,1.0,5,1.0,2.0,False,False,False,True,False,False,False,0
16.0,5.0,36.0,3.0,3,1.0,1.0,True,False,True,False,False,False,False,0
10.0,5.0,36.0,3.0,3,1.0,1.0,True,False,False,False,False,False,False,0
12.0,5.0,36.0,3.0,3,1.0,1.0,True,False,True,False,False,False,False,0
67.0,5.0,40.0,1.0,1,1.0,2.0,True,False,False,False,False,True,False,0
2.0,5.0,36.0,4.0,5,2.0,1.0,False,False,False,False,False,False,True,0
5.0,5.0,36.0,4.0,5,2.0,1.0,False,False,False,False,False,False,True,0
44.0,2.0,8.0,1.0,2,1.0,2.0,True,False,True,False,False,False,False,0
20.0,5.0,20.0,1.0,3,1.0,1.0,True,False,False,False,True,False,False,0
17.0,5.0,36.0,3.0,3,1.0,2.0,False,False,False,True,False,False,False,0
50.0,3.0,54.0,1.0,1,1.0,2.0,True,False,False,True,False,False,False,0
25.0,5.0,52.0,1.0,3,1.0,2.0,False,False,True,False,False,False,False,0
18.0,5.0,36.0,3.0,3,1.0,2.0,True,False,True,False,False,False,False,0
16.0,5.0,36.0,3.0,3,1.0,2.0,False,False,True,False,False,False,False,0
32.0,1.0,56.0,1.0,4,1.0,2.0,False,False,False,True,False,False,False,0
28.0,1.0,36.0,3.0,3,1.0,2.0,True,False,False,True,False,False,False,0
12.0,5.0,36.0,3.0,5,1.0,1.0,True,False,False,False,False,False,False,0
10.0,5.0,36.0,3.0,5,1.0,1.0,False,False,False,False,False,False,False,0
34.0,5.0,36.0,4.0,5,3.0,2.0,True,False,False,False,False,False,True,0
54.0,3.0,24.0,1.0,1,1.0,2.0,True,False,True,False,False,False,False,0
34.0,4.0,9.0,1.0,3,1.0,2.0,True,False,False,True,False,False,False,0
27.0,5.0,34.0,1.0,3,1.0,1.0,True,False,False,False,True,False,False,0
20.0,5.0,36.0,3.0,3,1.0,1.0,False,False,False,False,True,False,False,0
28.0,5.0,60.0,1.0,9,1.0,2.0,True,False,False,True,False,False,False,0
56.0,2.0,40.0,1.0,1,1.0,1.0,False,False,False,False,True,False,False,0
54.0,2.0,30.0,1.0,2,1.0,2.0,True,False,False,False,False,True,False,0
28.0,5.0,40.0,1.0,3,1.0,2.0,False,False,False,False,False,True,False,0
51.0,2.0,30.0,1.0,1,1.0,2.0,True,False,False,False,False,True,False,0
21.0,5.0,36.0,2.0,3,1.0,1.0,False,False,False,False,True,False,False,0
19.0,5.0,12.0,1.0,3,1.0,1.0,False,False,False,False,True,False,False,0
17.0,5.0,36.0,3.0,3,1.0,1.0,False,False,True,False,False,False,False,0
49.0,2.0,60.0,1.0,2,1.0,2.0,False,False,False,True,False,False,False,0
10.0,5.0,36.0,3.0,3,1.0,1.0,True,False,False,False,False,False,False,0
7.0,5.0,36.0,4.0,3,1.0,1.0,False,False,False,False,False,False,False,0
65.0,5.0,36.0,3.0,1,1.0,2.0,True,False,False,True,False,False,False,0
49.0,2.0,0.0,1.0,1,1.0,2.0,True,False,True,False,False,False,False,0
28.0,5.0,55.0,1.0,3,1.0,2.0,False,False,False,False,True,False,False,0
16.0,5.0,36.0,3.0,3,1.0,1.0,True,False,True,False,False,False,False,0
31.0,5.0,44.0,1.0,3,1.0,2.0,False,False,False,False,True,False,False,0
52.0,2.0,28.0,1.0,1,1.0,2.0,False,True,False,False,False,False,False,0
43.0,2.0,48.0,1.0,2,1.0,2.0,True,False,False,True,False,False,False,0
18.0,5.0,36.0,3.0,3,1.0,1.0,True,False,True,False,False,False,False,0
40.0,2.0,40.0,1.0,1,1.0,2.0,False,False,False,False,False,True,False,0
38.0,2.0,30.0,1.0,2,1.0,2.0,True,False,False,False,False,True,False,0
10.0,5.0,36.0,3.0,3,1.0,1.0,True,False,False,False,False,False,False,0
4.0,5.0,36.0,4.0,3,2.0,1.0,False,False,False,False,False,False,True,0
36.0,5.0,40.0,1.0,1,1.0,1.0,False,False,False,False,True,False,False,0
83.0,4.0,36.0,3.0,6,1.0,2.0,True,False,False,False,False,False,False,0
32.0,1.0,36.0,2.0,2,1.0,2.0,True,False,False,False,False,True,False,0
40.0,4.0,56.0,1.0,1,1.0,2.0,False,False,False,False,False,False,False,0
19.0,5.0,36.0,3.0,3,1.0,1.0,True,False,True,False,False,False,False,0
45.0,1.0,40.0,1.0,1,1.0,2.0,False,False,False,False,False,True,False,0
39.0,2.0,45.0,1.0,1,1.0,2.0,False,False,False,False,False,True,False,0
38.0,2.0,45.0,1.0,2,1.0,2.0,True,False,False,False,False,True,False,0
6.0,5.0,36.0,4.0,3,1.0,1.0,False,False,False,False,False,False,False,0
2.0,5.0,36.0,4.0,3,1.0,1.0,True,False,False,False,False,False,True,0
55.0,4.0,36.0,3.0,1,1.0,2.0,True,False,False,False,False,True,False,0
17.0,5.0,36.0,3.0,3,1.0,1.0,False,False,True,False,False,False,False,0
16.0,5.0,36.0,3.0,3,1.0,1.0,True,False,True,False,False,False,False,0
40.0,1.0,0.0,1.0,1,1.0,2.0,False,False,False,True,False,False,False,0
40.0,1.0,6.0,1.0,2,1.0,2.0,True,False,False,True,False,False,False,0
62.0,5.0,36.0,3.0,1,1.0,2.0,True,False,False,False,False,False,False,0
32.0,5.0,15.0,1.0,3,1.0,2.0,False,False,False,True,False,False,False,0
21.0,5.0,20.0,1.0,3,1.0,1.0,False,False,True,False,False,False,False,0
37.0,1.0,36.0,3.0,2,1.0,2.0,True,False,False,False,False,True,False,0
6.0,5.0,36.0,4.0,3,2.0,1.0,False,False,False,False,False,False,False,0
1.0,5.0,36.0,4.0,3,3.0,2.0,True,False,False,False,False,False,True,0
58.0,2.0,36.0,3.0,2,1.0,2.0,True,False,False,True,False,False,False,0
23.0,5.0,40.0,1.0,3,1.0,2.0,False,False,False,True,False,False,False,0
21.0,5.0,36.0,3.0,3,1.0,1.0,False,False,False,False,True,False,False,0
65.0,4.0,36.0,3.0,9,1.0,2.0,False,False,True,False,False,False,False,0
38.0,1.0,45.0,1.0,1,1.0,2.0,False,False,False,True,False,False,False,0
9.0,5.0,36.0,4.0,5,1.0,1.0,False,False,False,False,False,False,False,0
64.0,2.0,48.0,1.0,1,1.0,2.0,False,False,True,False,False,False,False,0
59.0,2.0,20.0,1.0,2,1.0,2.0,True,False,True,False,False,False,False,0
17.0,5.0,36.0,3.0,5,1.0,1.0,True,False,True,False,False,False,False,0
15.0,5.0,36.0,3.0,5,1.0,1.0,True,False,True,False,False,False,False,0
11.0,5.0,36.0,3.0,5,1.0,1.0,False,False,False,False,False,False,False,0
74.0,2.0,36.0,3.0,1,1.0,2.0,False,False,False,False,False,True,False,0
69.0,2.0,40.0,1.0,2,1.0,2.0,True,False,False,False,False,True,False,0
37.0,1.0,6.0,1.0,1,1.0,2.0,True,False,False,False,False,True,False,0
34.0,1.0,72.0,1.0,2,1.0,1.0,False,False,False,False,True,False,False,0
55.0,2.0,35.0,1.0,2,1.0,2.0,True,False,False,False,False,True,False,0
37.0,5.0,35.0,1.0,3,1.0,2.0,True,False,False,False,False,True,False,0
78.0,4.0,36.0,3.0,1,1.0,2.0,False,False,True,False,False,False,False,0
44.0,5.0,30.0,1.0,3,1.0,2.0,False,True,False,False,False,False,False,0
45.0,2.0,50.0,1.0,1,1.0,2.0,False,False,False,False,True,False,False,0
45.0,2.0,36.0,3.0,2,1.0,2.0,True,False,False,True,False,False,False,0
57.0,2.0,56.0,1.0,1,1.0,2.0,False,False,False,True,False,False,False,0
20.0,2.0,20.0,1.0,2,1.0,2.0,True,False,False,True,False,False,False,0
55.0,5.0,36.0,2.0,1,2.0,3.0,True,False,False,False,False,False,True,0
20.0,5.0,36.0,2.0,3,1.0,1.0,True,False,False,False,True,False,False,0
26.0,2.0,40.0,1.0,1,1.0,2.0,True,False,False,True,False,False,False,0
40.0,2.0,40.0,1.0,2,1.0,2.0,False,False,False,True,False,False,False,0
2.0,5.0,36.0,4.0,3,2.0,3.0,False,False,False,False,False,False,True,0
21.0,5.0,36.0,3.0,1,1.0,1.0,True,False,False,False,True,False,False,0
21.0,5.0,36.0,3.0,10,1.0,1.0,False,False,False,False,False,False,False,0
37.0,1.0,50.0,1.0,1,1.0,2.0,False,False,False,True,False,False,False,0
27.0,1.0,36.0,3.0,2,1.0,2.0,True,False,False,True,False,False,False,0
7.0,5.0,36.0,4.0,3,1.0,1.0,True,False,False,False,False,False,False,0
34.0,5.0,36.0,4.0,3,3.0,2.0,True,False,False,False,False,False,True,0
22.0,2.0,30.0,1.0,1,1.0,2.0,False,False,False,True,False,False,False,0
50.0,5.0,68.0,1.0,1,1.0,2.0,True,False,False,False,False,True,False,0
49.0,3.0,23.0,1.0,1,1.0,2.0,True,False,False,False,True,False,False,0
15.0,2.0,36.0,3.0,3,1.0,1.0,True,False,True,False,False,False,False,0
26.0,1.0,27.0,1.0,1,1.0,2.0,False,False,False,False,False,True,False,0
27.0,1.0,14.0,1.0,2,1.0,2.0,True,False,False,True,False,False,False,0
9.0,5.0,36.0,4.0,3,1.0,1.0,False,False,False,False,False,False,False,0
19.0,5.0,36.0,3.0,3,1.0,1.0,False,False,True,False,False,False,False,0
63.0,2.0,36.0,3.0,1,1.0,2.0,False,False,True,False,False,False,False,0
51.0,4.0,36.0,2.0,1,1.0,2.0,False,False,True,False,False,False,False,0
37.0,1.0,40.0,1.0,1,1.0,2.0,False,False,False,False,False,True,False,0
29.0,1.0,48.0,1.0,2,1.0,2.0,True,False,False,True,False,False,False,0
2.0,5.0,36.0,4.0,3,2.0,3.0,False,False,False,False,False,False,True,0
56.0,5.0,30.0,1.0,1,1.0,2.0,True,False,False,True,False,False,False,0
45.0,1.0,36.0,3.0,1,1.0,2.0,True,True,False,False,False,False,False,0
52.0,1.0,40.0,1.0,2,1.0,2.0,False,True,False,False,False,False,False,0
3.0,5.0,36.0,4.0,3,2.0,3.0,True,False,False,False,False,False,True,0
18.0,5.0,36.0,3.0,3,1.0,1.0,True,False,True,False,False,False,False,0
14.0,5.0,36.0,3.0,3,1.0,1.0,True,False,False,False,False,False,False,0
11.0,5.0,36.0,3.0,3,1.0,1.0,False,False,False,False,False,False,False,0
6.0,5.0,36.0,4.0,3,1.0,1.0,True,False,False,False,False,False,False,0
3.0,5.0,36.0,4.0,3,2.0,3.0,False,False,False,False,False,False,True,0
72.0,2.0,36.0,3.0,2,1.0,2.0,True,True,False,False,False,False,False,0
35.0,5.0,40.0,1.0,3,1.0,2.0,True,False,False,True,False,False,False,0
14.0,5.0,36.0,3.0,5,1.0,1.0,False,False,True,False,False,False,False,0
75.0,2.0,36.0,3.0,1,1.0,2.0,False,False,False,False,False,False,False,0
80.0,4.0,36.0,3.0,1,1.0,2.0,True,False,False,False,False,True,False,0
40.0,2.0,0.0,1.0,1,1.0,2.0,False,False,False,True,False,False,False,0
41.0,2.0,48.0,1.0,2,1.0,2.0,True,False,False,True,False,False,False,0
17.0,5.0,36.0,3.0,3,1.0,1.0,False,False,True,False,False,False,False,0
15.0,5.0,36.0,3.0,3,1.0,1.0,False,False,True,False,False,False,False,0
11.0,5.0,36.0,3.0,3,1.0,1.0,False,False,True,False,False,False,False,0
8.0,5.0,36.0,4.0,3,2.0,1.0,False,False,False,False,False,False,False,0
24.0,5.0,36.0,3.0,3,1.0,1.0,False,False,True,False,False,False,False,0
15.0,5.0,36.0,3.0,3,1.0,1.0,False,False,True,False,False,False,False,0
52.0,1.0,24.0,1.0,1,1.0,2.0,True,False,False,True,False,False,False,0
41.0,1.0,32.0,1.0,2,1.0,2.0,False,False,False,True,False,False,False,0
22.0,5.0,32.0,1.0,3,1.0,2.0,True,False,False,True,False,False,False,0
44.0,3.0,36.0,2.0,1,1.0,2.0,False,True,False,False,False,False,False,0
66.0,2.0,36.0,3.0,1,1.0,2.0,False,False,True,False,False,False,False,0
65.0,2.0,36.0,3.0,2,1.0,2.0,True,True,False,False,False,False,False,0
34.0,5.0,0.0,1.0,3,1.0,2.0,True,False,False,False,False,True,False,0
15.0,5.0,36.0,3.0,3,1.0,1.0,False,False,True,False,False,False,False,0
11.0,5.0,36.0,3.0,3,1.0,1.0,True,False,False,False,False,False,False,0
46.0,3.0,0.0,1.0,1,1.0,2.0,True,False,False,False,False,True,False,0
24.0,5.0,15.0,1.0,3,1.0,2.0,True,False,False,False,False,True,False,0
53.0,2.0,36.0,2.0,1,1.0,2.0,False,False,False,True,False,False,False,0
46.0,2.0,21.0,1.0,2,1.0,2.0,True,False,True,False,False,False,False,0
21.0,5.0,48.0,1.0,3,1.0,2.0,False,False,False,True,False,False,False,0
48.0,1.0,24.0,1.0,1,1.0,2.0,True,False,True,False,False,False,False,0
49.0,1.0,20.0,1.0,2,1.0,2.0,False,False,True,False,False,False,False,0
15.0,5.0,36.0,3.0,3,1.0,1.0,False,False,True,False,False,False,False,0
14.0,5.0,36.0,3.0,3,1.0,1.0,False,False,True,False,False,False,False,0
67.0,5.0,36.0,3.0,1,1.0,2.0,False,True,False,False,False,False,False,0
34.0,5.0,36.0,1.0,3,1.0,2.0,True,True,False,False,False,False,False,0
27.0,1.0,48.0,1.0,1,1.0,2.0,False,True,False,False,False,False,False,0
33.0,1.0,36.0,3.0,2,1.0,2.0,True,True,False,False,False,False,False,0
5.0,5.0,36.0,4.0,3,2.0,1.0,True,False,False,False,False,False,False,0
2.0,5.0,36.0,4.0,3,2.0,3.0,True,False,False,False,False,False,True,0
38.0,2.0,0.0,1.0,1,1.0,2.0,False,False,False,False,False,True,False,0
38.0,2.0,20.0,1.0,2,1.0,2.0,True,False,False,False,False,True,False,0
3.0,5.0,36.0,4.0,3,2.0,3.0,True,False,False,False,False,False,True,0
37.0,1.0,65.0,1.0,1,1.0,2.0,False,False,False,True,False,False,False,0
50.0,5.0,25.0,1.0,1,1.0,2.0,True,False,False,False,False,True,False,0
30.0,1.0,36.0,1.0,1,1.0,2.0,False,False,False,False,False,True,False,0
31.0,1.0,0.0,1.0,2,1.0,2.0,True,False,False,False,False,True,False,0
17.0,5.0,36.0,3.0,3,1.0,1.0,True,False,True,False,False,False,False,0
11.0,5.0,36.0,3.0,3,1.0,1.0,True,False,False,False,False,False,False,0
48.0,1.0,30.0,1.0,1,1.0,2.0,False,False,False,True,False,False,False,0
63.0,2.0,36.0,3.0,2,1.0,2.0,True,False,False,False,False,True,False,0
36.0,5.0,48.0,1.0,3,1.0,2.0,False,False,False,False,False,True,False,0
31.0,5.0,56.0,1.0,3,1.0,1.0,False,False,False,False,True,False,False,0
68.0,2.0,36.0,3.0,1,1.0,2.0,False,False,True,False,False,False,False,0
44.0,1.0,4.0,1.0,2,1.0,2.0,True,False,False,False,False,True,False,0
29.0,5.0,28.0,1.0,1,1.0,2.0,False,False,False,False,True,False,False,0
80.0,4.0,36.0,3.0,9,1.0,2.0,True,False,False,False,False,True,False,0
60.0,2.0,36.0,3.0,2,1.0,2.0,True,False,True,False,False,False,False,0
40.0,4.0,32.0,1.0,3,1.0,1.0,True,False,False,False,True,False,False,0
44.0,2.0,0.0,1.0,1,1.0,2.0,True,False,False,False,False,True,False,0
43.0,2.0,0.0,1.0,2,1.0,2.0,False,False,False,False,False,True,False,0
10.0,5.0,36.0,3.0,3,1.0,1.0,True,False,False,False,False,False,False,0
8.0,5.0,36.0,4.0,3,1.0,1.0,False,False,False,False,False,False,False,0
50.0,1.0,0.0,1.0,1,1.0,2.0,False,False,False,False,False,True,False,0
58.0,1.0,0.0,1.0,2,1.0,2.0,True,False,False,False,False,True,False,0
21.0,5.0,36.0,3.0,3,1.0,1.0,True,False,False,False,True,False,False,0
19.0,5.0,36.0,2.0,3,1.0,1.0,False,False,False,False,True,False,False,0
44.0,2.0,12.0,1.0,1,1.0,2.0,True,False,True,False,False,False,False,0
42.0,2.0,36.0,1.0,2,1.0,2.0,False,False,False,False,False,True,False,0
15.0,5.0,4.0,1.0,3,1.0,1.0,True,False,True,False,False,False,False,0
21.0,5.0,4.0,1.0,3,1.0,1.0,True,False,False,False,True,False,False,0
31.0,1.0,70.0,1.0,1,1.0,2.0,False,False,False,True,False,False,False,0
29.0,1.0,36.0,3.0,2,1.0,2.0,True,False,False,True,False,False,False,0
6.0,5.0,36.0,4.0,3,2.0,1.0,True,False,False,False,False,False,True,0
38.0,2.0,48.0,1.0,1,1.0,2.0,False,False,False,True,False,False,False,0
38.0,2.0,36.0,3.0,2,1.0,1.0,True,False,True,False,False,False,False,0
18.0,5.0,36.0,3.0,3,1.0,1.0,False,False,True,False,False,False,False,0
14.0,5.0,36.0,3.0,3,1.0,2.0,False,False,False,False,False,False,False,0
12.0,5.0,36.0,3.0,3,1.0,1.0,True,False,False,False,False,False,False,0
10.0,5.0,36.0,3.0,3,1.0,1.0,False,False,False,False,False,False,False,0
36.0,1.0,45.0,1.0,1,1.0,2.0,True,False,False,False,False,True,False,0
45.0,1.0,40.0,1.0,2,1.0,2.0,False,False,False,False,False,True,False,0
16.0,5.0,36.0,3.0,3,1.0,1.0,False,False,True,False,False,False,False,0
10.0,5.0,36.0,3.0,3,1.0,1.0,True,False,False,False,False,False,False,0
4.0,5.0,36.0,4.0,3,2.0,1.0,True,False,False,False,False,False,True,0
37.0,2.0,24.0,1.0,2,1.0,2.0,True,False,True,False,False,False,False,0
38.0,2.0,17.0,1.0,1,1.0,2.0,False,True,False,False,False,False,False,0
78.0,4.0,36.0,3.0,1,1.0,2.0,True,False,False,False,False,True,False,0
52.0,3.0,0.0,1.0,3,1.0,2.0,False,False,False,True,False,False,False,0
18.0,5.0,36.0,3.0,5,1.0,1.0,True,False,False,False,True,False,False,0
16.0,5.0,36.0,3.0,5,1.0,1.0,False,False,True,False,False,False,False,0
23.0,5.0,36.0,3.0,3,1.0,1.0,True,False,False,False,True,False,False,0
25.0,5.0,40.0,1.0,3,1.0,2.0,False,False,False,True,False,False,False,0
20.0,5.0,36.0,3.0,3,1.0,1.0,False,False,False,False,True,False,False,0
46.0,2.0,30.0,1.0,1,1.0,2.0,False,False,True,False,False,False,False,0
35.0,5.0,36.0,2.0,1,1.0,2.0,True,False,False,True,False,False,False,0
63.0,1.0,40.0,1.0,1,1.0,2.0,False,False,False,False,False,False,False,0
64.0,1.0,36.0,3.0,2,1.0,2.0,True,False,False,True,False,False,False,0
31.0,5.0,36.0,2.0,3,1.0,2.0,False,False,True,False,False,False,False,0
35.0,1.0,44.0,1.0,2,1.0,2.0,True,False,False,True,False,False,False,0
6.0,5.0,36.0,4.0,3,2.0,1.0,True,False,False,False,False,False,False,0
10.0,5.0,36.0,3.0,3,1.0,1.0,True,False,False,False,False,False,False,0
28.0,5.0,40.0,1.0,8,1.0,2.0,False,False,False,True,False,False,False,0
8.0,5.0,36.0,4.0,10,1.0,1.0,False,False,False,False,False,False,False,0
71.0,3.0,48.0,1.0,1,1.0,2.0,False,False,False,False,False,True,False,0
79.0,4.0,36.0,3.0,1,1.0,2.0,True,False,False,False,False,False,False,0
23.0,5.0,63.0,1.0,5,1.0,2.0,True,False,False,True,False,False,False,0
5.0,5.0,36.0,4.0,5,1.0,1.0,True,False,False,False,False,False,False,0
39.0,5.0,32.0,1.0,1,1.0,2.0,False,False,False,True,False,False,False,0
37.0,5.0,45.0,1.0,8,1.0,2.0,True,False,False,True,False,False,False,0
68.0,3.0,36.0,3.0,1,1.0,2.0,True,False,True,False,False,False,False,0
41.0,5.0,30.0,1.0,1,1.0,1.0,True,False,False,False,True,False,False,0
6.0,5.0,36.0,4.0,3,1.0,1.0,True,False,False,False,False,False,True,0
34.0,2.0,35.0,1.0,1,1.0,1.0,False,False,False,False,True,False,False,0
29.0,2.0,0.0,1.0,2,1.0,2.0,True,False,False,False,False,True,False,0
1.0,5.0,36.0,4.0,3,3.0,2.0,True,False,False,False,False,False,True,0
43.0,3.0,36.0,1.0,1,1.0,2.0,True,False,False,True,False,False,False,0
24.0,5.0,36.0,2.0,3,1.0,2.0,True,False,False,True,False,False,False,0
22.0,5.0,36.0,2.0,3,1.0,2.0,True,False,False,True,False,False,False,0
19.0,5.0,36.0,3.0,3,1.0,2.0,True,False,False,True,False,False,False,0
60.0,1.0,28.0,1.0,1,1.0,2.0,False,True,False,False,False,False,False,0
59.0,1.0,36.0,3.0,2,1.0,2.0,True,True,False,False,False,False,False,0
28.0,5.0,44.0,1.0,3,1.0,2.0,True,False,False,True,False,False,False,0
25.0,5.0,36.0,3.0,3,1.0,2.0,True,False,False,True,False,False,False,0
23.0,5.0,24.0,1.0,3,1.0,2.0,False,False,False,True,False,False,False,0
44.0,5.0,30.0,1.0,1,1.0,2.0,False,False,False,False,False,True,False,0
33.0,1.0,84.0,1.0,1,1.0,2.0,False,False,True,False,False,False,False,0
63.0,2.0,18.0,1.0,1,1.0,2.0,False,True,False,False,False,False,False,0
39.0,5.0,25.0,1.0,3,1.0,2.0,False,False,False,False,False,True,False,0
61.0,2.0,36.0,3.0,2,1.0,2.0,True,True,False,False,False,False,False,0
64.0,2.0,40.0,1.0,1,1.0,2.0,False,False,False,True,False,False,False,0
20.0,5.0,36.0,3.0,3,1.0,1.0,True,False,False,False,True,False,False,0
55.0,4.0,0.0,1.0,1,1.0,2.0,True,False,True,False,False,False,False,0
46.0,2.0,72.0,1.0,1,1.0,2.0,False,False,False,True,False,False,False,0
47.0,2.0,0.0,1.0,2,1.0,2.0,True,False,False,False,False,True,False,0
27.0,1.0,36.0,2.0,2,1.0,2.0,True,False,False,True,False,False,False,0
37.0,1.0,36.0,2.0,1,1.0,2.0,False,True,False,False,False,False,False,0
47.0,2.0,60.0,1.0,2,1.0,2.0,False,False,True,False,False,False,False,0
70.0,2.0,36.0,3.0,1,1.0,2.0,True,False,False,False,False,True,False,0
87.0,2.0,36.0,3.0,2,1.0,2.0,False,False,False,False,False,True,False,0
76.0,2.0,36.0,3.0,1,1.0,2.0,False,False,False,False,False,True,False,0
77.0,2.0,36.0,3.0,2,1.0,2.0,True,False,False,True,False,False,False,0
44.0,2.0,36.0,3.0,2,1.0,2.0,True,False,True,False,False,False,False,0
56.0,5.0,72.0,1.0,1,1.0,2.0,True,False,True,False,False,False,False,0
18.0,5.0,36.0,3.0,9,1.0,1.0,False,False,False,False,True,False,False,0
67.0,2.0,15.0,1.0,1,1.0,2.0,False,True,False,False,False,False,False,0
28.0,5.0,36.0,3.0,1,1.0,1.0,False,False,False,False,True,False,False,0
24.0,5.0,36.0,3.0,8,1.0,1.0,True,False,False,False,True,False,False,0
82.0,4.0,36.0,3.0,1,1.0,2.0,True,False,False,False,False,True,False,0
34.0,5.0,40.0,1.0,1,1.0,2.0,False,False,False,True,False,False,False,0
78.0,2.0,36.0,3.0,1,1.0,2.0,False,False,True,False,False,False,False,0
76.0,2.0,36.0,3.0,2,1.0,2.0,True,True,False,False,False,False,False,0
47.0,1.0,54.0,1.0,1,1.0,2.0,True,False,False,False,False,True,False,0
48.0,1.0,54.0,1.0,2,1.0,2.0,False,False,True,False,False,False,False,0
76.0,2.0,36.0,3.0,1,1.0,2.0,False,False,False,False,True,False,False,0
72.0,2.0,36.0,3.0,2,1.0,2.0,True,False,False,True,False,False,False,0
36.0,5.0,36.0,3.0,3,1.0,2.0,False,False,False,False,False,False,False,0
22.0,5.0,6.0,1.0,3,1.0,1.0,True,False,False,False,True,False,False,0
20.0,5.0,36.0,3.0,3,1.0,1.0,False,False,False,False,True,False,False,0
33.0,1.0,36.0,3.0,2,1.0,2.0,True,False,False,True,False,False,False,0
34.0,5.0,36.0,4.0,3,3.0,2.0,True,False,False,False,False,False,True,0
49.0,2.0,0.0,1.0,1,1.0,2.0,True,False,False,False,False,True,False,0
49.0,2.0,0.0,1.0,2,1.0,1.0,False,False,False,False,False,True,False,0
65.0,2.0,40.0,1.0,2,1.0,2.0,True,False,False,True,False,False,False,0
91.0,4.0,36.0,3.0,6,1.0,2.0,True,True,False,False,False,False,False,0
33.0,5.0,36.0,3.0,3,1.0,1.0,True,False,False,False,True,False,False,0
67.0,4.0,36.0,3.0,1,1.0,2.0,True,False,False,True,False,False,False,0
21.0,5.0,24.0,1.0,3,1.0,1.0,True,False,False,False,True,False,False,0
22.0,5.0,0.0,1.0,3,1.0,2.0,False,False,False,True,False,False,False,0
27.0,2.0,48.0,1.0,1,1.0,2.0,False,False,False,True,False,False,False,0
28.0,2.0,36.0,3.0,2,1.0,2.0,True,False,False,True,False,False,False,0
60.0,4.0,33.0,1.0,1,1.0,2.0,True,True,False,False,False,False,False,0
36.0,5.0,36.0,3.0,3,1.0,2.0,True,False,False,True,False,False,False,0
28.0,1.0,20.0,1.0,1,1.0,2.0,True,False,True,False,False,False,False,0
34.0,1.0,72.0,1.0,2,1.0,2.0,False,False,False,True,False,False,False,0
12.0,5.0,36.0,3.0,3,1.0,1.0,True,False,True,False,False,False,False,0
10.0,5.0,36.0,3.0,3,1.0,1.0,True,False,False,False,False,False,False,0
53.0,4.0,0.0,1.0,1,1.0,2.0,True,False,True,False,False,False,False,0
31.0,5.0,18.0,1.0,3,1.0,2.0,False,False,True,False,False,False,False,0
30.0,5.0,5.0,1.0,3,1.0,2.0,False,False,True,False,False,False,False,0
38.0,5.0,48.0,1.0,1,1.0,2.0,False,False,False,False,False,True,False,0
76.0,5.0,36.0,3.0,6,1.0,2.0,True,False,False,True,False,False,False,0
32.0,2.0,20.0,1.0,2,1.0,2.0,True,False,False,False,False,True,False,0
7.0,5.0,36.0,4.0,3,1.0,1.0,True,False,False,False,False,False,False,0
3.0,5.0,36.0,4.0,3,2.0,1.0,True,False,False,False,False,False,True,0
3.0,5.0,36.0,4.0,3,2.0,1.0,True,False,False,False,False,False,True,0
28.0,5.0,45.0,1.0,1,1.0,2.0,True,False,False,False,False,True,False,0
24.0,5.0,24.0,1.0,8,1.0,2.0,True,False,False,False,False,True,False,0
22.0,5.0,36.0,3.0,8,1.0,1.0,True,False,False,False,True,False,False,0
26.0,5.0,20.0,1.0,3,1.0,2.0,False,False,True,False,False,False,False,0
9.0,5.0,36.0,4.0,3,1.0,1.0,False,False,False,False,False,False,False,0
32.0,5.0,30.0,1.0,3,1.0,2.0,False,True,False,False,False,False,False,0
20.0,5.0,36.0,3.0,3,1.0,1.0,False,False,False,False,True,False,False,0
25.0,5.0,62.0,1.0,3,1.0,2.0,True,False,False,True,False,False,False,0
35.0,2.0,33.0,1.0,1,1.0,2.0,False,False,False,False,False,True,False,0
55.0,2.0,40.0,1.0,1,1.0,2.0,False,False,False,False,False,True,False,0
62.0,2.0,36.0,3.0,2,1.0,2.0,True,False,False,False,False,True,False,0
54.0,3.0,48.0,1.0,1,1.0,2.0,True,True,False,False,False,False,False,0
32.0,5.0,30.0,1.0,3,1.0,2.0,False,True,False,False,False,False,False,0
25.0,5.0,36.0,3.0,3,1.0,2.0,False,False,False,True,False,False,False,0
26.0,5.0,36.0,3.0,3,1.0,1.0,True,False,False,False,True,False,False,0
59.0,2.0,30.0,1.0,1,1.0,2.0,False,False,False,False,False,True,False,0
54.0,2.0,30.0,1.0,2,1.0,2.0,True,False,False,False,False,True,False,0
13.0,5.0,36.0,3.0,3,1.0,1.0,False,False,True,False,False,False,False,0
15.0,5.0,36.0,3.0,3,1.0,1.0,False,False,True,False,False,False,False,0
26.0,1.0,30.0,1.0,1,1.0,2.0,False,False,False,True,False,False,False,0
30.0,1.0,25.0,1.0,2,1.0,2.0,True,False,False,False,False,True,False,0
20.0,5.0,36.0,3.0,3,1.0,1.0,False,False,False,False,True,False,False,0
56.0,1.0,35.0,1.0,1,1.0,2.0,False,False,False,False,True,False,False,0
51.0,1.0,35.0,1.0,2,1.0,1.0,True,False,False,False,True,False,False,0
42.0,2.0,36.0,3.0,2,1.0,2.0,True,False,False,True,False,False,False,0
11.0,5.0,36.0,3.0,3,1.0,1.0,True,False,False,False,False,False,False,0
5.0,5.0,36.0,4.0,3,2.0,1.0,False,False,False,False,False,False,True,0
37.0,3.0,32.0,1.0,1,1.0,2.0,False,False,False,False,False,False,False,0
17.0,5.0,36.0,3.0,3,1.0,1.0,True,False,True,False,False,False,False,0
16.0,5.0,36.0,3.0,3,1.0,1.0,True,False,True,False,False,False,False,0
57.0,2.0,12.0,1.0,1,1.0,2.0,True,False,False,True,False,False,False,0
59.0,2.0,48.0,1.0,2,1.0,2.0,False,False,False,False,False,True,False,0
30.0,1.0,36.0,1.0,1,1.0,1.0,True,False,False,False,True,False,False,0
31.0,1.0,50.0,1.0,2,1.0,2.0,False,False,False,False,False,True,False,0
47.0,2.0,36.0,2.0,1,1.0,2.0,False,False,False,False,True,False,False,0
52.0,2.0,23.0,1.0,3,1.0,2.0,False,False,True,False,False,False,False,0
26.0,1.0,77.0,1.0,1,1.0,2.0,True,False,False,True,False,False,False,0
28.0,1.0,48.0,1.0,2,1.0,2.0,False,False,False,True,False,False,False,0
7.0,5.0,36.0,4.0,3,1.0,1.0,True,False,False,False,False,False,False,0
3.0,5.0,36.0,4.0,3,2.0,1.0,True,False,False,False,False,False,True,0
58.0,5.0,48.0,1.0,1,1.0,2.0,False,False,False,False,False,False,False,0
69.0,3.0,36.0,3.0,1,1.0,2.0,False,False,False,False,False,True,False,0
30.0,1.0,36.0,3.0,4,1.0,2.0,True,True,False,False,False,False,False,0
10.0,5.0,36.0,3.0,5,1.0,1.0,False,False,False,False,False,False,False,0
7.0,5.0,36.0,4.0,5,1.0,1.0,True,False,False,False,False,False,False,0
3.0,5.0,36.0,4.0,5,2.0,1.0,False,False,False,False,False,False,True,0
60.0,2.0,40.0,1.0,1,1.0,2.0,False,True,False,False,False,False,False,0
60.0,2.0,36.0,3.0,2,1.0,2.0,True,True,False,False,False,False,False,0
30.0,1.0,48.0,1.0,3,1.0,2.0,False,True,False,False,False,False,False,0
46.0,2.0,32.0,1.0,3,1.0,2.0,True,False,True,False,False,False,False,0
46.0,2.0,48.0,1.0,4,1.0,2.0,False,False,True,False,False,False,False,0
21.0,5.0,36.0,3.0,5,1.0,1.0,True,False,False,False,True,False,False,0
18.0,5.0,36.0,3.0,5,1.0,1.0,False,False,False,False,True,False,False,0
53.0,5.0,36.0,3.0,1,1.0,2.0,True,False,False,True,False,False,False,0
17.0,5.0,36.0,3.0,3,1.0,1.0,False,False,True,False,False,False,False,0
51.0,1.0,40.0,1.0,1,1.0,2.0,False,False,True,False,False,False,False,0
52.0,1.0,30.0,1.0,2,1.0,2.0,True,False,True,False,False,False,False,0
50.0,1.0,35.0,1.0,1,1.0,2.0,True,False,False,False,False,True,False,0
60.0,2.0,36.0,3.0,1,1.0,2.0,True,False,False,False,False,True,False,0
59.0,2.0,0.0,1.0,2,1.0,2.0,False,False,False,True,False,False,False,0
47.0,2.0,35.0,1.0,2,1.0,2.0,True,False,False,True,False,False,False,0
16.0,5.0,36.0,3.0,3,1.0,1.0,False,False,True,False,False,False,False,0
57.0,2.0,72.0,1.0,1,1.0,2.0,False,False,False,True,False,False,False,0
26.0,1.0,44.0,1.0,1,1.0,2.0,False,False,False,True,False,False,False,0
24.0,1.0,6.0,1.0,2,1.0,2.0,True,False,False,True,False,False,False,0
4.0,5.0,36.0,4.0,3,2.0,1.0,True,False,False,False,False,False,True,0
64.0,5.0,36.0,3.0,1,1.0,2.0,False,True,False,False,False,False,False,0
6.0,5.0,36.0,4.0,5,1.0,1.0,True,False,False,False,False,False,False,0
59.0,5.0,40.0,1.0,1,1.0,2.0,True,False,False,False,False,True,False,0
10.0,5.0,36.0,3.0,3,1.0,1.0,True,False,False,False,False,False,False,0
10.0,5.0,36.0,3.0,3,1.0,1.0,True,False,False,False,False,False,False,0
15.0,5.0,36.0,3.0,3,1.0,1.0,False,False,True,False,False,False,False,0
16.0,5.0,36.0,3.0,3,1.0,1.0,False,False,True,False,False,False,False,0
18.0,5.0,36.0,3.0,3,1.0,2.0,True,False,False,True,False,False,False,0
4.0,5.0,36.0,4.0,3,2.0,1.0,False,False,False,False,False,False,True,0
20.0,5.0,36.0,3.0,3,1.0,2.0,False,False,False,True,False,False,False,0
61.0,3.0,36.0,3.0,1,1.0,2.0,True,False,False,True,False,False,False,0
37.0,5.0,6.0,1.0,1,1.0,2.0,True,False,False,False,False,True,False,0
60.0,1.0,36.0,1.0,2,1.0,2.0,True,False,False,False,False,True,False,0
27.0,5.0,15.0,1.0,3,1.0,1.0,False,False,False,False,True,False,False,0
78.0,4.0,36.0,3.0,1,1.0,2.0,True,False,False,True,False,False,False,0
73.0,1.0,36.0,3.0,1,1.0,2.0,False,False,False,True,False,False,False,0
88.0,4.0,36.0,3.0,1,1.0,2.0,True,False,False,False,False,False,False,0
25.0,5.0,36.0,3.0,5,1.0,1.0,False,False,False,False,True,False,False,0
60.0,2.0,36.0,1.0,1,1.0,2.0,False,True,False,False,False,False,False,0
35.0,2.0,36.0,3.0,2,1.0,2.0,True,False,False,False,False,False,False,0
23.0,5.0,36.0,3.0,3,1.0,2.0,True,False,True,False,False,False,False,0
15.0,5.0,36.0,3.0,3,1.0,1.0,False,False,True,False,False,False,False,0
56.0,5.0,40.0,1.0,1,1.0,2.0,False,False,False,False,True,False,False,0
24.0,5.0,48.0,1.0,1,1.0,2.0,False,False,False,True,False,False,False,0
47.0,5.0,40.0,1.0,1,1.0,2.0,True,False,False,True,False,False,False,0
23.0,1.0,0.0,1.0,3,1.0,2.0,True,False,True,False,False,False,False,0
22.0,1.0,44.0,1.0,4,1.0,2.0,False,False,False,True,False,False,False,0
27.0,5.0,50.0,1.0,3,1.0,2.0,False,False,False,True,False,False,False,0
57.0,5.0,40.0,1.0,1,1.0,2.0,True,False,False,False,False,True,False,0
21.0,5.0,36.0,3.0,3,1.0,1.0,False,False,False,False,True,False,False,0
21.0,5.0,36.0,3.0,3,1.0,1.0,False,False,False,False,True,False,False,0
52.0,5.0,6.0,1.0,1,1.0,2.0,True,True,False,False,False,False,False,0
71.0,5.0,36.0,3.0,1,1.0,2.0,False,True,False,False,False,False,False,0
30.0,1.0,24.0,1.0,9,1.0,2.0,True,True,False,False,False,False,False,0
28.0,1.0,72.0,1.0,9,1.0,2.0,False,False,False,True,False,False,False,0
9.0,5.0,36.0,4.0,9,1.0,1.0,False,False,False,False,False,False,False,0
7.0,5.0,36.0,4.0,9,1.0,1.0,False,False,False,False,False,False,False,0
72.0,2.0,36.0,3.0,1,1.0,2.0,False,False,True,False,False,False,False,0
75.0,2.0,36.0,3.0,2,1.0,2.0,True,True,False,False,False,False,False,0
34.0,1.0,45.0,1.0,1,1.0,2.0,False,False,False,False,False,True,False,0
31.0,1.0,40.0,1.0,2,1.0,2.0,True,False,False,False,False,True,False,0
26.0,5.0,48.0,1.0,3,1.0,2.0,False,False,False,True,False,False,False,0
55.0,4.0,35.0,1.0,1,1.0,2.0,True,False,False,True,False,False,False,0
52.0,1.0,25.0,1.0,2,1.0,1.0,False,False,False,False,True,False,False,0
13.0,5.0,36.0,3.0,3,1.0,1.0,True,False,True,False,False,False,False,0
11.0,5.0,36.0,3.0,3,1.0,1.0,False,False,False,False,False,False,False,0
68.0,2.0,45.0,1.0,1,1.0,2.0,False,False,False,True,False,False,False,0
64.0,2.0,36.0,3.0,2,1.0,2.0,True,False,False,True,False,False,False,0
31.0,5.0,25.0,1.0,3,1.0,2.0,True,False,False,False,False,True,False,0
29.0,5.0,45.0,1.0,3,1.0,2.0,True,False,False,True,False,False,False,0
48.0,2.0,48.0,1.0,1,1.0,2.0,False,True,False,False,False,False,False,0
28.0,5.0,54.0,1.0,3,1.0,1.0,True,False,False,False,True,False,False,0
47.0,2.0,0.0,1.0,2,1.0,2.0,True,True,False,False,False,False,False,0
74.0,4.0,36.0,3.0,1,1.0,2.0,True,True,False,False,False,False,False,0
34.0,5.0,40.0,1.0,3,1.0,2.0,False,False,False,False,False,True,False,0
34.0,5.0,36.0,3.0,9,1.0,2.0,False,False,False,True,False,False,False,0
75.0,4.0,36.0,3.0,1,1.0,2.0,True,False,False,True,False,False,False,0
37.0,5.0,36.0,3.0,3,2.0,2.0,True,False,False,False,False,False,False,0
32.0,5.0,36.0,3.0,9,1.0,2.0,False,False,False,True,False,False,False,0
38.0,1.0,25.0,1.0,1,1.0,2.0,False,False,False,False,False,False,False,0
33.0,1.0,25.0,1.0,2,1.0,2.0,True,True,False,False,False,False,False,0
17.0,5.0,36.0,3.0,3,1.0,1.0,False,False,True,False,False,False,False,0
15.0,5.0,36.0,3.0,3,1.0,1.0,False,False,True,False,False,False,False,0
14.0,5.0,36.0,3.0,3,1.0,1.0,False,False,False,False,False,False,False,0
37.0,1.0,30.0,1.0,1,1.0,2.0,True,False,False,True,False,False,False,0
38.0,1.0,41.0,1.0,2,1.0,2.0,False,False,True,False,False,False,False,0
12.0,5.0,36.0,3.0,3,1.0,1.0,False,False,True,False,False,False,False,0
13.0,5.0,36.0,3.0,3,1.0,1.0,True,False,True,False,False,False,False,0
77.0,3.0,36.0,3.0,1,1.0,2.0,True,True,False,False,False,False,False,0
65.0,4.0,0.0,1.0,1,1.0,2.0,True,False,False,False,False,True,False,0
12.0,5.0,36.0,3.0,5,1.0,1.0,False,False,False,False,False,False,False,0
41.0,5.0,0.0,1.0,3,1.0,2.0,True,False,False,True,False,False,False,0
73.0,2.0,44.0,1.0,1,1.0,2.0,False,False,False,False,False,False,True,0
71.0,2.0,44.0,1.0,2,1.0,2.0,True,False,False,False,False,False,True,0
68.0,3.0,36.0,3.0,1,1.0,2.0,True,False,False,False,False,True,False,0
2.0,5.0,36.0,4.0,5,2.0,1.0,False,False,False,False,False,False,True,0
5.0,5.0,36.0,4.0,9,2.0,1.0,False,False,False,False,False,False,True,0
61.0,4.0,40.0,1.0,1,1.0,2.0,True,False,False,False,False,True,False,0
21.0,5.0,36.0,3.0,3,1.0,1.0,False,False,False,False,True,False,False,0
49.0,3.0,16.0,1.0,1,1.0,2.0,True,False,False,True,False,False,False,0
16.0,5.0,36.0,3.0,3,1.0,1.0,False,False,True,False,False,False,False,0
73.0,4.0,36.0,3.0,1,1.0,2.0,True,False,False,False,False,False,False,0
82.0,4.0,36.0,3.0,1,1.0,2.0,True,False,False,False,False,False,False,0
46.0,5.0,36.0,3.0,3,1.0,2.0,True,False,True,False,False,False,False,0
24.0,5.0,60.0,1.0,5,1.0,2.0,True,False,False,True,False,False,False,0
19.0,5.0,30.0,1.0,5,1.0,1.0,False,False,True,False,False,False,False,0
8.0,5.0,36.0,4.0,5,1.0,1.0,False,False,False,False,False,False,False,0
10.0,5.0,36.0,3.0,5,1.0,1.0,True,False,False,False,False,False,False,0
7.0,5.0,36.0,4.0,5,1.0,1.0,True,False,False,False,False,False,False,0
20.0,5.0,36.0,3.0,3,1.0,1.0,True,False,False,False,True,False,False,0
14.0,5.0,36.0,3.0,3,1.0,1.0,True,False,True,False,False,False,False,0
15.0,5.0,36.0,3.0,3,1.0,1.0,True,False,True,False,False,False,False,0
8.0,5.0,36.0,4.0,5,1.0,1.0,False,False,False,False,False,False,False,0
59.0,2.0,40.0,1.0,1,1.0,2.0,False,False,False,True,False,False,False,0
36.0,2.0,40.0,1.0,1,1.0,2.0,False,False,False,True,False,False,False,0
34.0,2.0,30.0,1.0,2,1.0,2.0,True,False,False,True,False,False,False,0
11.0,5.0,36.0,3.0,3,1.0,1.0,False,False,False,False,False,False,False,0
19.0,5.0,36.0,3.0,3,1.0,1.0,True,False,False,False,True,False,False,0
68.0,4.0,36.0,3.0,1,1.0,2.0,True,True,False,False,False,False,False,0
38.0,5.0,36.0,1.0,3,1.0,2.0,True,False,False,True,False,False,False,0
8.0,5.0,36.0,4.0,5,1.0,1.0,True,False,False,False,False,False,False,0
2.0,5.0,36.0,4.0,3,2.0,1.0,True,False,False,False,False,False,True,0
64.0,2.0,60.0,1.0,1,1.0,2.0,False,False,False,False,False,True,False,0
54.0,2.0,40.0,1.0,2,1.0,2.0,True,False,False,False,False,True,False,0
20.0,5.0,40.0,1.0,3,1.0,1.0,True,False,False,False,True,False,False,0
27.0,5.0,40.0,1.0,3,1.0,1.0,False,False,False,False,True,False,False,0
54.0,1.0,50.0,1.0,1,1.0,2.0,False,False,False,False,False,True,False,0
53.0,1.0,50.0,1.0,2,1.0,2.0,True,False,False,False,False,True,False,0
23.0,5.0,40.0,1.0,3,1.0,1.0,False,False,False,False,True,False,False,0
32.0,3.0,36.0,1.0,1,1.0,2.0,True,False,False,True,False,False,False,0
13.0,5.0,36.0,3.0,3,1.0,1.0,False,False,True,False,False,False,False,0
6.0,5.0,36.0,4.0,3,1.0,1.0,True,False,False,False,False,False,False,0
58.0,2.0,36.0,3.0,1,1.0,2.0,False,True,False,False,False,False,False,0
35.0,2.0,36.0,3.0,2,1.0,2.0,True,False,False,False,False,False,False,0
27.0,1.0,36.0,3.0,3,1.0,2.0,False,False,False,True,False,False,False,0
30.0,1.0,48.0,1.0,3,1.0,2.0,True,False,False,True,False,False,False,0
82.0,4.0,36.0,3.0,1,1.0,2.0,True,False,False,True,False,False,False,0
29.0,2.0,6.0,1.0,1,1.0,2.0,False,False,True,False,False,False,False,0
32.0,2.0,36.0,3.0,2,1.0,2.0,True,False,True,False,False,False,False,0
8.0,5.0,36.0,4.0,3,1.0,1.0,True,False,False,False,False,False,False,0
3.0,5.0,36.0,4.0,3,2.0,3.0,True,False,False,False,False,False,True,0
2.0,5.0,36.0,4.0,3,2.0,3.0,False,False,False,False,False,False,True,0
62.0,2.0,36.0,3.0,2,1.0,2.0,True,False,False,False,False,True,False,0
35.0,3.0,24.0,1.0,1,1.0,2.0,True,False,False,False,True,False,False,0
10.0,5.0,36.0,3.0,3,1.0,1.0,False,False,False,False,False,False,False,0
8.0,5.0,36.0,4.0,3,1.0,1.0,True,False,False,False,False,False,False,0
63.0,2.0,60.0,1.0,2,1.0,2.0,True,False,False,False,False,True,False,0
29.0,5.0,48.0,1.0,3,1.0,2.0,False,False,False,False,False,True,False,0
69.0,2.0,60.0,1.0,1,1.0,2.0,False,False,True,False,False,False,False,0
39.0,2.0,24.0,1.0,1,1.0,2.0,True,True,False,False,False,False,False,0
39.0,2.0,40.0,1.0,2,1.0,2.0,False,True,False,False,False,False,False,0
21.0,5.0,20.0,1.0,3,1.0,2.0,False,False,False,True,False,False,False,0
19.0,5.0,20.0,1.0,3,1.0,2.0,True,False,False,True,False,False,False,0
11.0,5.0,36.0,3.0,3,1.0,1.0,False,False,False,False,False,False,False,0
5.0,5.0,36.0,4.0,3,2.0,1.0,True,False,False,False,False,False,True,0
5.0,5.0,36.0,4.0,3,2.0,1.0,True,False,False,False,False,False,True,0
31.0,1.0,42.0,1.0,1,1.0,1.0,False,False,False,False,True,False,False,0
26.0,1.0,36.0,2.0,2,1.0,1.0,True,False,False,False,True,False,False,0
35.0,5.0,30.0,1.0,1,1.0,2.0,False,True,False,False,False,False,False,0
13.0,5.0,36.0,3.0,3,1.0,1.0,True,False,True,False,False,False,False,0
7.0,5.0,36.0,4.0,3,1.0,1.0,False,False,False,False,False,False,False,0
32.0,5.0,20.0,1.0,10,1.0,2.0,True,True,False,False,False,False,False,0
50.0,3.0,50.0,1.0,1,1.0,2.0,False,True,False,False,False,False,False,0
34.0,5.0,15.0,1.0,1,1.0,2.0,True,False,False,True,False,False,False,0
64.0,3.0,36.0,3.0,6,1.0,2.0,True,False,False,True,False,False,False,0
39.0,2.0,24.0,1.0,8,1.0,2.0,True,False,False,False,False,True,False,0
67.0,4.0,36.0,3.0,1,1.0,2.0,True,False,False,False,False,False,False,0
46.0,2.0,44.0,1.0,1,1.0,2.0,False,False,False,True,False,False,False,0
44.0,2.0,36.0,3.0,2,1.0,2.0,True,False,False,True,False,False,False,0
10.0,5.0,36.0,3.0,3,1.0,1.0,True,False,False,False,False,False,False,0
10.0,5.0,36.0,3.0,3,1.0,1.0,True,False,False,False,False,False,False,0
22.0,5.0,36.0,3.0,3,1.0,1.0,False,False,False,False,True,False,False,0
6.0,5.0,36.0,4.0,5,2.0,1.0,False,False,False,False,False,False,False,0
58.0,2.0,30.0,1.0,1,1.0,2.0,False,False,False,False,False,True,False,0
53.0,2.0,0.0,1.0,2,1.0,2.0,True,False,False,False,False,True,False,0
27.0,5.0,24.0,1.0,3,1.0,2.0,True,False,False,True,False,False,False,0
41.0,2.0,12.0,1.0,1,1.0,2.0,True,False,False,False,False,True,False,0
51.0,2.0,36.0,3.0,2,1.0,2.0,False,True,False,False,False,False,False,0
18.0,5.0,36.0,3.0,3,1.0,1.0,False,False,True,False,False,False,False,0
12.0,5.0,36.0,3.0,3,1.0,1.0,True,False,False,False,False,False,False,0
68.0,4.0,36.0,3.0,1,1.0,2.0,True,False,False,True,False,False,False,0
64.0,3.0,84.0,1.0,1,1.0,2.0,True,True,False,False,False,False,False,0
70.0,2.0,40.0,1.0,1,1.0,2.0,False,False,True,False,False,False,False,0
63.0,2.0,36.0,3.0,2,1.0,2.0,True,False,True,False,False,False,False,0
68.0,2.0,36.0,3.0,1,1.0,2.0,True,True,False,False,False,False,False,0
74.0,2.0,36.0,3.0,2,1.0,2.0,False,True,False,False,False,False,False,0
45.0,5.0,36.0,1.0,3,1.0,2.0,False,False,False,False,False,True,False,0
38.0,3.0,40.0,1.0,1,1.0,2.0,False,False,True,False,False,False,False,0
17.0,5.0,36.0,3.0,5,1.0,1.0,True,False,False,False,False,False,False,0
72.0,1.0,36.0,3.0,6,1.0,2.0,True,False,False,True,False,False,False,0
70.0,1.0,36.0,3.0,6,1.0,2.0,True,False,False,True,False,False,False,0
50.0,3.0,36.0,2.0,1,1.0,2.0,True,False,False,False,False,True,False,0
32.0,5.0,36.0,2.0,3,1.0,2.0,False,False,True,False,False,False,False,0
69.0,3.0,30.0,1.0,1,1.0,2.0,False,False,False,False,False,True,False,0
23.0,5.0,36.0,3.0,3,1.0,1.0,False,False,False,False,True,False,False,0
55.0,5.0,48.0,1.0,1,1.0,2.0,False,False,False,False,False,False,False,0
44.0,5.0,40.0,1.0,8,1.0,2.0,False,True,False,False,False,False,False,0
71.0,2.0,36.0,3.0,1,1.0,2.0,False,False,False,True,False,False,False,0
75.0,2.0,36.0,3.0,2,1.0,2.0,True,False,False,True,False,False,False,0
41.0,5.0,40.0,1.0,3,1.0,2.0,False,False,False,True,False,False,False,0
57.0,3.0,36.0,3.0,1,1.0,2.0,False,False,False,True,False,False,False,0
18.0,5.0,30.0,1.0,3,1.0,2.0,False,False,False,True,False,False,False,0
59.0,5.0,20.0,1.0,1,1.0,2.0,True,False,False,False,False,True,False,0
23.0,5.0,36.0,3.0,1,1.0,1.0,True,False,False,False,True,False,False,0
54.0,2.0,30.0,1.0,1,1.0,2.0,False,True,False,False,False,False,False,0
47.0,2.0,48.0,1.0,2,1.0,2.0,True,True,False,False,False,False,False,0
18.0,5.0,24.0,1.0,3,1.0,1.0,True,False,False,False,True,False,False,0
16.0,5.0,36.0,3.0,3,1.0,1.0,True,False,True,False,False,False,False,0
10.0,5.0,36.0,3.0,3,1.0,1.0,True,False,False,False,False,False,False,0
13.0,5.0,36.0,3.0,3,1.0,1.0,False,False,True,False,False,False,False,0
51.0,3.0,55.0,1.0,1,1.0,2.0,True,False,False,False,True,False,False,0
21.0,5.0,36.0,3.0,3,1.0,1.0,True,False,False,False,True,False,False,0
18.0,5.0,36.0,3.0,3,1.0,1.0,True,False,False,False,True,False,False,0
30.0,5.0,24.0,1.0,3,1.0,2.0,True,False,True,False,False,False,False,0
11.0,5.0,36.0,3.0,5,1.0,1.0,True,False,False,False,False,False,False,0
10.0,5.0,36.0,3.0,5,1.0,1.0,True,False,False,False,False,False,False,0
30.0,5.0,60.0,1.0,1,1.0,2.0,False,False,False,False,False,True,False,0
50.0,5.0,21.0,1.0,1,1.0,2.0,False,False,False,True,False,False,False,0
79.0,4.0,36.0,3.0,6,1.0,2.0,True,False,False,False,False,False,False,0
10.0,5.0,36.0,3.0,3,1.0,1.0,True,False,False,False,False,False,False,0
74.0,2.0,36.0,3.0,1,1.0,2.0,False,False,False,False,False,True,False,0
64.0,2.0,36.0,3.0,2,1.0,2.0,True,False,False,True,False,False,False,0
41.0,5.0,20.0,1.0,1,1.0,2.0,False,False,False,False,True,False,False,0
34.0,5.0,36.0,2.0,1,1.0,1.0,True,False,False,False,True,False,False,0
69.0,4.0,36.0,3.0,1,1.0,2.0,True,False,True,False,False,False,False,0
52.0,2.0,40.0,1.0,1,1.0,2.0,False,False,False,False,False,True,False,0
47.0,2.0,30.0,1.0,2,1.0,2.0,True,False,False,False,False,True,False,0
16.0,5.0,36.0,3.0,3,1.0,1.0,True,False,True,False,False,False,False,0
10.0,5.0,36.0,3.0,3,1.0,1.0,False,False,False,False,False,False,False,0
51.0,3.0,36.0,1.0,1,1.0,2.0,True,False,True,False,False,False,False,0
20.0,5.0,36.0,3.0,3,1.0,2.0,True,False,True,False,False,False,False,0
17.0,5.0,36.0,3.0,3,1.0,1.0,False,False,True,False,False,False,False,0
34.0,5.0,36.0,4.0,5,3.0,2.0,False,False,False,False,False,False,True,0
46.0,2.0,44.0,1.0,1,1.0,2.0,False,True,False,False,False,False,False,0
44.0,2.0,36.0,2.0,2,1.0,2.0,True,False,False,False,False,True,False,0
22.0,5.0,40.0,1.0,3,1.0,1.0,True,False,False,False,True,False,False,0
52.0,2.0,36.0,3.0,1,1.0,2.0,True,True,False,False,False,False,False,0
58.0,2.0,48.0,1.0,2,1.0,2.0,False,True,False,False,False,False,False,0
32.0,5.0,48.0,1.0,3,1.0,2.0,False,False,False,True,False,False,False,0
14.0,5.0,36.0,3.0,5,1.0,1.0,False,False,True,False,False,False,False,0
40.0,4.0,0.0,1.0,1,1.0,2.0,True,False,False,False,False,True,False,0
18.0,5.0,36.0,3.0,3,1.0,1.0,True,False,False,False,True,False,False,0
16.0,5.0,36.0,3.0,3,1.0,1.0,True,False,True,False,False,False,False,0
9.0,5.0,36.0,4.0,3,1.0,1.0,True,False,False,False,False,False,False,0
46.0,3.0,49.0,1.0,3,1.0,2.0,True,False,False,True,False,False,False,0
18.0,5.0,36.0,3.0,5,1.0,2.0,False,False,False,True,False,False,False,0
61.0,5.0,36.0,2.0,1,1.0,2.0,True,True,False,False,False,False,False,0
33.0,5.0,30.0,1.0,3,1.0,1.0,True,False,False,False,True,False,False,0
82.0,4.0,36.0,3.0,1,2.0,3.0,True,False,False,False,False,False,True,0
48.0,5.0,48.0,1.0,3,1.0,2.0,False,False,False,True,False,False,False,0
44.0,5.0,20.0,1.0,1,1.0,2.0,True,False,True,False,False,False,False,0
21.0,5.0,30.0,1.0,3,1.0,2.0,False,True,False,False,False,False,False,0
17.0,5.0,36.0,3.0,3,1.0,1.0,True,False,True,False,False,False,False,0
49.0,2.0,25.0,1.0,1,1.0,2.0,False,False,False,False,False,True,False,0
45.0,2.0,12.0,1.0,2,1.0,2.0,True,False,False,False,False,True,False,0
18.0,5.0,36.0,3.0,3,1.0,1.0,True,False,True,False,False,False,False,0
47.0,5.0,40.0,1.0,1,1.0,2.0,False,False,True,False,False,False,False,0
49.0,5.0,0.0,1.0,10,1.0,2.0,True,False,False,False,False,True,False,0
8.0,5.0,36.0,4.0,3,1.0,1.0,True,False,False,False,False,False,False,0
35.0,1.0,48.0,1.0,1,1.0,2.0,True,False,True,False,False,False,False,0
43.0,1.0,60.0,1.0,1,1.0,2.0,False,False,False,False,False,True,False,0
45.0,1.0,42.0,1.0,2,1.0,2.0,True,False,False,False,False,True,False,0
21.0,5.0,36.0,3.0,3,1.0,1.0,False,False,False,False,True,False,False,0
11.0,5.0,36.0,3.0,3,1.0,1.0,True,False,False,False,False,False,False,0
56.0,5.0,8.0,1.0,8,1.0,2.0,True,False,True,False,False,False,False,0
58.0,2.0,44.0,1.0,1,1.0,2.0,True,False,False,False,True,False,False,0
59.0,2.0,50.0,1.0,2,1.0,2.0,False,False,False,False,True,False,False,0
28.0,5.0,44.0,1.0,3,1.0,2.0,False,False,False,False,False,True,False,0
25.0,5.0,44.0,1.0,3,1.0,2.0,False,False,False,True,False,False,False,0
2.0,5.0,36.0,4.0,3,2.0,3.0,False,False,False,False,False,False,True,0
56.0,1.0,36.0,3.0,1,1.0,2.0,True,True,False,False,False,False,False,0
36.0,1.0,12.0,1.0,2,1.0,2.0,False,False,False,True,False,False,False,0
40.0,1.0,56.0,1.0,1,1.0,2.0,False,False,False,False,False,True,False,0
30.0,1.0,60.0,1.0,2,1.0,2.0,True,False,False,False,False,True,False,0
73.0,4.0,36.0,3.0,1,1.0,2.0,True,False,True,False,False,False,False,0
36.0,5.0,16.0,1.0,1,1.0,2.0,True,False,False,False,False,True,False,0
65.0,2.0,20.0,1.0,1,1.0,2.0,False,False,False,False,False,True,False,0
64.0,2.0,40.0,1.0,2,1.0,2.0,True,False,False,False,False,True,False,0
28.0,5.0,20.0,1.0,3,1.0,2.0,False,False,False,True,False,False,False,0
49.0,5.0,45.0,1.0,1,1.0,2.0,False,False,False,False,True,False,False,0
53.0,2.0,40.0,1.0,1,1.0,2.0,False,False,False,False,False,True,False,0
54.0,2.0,48.0,1.0,2,1.0,2.0,True,False,False,False,False,True,False,0
24.0,5.0,40.0,1.0,3,1.0,2.0,True,False,False,False,False,True,False,0
20.0,5.0,36.0,3.0,3,1.0,1.0,True,False,False,False,True,False,False,0
72.0,4.0,36.0,3.0,1,1.0,2.0,True,False,True,False,False,False,False,0
55.0,5.0,27.0,1.0,1,1.0,2.0,True,False,False,False,False,False,False,0
33.0,5.0,54.0,1.0,9,1.0,2.0,True,True,False,False,False,False,False,0
50.0,3.0,25.0,1.0,1,1.0,1.0,True,False,False,False,True,False,False,0
22.0,5.0,46.0,1.0,3,1.0,2.0,True,False,False,True,False,False,False,0
16.0,5.0,36.0,3.0,3,1.0,1.0,True,False,True,False,False,False,False,0
47.0,5.0,30.0,1.0,1,1.0,2.0,False,False,False,False,False,True,False,0
14.0,5.0,36.0,3.0,3,1.0,1.0,True,False,True,False,False,False,False,0
30.0,1.0,50.0,1.0,2,1.0,2.0,False,False,True,False,False,False,False,0
79.0,4.0,36.0,3.0,1,1.0,2.0,True,True,False,False,False,False,False,0
47.0,2.0,36.0,3.0,3,1.0,2.0,True,True,False,False,False,False,False,0
52.0,2.0,35.0,1.0,1,1.0,2.0,False,False,False,True,False,False,False,0
51.0,2.0,0.0,1.0,2,1.0,2.0,True,False,False,False,False,True,False,0
21.0,5.0,36.0,3.0,3,1.0,1.0,False,False,False,False,True,False,False,0
15.0,5.0,36.0,3.0,3,1.0,1.0,True,False,True,False,False,False,False,0
62.0,5.0,36.0,3.0,1,1.0,2.0,True,True,False,False,False,False,False,0
28.0,3.0,72.0,1.0,3,1.0,2.0,False,False,False,True,False,False,False,0
21.0,5.0,36.0,3.0,3,1.0,2.0,True,False,False,True,False,False,False,0
69.0,2.0,18.0,1.0,1,1.0,2.0,False,True,False,False,False,False,False,0
66.0,2.0,18.0,1.0,2,1.0,2.0,True,False,False,True,False,False,False,0
24.0,1.0,12.0,1.0,3,1.0,2.0,False,False,False,True,False,False,False,0
22.0,1.0,36.0,3.0,4,1.0,2.0,True,False,False,True,False,False,False,0
54.0,2.0,40.0,1.0,1,1.0,2.0,False,False,False,False,False,True,False,0
56.0,2.0,40.0,1.0,2,1.0,2.0,True,False,False,False,False,True,False,0
18.0,5.0,36.0,3.0,3,1.0,1.0,True,False,False,False,True,False,False,0
61.0,2.0,25.0,1.0,1,1.0,2.0,False,False,False,True,False,False,False,0
62.0,2.0,40.0,1.0,2,1.0,2.0,True,False,False,False,False,True,False,0
27.0,5.0,36.0,3.0,3,1.0,1.0,True,False,False,False,True,False,False,0
38.0,5.0,22.0,1.0,1,1.0,2.0,False,False,True,False,False,False,False,0
44.0,5.0,42.0,1.0,1,1.0,2.0,False,True,False,False,False,False,False,0
50.0,5.0,50.0,1.0,1,1.0,2.0,True,False,False,False,False,True,False,0
75.0,4.0,36.0,3.0,6,1.0,2.0,True,False,False,True,False,False,False,0
35.0,5.0,40.0,1.0,1,1.0,1.0,False,False,False,False,True,False,False,0
47.0,2.0,20.0,1.0,1,1.0,2.0,True,False,False,False,False,True,False,0
58.0,3.0,36.0,3.0,1,1.0,2.0,True,False,False,False,False,True,False,0
21.0,5.0,8.0,1.0,3,1.0,1.0,True,False,False,False,True,False,False,0
28.0,5.0,20.0,1.0,3,1.0,2.0,True,False,False,False,False,True,False,0
46.0,5.0,36.0,2.0,3,1.0,2.0,False,False,True,False,False,False,False,0
23.0,2.0,39.0,1.0,1,1.0,1.0,False,False,False,False,True,False,False,0
23.0,2.0,24.0,1.0,2,1.0,1.0,True,False,False,False,True,False,False,0
81.0,4.0,36.0,3.0,1,1.0,2.0,True,False,False,True,False,False,False,0
51.0,3.0,16.0,1.0,1,1.0,2.0,False,False,True,False,False,False,False,0
27.0,3.0,48.0,1.0,3,1.0,2.0,False,False,False,True,False,False,False,0
45.0,2.0,40.0,1.0,2,1.0,2.0,True,False,False,False,False,True,False,0
15.0,5.0,36.0,3.0,3,1.0,1.0,True,False,True,False,False,False,False,0
7.0,5.0,36.0,4.0,3,1.0,1.0,False,False,False,False,False,False,False,0
67.0,3.0,36.0,3.0,1,1.0,2.0,True,False,False,True,False,False,False,0
29.0,5.0,20.0,1.0,3,1.0,2.0,True,False,False,True,False,False,False,0
47.0,5.0,36.0,3.0,3,1.0,1.0,False,False,False,False,False,False,False,0
6.0,5.0,36.0,4.0,5,1.0,1.0,True,False,False,False,False,False,False,0
48.0,2.0,40.0,1.0,1,1.0,2.0,False,False,False,False,False,True,False,0
25.0,1.0,25.0,1.0,1,1.0,2.0,False,True,False,False,False,False,False,0
24.0,1.0,20.0,1.0,2,1.0,2.0,True,False,False,True,False,False,False,0
3.0,5.0,36.0,4.0,3,1.0,1.0,False,False,False,False,False,False,True,0
71.0,1.0,50.0,1.0,1,1.0,2.0,False,True,False,False,False,False,False,0
34.0,1.0,40.0,1.0,1,1.0,2.0,False,False,False,True,False,False,False,0
32.0,1.0,30.0,1.0,2,1.0,2.0,True,False,False,True,False,False,False,0
48.0,1.0,30.0,1.0,1,1.0,2.0,True,False,False,True,False,False,False,0
45.0,1.0,45.0,1.0,2,1.0,2.0,False,False,False,True,False,False,False,0
28.0,5.0,18.0,1.0,3,1.0,2.0,False,False,False,True,False,False,False,0
50.0,5.0,24.0,1.0,1,1.0,2.0,False,False,False,True,False,False,False,0
12.0,5.0,36.0,3.0,3,1.0,1.0,False,False,False,False,False,False,False,0
39.0,5.0,25.0,1.0,8,1.0,2.0,True,False,False,False,False,True,False,0
60.0,5.0,12.0,1.0,1,1.0,2.0,False,False,True,False,False,False,False,0
54.0,3.0,35.0,1.0,1,1.0,2.0,True,False,False,False,False,True,False,0
26.0,5.0,32.0,1.0,3,1.0,1.0,False,False,False,False,True,False,False,0
48.0,2.0,36.0,1.0,4,1.0,2.0,False,False,False,False,False,False,False,0
17.0,5.0,36.0,3.0,5,1.0,1.0,True,False,True,False,False,False,False,0
24.0,5.0,36.0,1.0,5,1.0,2.0,False,False,True,False,False,False,False,0
38.0,1.0,24.0,1.0,1,1.0,2.0,False,False,False,True,False,False,False,0
38.0,1.0,8.0,1.0,2,1.0,2.0,True,False,True,False,False,False,False,0
4.0,5.0,36.0,4.0,3,2.0,1.0,True,False,False,False,False,False,True,0
29.0,5.0,36.0,1.0,1,1.0,1.0,False,False,False,False,True,False,False,0
52.0,2.0,48.0,1.0,2,1.0,2.0,True,False,False,False,False,True,False,0
14.0,5.0,36.0,3.0,3,1.0,1.0,False,False,True,False,False,False,False,0
44.0,2.0,40.0,1.0,1,1.0,2.0,False,False,False,False,True,False,False,0
62.0,3.0,24.0,1.0,1,1.0,2.0,True,False,False,False,False,True,False,0
25.0,3.0,48.0,1.0,3,1.0,2.0,True,False,False,True,False,False,False,0
3.0,5.0,36.0,4.0,5,2.0,1.0,True,False,False,False,False,False,True,0
47.0,1.0,16.0,1.0,1,1.0,2.0,False,True,False,False,False,False,False,0
33.0,1.0,36.0,2.0,2,1.0,2.0,True,False,False,True,False,False,False,0
7.0,5.0,36.0,4.0,3,1.0,1.0,False,False,False,False,False,False,False,0
13.0,5.0,36.0,3.0,3,1.0,1.0,True,False,True,False,False,False,False,0
11.0,5.0,36.0,3.0,3,1.0,1.0,True,False,True,False,False,False,False,0
21.0,5.0,36.0,3.0,3,1.0,2.0,True,False,True,False,False,False,False,0
27.0,1.0,22.0,1.0,1,1.0,2.0,True,False,True,False,False,False,False,0
33.0,1.0,36.0,1.0,2,1.0,2.0,False,False,True,False,False,False,False,0
33.0,5.0,20.0,1.0,1,1.0,2.0,True,False,False,True,False,False,False,0
47.0,5.0,40.0,1.0,1,1.0,2.0,False,True,False,False,False,False,False,0
39.0,5.0,36.0,1.0,1,1.0,2.0,True,False,False,True,False,False,False,0
44.0,3.0,44.0,1.0,1,1.0,2.0,True,False,False,True,False,False,False,0
26.0,5.0,45.0,1.0,3,1.0,2.0,False,False,False,False,False,True,False,0
8.0,5.0,36.0,4.0,3,1.0,1.0,True,False,False,False,False,False,False,0
1.0,5.0,36.0,4.0,5,3.0,2.0,True,False,False,False,False,False,True,0
20.0,1.0,40.0,1.0,4,1.0,2.0,False,False,True,False,False,False,False,0
53.0,2.0,44.0,1.0,1,1.0,2.0,False,False,False,True,False,False,False,0
51.0,2.0,6.0,1.0,2,1.0,2.0,True,True,False,False,False,False,False,0
23.0,1.0,36.0,3.0,3,1.0,2.0,True,False,False,True,False,False,False,0
77.0,4.0,36.0,3.0,6,1.0,2.0,True,False,False,False,False,False,False,0
66.0,3.0,36.0,3.0,1,1.0,2.0,True,False,False,True,False,False,False,0
34.0,5.0,0.0,1.0,1,1.0,2.0,True,False,False,False,False,True,False,0
48.0,2.0,40.0,1.0,2,1.0,2.0,False,False,False,True,False,False,False,0
21.0,5.0,36.0,3.0,3,1.0,1.0,False,False,False,False,True,False,False,0
15.0,5.0,36.0,3.0,3,1.0,1.0,False,False,True,False,False,False,False,0
11.0,5.0,36.0,3.0,3,1.0,1.0,True,False,False,False,False,False,False,0
69.0,2.0,36.0,3.0,1,1.0,2.0,False,False,False,True,False,False,False,0
20.0,5.0,36.0,3.0,3,1.0,1.0,False,False,False,False,True,False,False,0
59.0,2.0,35.0,1.0,1,1.0,2.0,False,False,False,False,False,True,False,0
56.0,2.0,0.0,1.0,2,1.0,2.0,True,False,False,False,False,True,False,0
24.0,5.0,20.0,1.0,3,1.0,2.0,True,False,False,False,False,True,False,0
23.0,5.0,36.0,3.0,3,1.0,1.0,False,False,False,False,True,False,False,0
43.0,3.0,30.0,1.0,1,1.0,2.0,True,False,False,True,False,False,False,0
16.0,5.0,36.0,3.0,3,1.0,1.0,True,False,True,False,False,False,False,0
13.0,5.0,36.0,3.0,3,1.0,1.0,True,False,True,False,False,False,False,0
60.0,1.0,36.0,3.0,2,1.0,2.0,True,True,False,False,False,False,False,0
27.0,5.0,48.0,1.0,3,1.0,2.0,True,False,True,False,False,False,False,0
59.0,3.0,36.0,3.0,1,1.0,2.0,False,False,True,False,False,False,False,0
29.0,5.0,36.0,2.0,3,1.0,2.0,False,False,True,False,False,False,False,0
32.0,5.0,20.0,1.0,3,1.0,2.0,True,False,True,False,False,False,False,0
10.0,5.0,36.0,3.0,5,1.0,1.0,True,False,False,False,False,False,False,0
67.0,4.0,36.0,3.0,1,1.0,2.0,True,False,False,False,False,True,False,0
16.0,5.0,36.0,3.0,9,1.0,1.0,False,False,True,False,False,False,False,0
74.0,2.0,36.0,3.0,1,1.0,2.0,False,True,False,False,False,False,False,0
72.0,2.0,36.0,3.0,2,1.0,2.0,True,False,True,False,False,False,False,0
28.0,5.0,36.0,2.0,3,1.0,2.0,False,True,False,False,False,False,False,0
15.0,5.0,36.0,3.0,3,1.0,1.0,False,False,True,False,False,False,False,0
60.0,1.0,30.0,1.0,1,1.0,2.0,True,False,False,True,False,False,False,0
76.0,1.0,36.0,3.0,2,1.0,2.0,True,False,False,False,False,False,False,0
30.0,5.0,18.0,1.0,3,1.0,2.0,False,False,False,True,False,False,False,0
24.0,5.0,15.0,1.0,3,1.0,2.0,True,False,False,True,False,False,False,0
19.0,5.0,36.0,3.0,5,1.0,1.0,True,False,False,False,True,False,False,0
52.0,2.0,78.0,1.0,1,1.0,2.0,False,False,True,False,False,False,False,0
22.0,5.0,36.0,3.0,3,1.0,1.0,False,False,True,False,False,False,False,0
37.0,2.0,36.0,3.0,2,1.0,2.0,True,False,True,False,False,False,False,0
32.0,5.0,60.0,1.0,3,1.0,2.0,True,True,False,False,False,False,False,0
29.0,5.0,60.0,1.0,3,1.0,2.0,False,True,False,False,False,False,False,0
24.0,5.0,40.0,1.0,3,1.0,2.0,False,True,False,False,False,False,False,0
60.0,3.0,36.0,3.0,1,1.0,2.0,True,False,False,False,False,False,False,0
33.0,5.0,60.0,1.0,3,1.0,2.0,False,True,False,False,False,False,False,0
11.0,5.0,36.0,3.0,3,1.0,1.0,False,False,False,False,False,False,False,0
22.0,5.0,45.0,1.0,3,1.0,2.0,False,False,False,True,False,False,False,0
81.0,3.0,36.0,3.0,1,1.0,2.0,True,False,False,False,False,True,False,0
43.0,5.0,40.0,1.0,3,1.0,2.0,False,False,False,False,False,True,False,0
20.0,5.0,36.0,3.0,5,1.0,1.0,False,False,False,False,True,False,False,0
14.0,5.0,36.0,3.0,3,1.0,1.0,True,False,False,False,False,False,False,0
16.0,5.0,36.0,3.0,3,1.0,1.0,False,False,True,False,False,False,False,0
52.0,1.0,36.0,3.0,1,1.0,2.0,True,False,False,False,False,False,False,0
49.0,1.0,48.0,1.0,2,1.0,2.0,False,False,False,False,False,False,False,0
20.0,5.0,48.0,1.0,3,1.0,2.0,False,True,False,False,False,False,False,0
19.0,5.0,36.0,3.0,3,1.0,2.0,False,True,False,False,False,False,False,0
8.0,5.0,36.0,4.0,3,1.0,1.0,True,False,False,False,False,False,False,0
4.0,5.0,36.0,4.0,3,2.0,1.0,False,False,False,False,False,False,True,0
8.0,5.0,36.0,4.0,3,1.0,1.0,False,False,False,False,False,False,False,0
1.0,5.0,36.0,4.0,3,3.0,2.0,True,False,False,False,False,False,True,0
47.0,1.0,48.0,1.0,1,1.0,2.0,False,False,True,False,False,False,False,0
40.0,1.0,48.0,1.0,2,1.0,2.0,True,False,False,False,True,False,False,0
20.0,5.0,36.0,1.0,3,1.0,2.0,False,False,False,True,False,False,False,0
18.0,5.0,36.0,1.0,3,1.0,1.0,False,False,True,False,False,False,False,0
13.0,5.0,36.0,3.0,3,1.0,1.0,False,False,False,False,False,False,False,0
30.0,1.0,40.0,1.0,1,1.0,2.0,False,False,False,True,False,False,False,0
90.0,4.0,36.0,3.0,1,1.0,2.0,True,False,False,False,False,True,False,0
50.0,5.0,0.0,1.0,1,1.0,2.0,True,False,False,False,False,True,False,0
73.0,4.0,36.0,3.0,6,1.0,2.0,True,True,False,False,False,False,False,0
48.0,5.0,36.0,3.0,8,1.0,2.0,False,False,False,True,False,False,False,0
24.0,5.0,20.0,1.0,3,1.0,2.0,True,False,True,False,False,False,False,0
20.0,5.0,36.0,3.0,3,1.0,1.0,True,False,False,False,True,False,False,0
19.0,5.0,36.0,1.0,3,1.0,2.0,True,False,False,True,False,False,False,0
76.0,4.0,36.0,3.0,1,1.0,2.0,True,False,False,False,False,True,False,0
68.0,4.0,36.0,3.0,1,1.0,2.0,True,False,False,False,False,True,False,0
52.0,5.0,40.0,1.0,1,1.0,2.0,True,False,False,False,False,True,False,0
19.0,5.0,36.0,3.0,3,1.0,2.0,True,False,False,False,True,False,False,0
33.0,1.0,40.0,1.0,1,1.0,2.0,False,False,False,False,False,True,False,0
33.0,1.0,25.0,1.0,2,1.0,2.0,True,False,False,False,False,True,False,0
56.0,3.0,25.0,1.0,1,1.0,2.0,True,False,False,False,False,True,False,0
27.0,5.0,36.0,3.0,3,1.0,1.0,False,False,False,False,True,False,False,0
26.0,5.0,36.0,3.0,3,1.0,1.0,False,False,False,False,True,False,False,0
17.0,5.0,36.0,3.0,3,1.0,1.0,True,False,False,False,True,False,False,0
62.0,5.0,36.0,3.0,1,1.0,2.0,True,False,False,True,False,False,False,0
50.0,5.0,21.0,1.0,8,1.0,2.0,True,False,False,True,False,False,False,0
57.0,2.0,27.0,1.0,1,1.0,2.0,False,False,False,False,False,True,False,0
58.0,2.0,16.0,1.0,2,1.0,2.0,True,False,False,False,False,True,False,0
49.0,5.0,36.0,3.0,1,1.0,2.0,True,False,True,False,False,False,False,0
32.0,5.0,24.0,1.0,3,1.0,2.0,False,False,True,False,False,False,False,0
29.0,5.0,36.0,2.0,3,1.0,2.0,False,False,True,False,False,False,False,0
25.0,5.0,36.0,3.0,3,2.0,3.0,True,False,False,False,False,False,True,0
46.0,2.0,48.0,1.0,1,1.0,2.0,True,False,False,True,False,False,False,0
40.0,2.0,48.0,1.0,2,1.0,2.0,False,False,False,True,False,False,False,0
9.0,5.0,36.0,4.0,3,1.0,1.0,False,False,False,False,False,False,False,0
8.0,5.0,36.0,4.0,3,1.0,1.0,True,False,False,False,False,False,False,0
16.0,5.0,36.0,3.0,9,1.0,1.0,False,False,True,False,False,False,False,0
101.0,5.0,36.0,3.0,1,1.0,2.0,True,True,False,False,False,False,False,0
60.0,5.0,48.0,1.0,1,1.0,2.0,True,False,False,False,False,True,False,0
48.0,3.0,40.0,1.0,8,1.0,2.0,True,False,False,False,False,True,False,0
54.0,2.0,40.0,1.0,6,1.0,2.0,False,False,False,True,False,False,False,0
25.0,5.0,36.0,2.0,1,1.0,2.0,False,False,True,False,False,False,False,0
54.0,5.0,36.0,2.0,6,1.0,2.0,False,False,False,False,False,False,False,0
69.0,2.0,36.0,3.0,1,1.0,2.0,True,False,True,False,False,False,False,0
74.0,2.0,36.0,3.0,2,1.0,2.0,False,True,False,False,False,False,False,0
22.0,5.0,48.0,1.0,1,1.0,1.0,True,False,False,False,True,False,False,0
36.0,3.0,60.0,1.0,1,1.0,2.0,False,False,False,True,False,False,False,0
77.0,3.0,36.0,3.0,1,1.0,2.0,False,False,False,True,False,False,False,0
44.0,2.0,18.0,1.0,1,1.0,2.0,False,False,True,False,False,False,False,0
42.0,2.0,18.0,1.0,2,1.0,1.0,True,False,False,False,True,False,False,0
52.0,4.0,36.0,3.0,1,1.0,2.0,True,True,False,False,False,False,False,0
30.0,5.0,25.0,1.0,3,1.0,2.0,True,False,False,False,False,True,False,0
15.0,5.0,36.0,3.0,3,1.0,1.0,True,False,True,False,False,False,False,0
52.0,1.0,36.0,2.0,1,1.0,2.0,True,False,True,False,False,False,False,0
72.0,1.0,36.0,3.0,2,1.0,2.0,False,False,False,False,True,False,False,0
27.0,5.0,36.0,2.0,3,1.0,2.0,True,False,False,True,False,False,False,0
21.0,5.0,40.0,1.0,3,1.0,2.0,True,False,False,True,False,False,False,0
34.0,1.0,2.0,1.0,1,1.0,2.0,False,False,True,False,False,False,False,0
33.0,1.0,36.0,3.0,2,1.0,2.0,True,False,True,False,False,False,False,0
8.0,5.0,36.0,4.0,3,1.0,1.0,True,False,False,False,False,False,False,0
4.0,5.0,36.0,4.0,3,2.0,1.0,False,False,False,False,False,False,True,0
29.0,5.0,18.0,1.0,3,1.0,2.0,True,True,False,False,False,False,False,0
35.0,5.0,36.0,2.0,3,1.0,2.0,True,False,True,False,False,False,False,0
19.0,5.0,36.0,2.0,5,1.0,2.0,False,True,False,False,False,False,False,0
17.0,5.0,36.0,3.0,5,1.0,2.0,False,True,False,False,False,False,False,0
46.0,2.0,20.0,1.0,1,1.0,2.0,True,False,False,False,False,True,False,0
50.0,2.0,60.0,1.0,2,1.0,2.0,False,False,False,True,False,False,False,0
20.0,5.0,45.0,1.0,3,1.0,2.0,False,False,False,True,False,False,False,0
22.0,5.0,40.0,1.0,3,1.0,2.0,False,False,False,True,False,False,False,0
24.0,1.0,40.0,1.0,2,1.0,2.0,False,False,False,False,False,False,False,0
11.0,5.0,36.0,3.0,3,1.0,1.0,False,False,False,False,False,False,False,0
9.0,5.0,36.0,4.0,3,1.0,1.0,True,False,False,False,False,False,False,0
8.0,5.0,36.0,4.0,3,1.0,1.0,True,False,False,False,False,False,False,0
66.0,2.0,36.0,1.0,1,1.0,2.0,False,False,False,True,False,False,False,0
62.0,2.0,36.0,3.0,2,1.0,2.0,True,False,False,False,False,True,False,0
64.0,2.0,32.0,1.0,1,1.0,2.0,False,False,False,False,False,True,False,0
62.0,2.0,36.0,3.0,2,1.0,2.0,True,False,False,False,False,True,False,0
33.0,5.0,36.0,3.0,3,1.0,2.0,True,False,False,False,False,True,False,0
28.0,1.0,36.0,2.0,1,1.0,2.0,True,False,True,False,False,False,False,0
33.0,5.0,48.0,1.0,8,1.0,2.0,True,False,False,True,False,False,False,0
23.0,5.0,48.0,1.0,8,1.0,2.0,False,False,False,True,False,False,False,0
17.0,5.0,36.0,3.0,9,1.0,1.0,False,False,True,False,False,False,False,0
25.0,1.0,36.0,3.0,2,1.0,2.0,True,False,False,False,False,True,False,0
9.0,5.0,36.0,4.0,9,1.0,1.0,False,False,False,False,False,False,False,0
10.0,5.0,36.0,3.0,9,1.0,1.0,True,False,False,False,False,False,False,0
3.0,5.0,36.0,4.0,3,2.0,3.0,False,False,False,False,False,False,True,0
1.0,5.0,36.0,4.0,3,3.0,2.0,False,False,False,False,False,False,True,0
53.0,2.0,30.0,1.0,1,1.0,2.0,True,False,False,True,False,False,False,0
55.0,2.0,30.0,1.0,2,1.0,2.0,False,False,True,False,False,False,False,0
57.0,2.0,42.0,1.0,2,1.0,2.0,False,False,False,False,True,False,False,0
26.0,5.0,40.0,1.0,3,1.0,2.0,False,False,False,False,False,True,False,0
25.0,5.0,36.0,3.0,3,1.0,1.0,True,False,False,False,True,False,False,0
59.0,2.0,0.0,1.0,1,1.0,2.0,True,False,False,False,False,True,False,0
67.0,4.0,36.0,3.0,1,1.0,2.0,True,False,False,True,False,False,False,0
67.0,3.0,36.0,3.0,1,1.0,2.0,True,False,False,False,False,True,False,0
71.0,3.0,36.0,3.0,1,1.0,2.0,True,False,False,True,False,False,False,0
29.0,5.0,58.0,1.0,3,1.0,2.0,False,False,False,False,True,False,False,0
42.0,1.0,40.0,1.0,1,1.0,2.0,True,False,False,True,False,False,False,0
42.0,1.0,40.0,1.0,2,1.0,2.0,False,True,False,False,False,False,False,0
20.0,5.0,36.0,2.0,3,1.0,2.0,False,False,False,True,False,False,False,0
17.0,5.0,36.0,2.0,3,1.0,2.0,True,False,False,True,False,False,False,0
15.0,5.0,36.0,3.0,3,1.0,1.0,False,False,True,False,False,False,False,0
10.0,5.0,36.0,3.0,9,1.0,1.0,False,False,False,False,False,False,False,0
35.0,5.0,0.0,1.0,1,1.0,2.0,False,False,False,False,False,True,False,0
36.0,5.0,0.0,1.0,10,1.0,2.0,False,False,False,False,False,True,False,0
49.0,5.0,60.0,1.0,1,1.0,2.0,True,False,False,False,False,True,False,0
28.0,5.0,30.0,1.0,3,1.0,2.0,True,False,False,False,False,True,False,0
26.0,5.0,36.0,3.0,3,1.0,1.0,True,False,False,False,True,False,False,0
20.0,5.0,15.0,1.0,3,1.0,1.0,False,False,False,False,True,False,False,0
54.0,2.0,36.0,3.0,6,1.0,2.0,True,False,False,True,False,False,False,0
20.0,5.0,52.0,1.0,8,1.0,2.0,False,False,False,True,False,False,False,0
24.0,5.0,48.0,1.0,9,1.0,2.0,False,False,False,True,False,False,False,0
46.0,1.0,36.0,3.0,2,1.0,2.0,True,False,False,True,False,False,False,0
11.0,5.0,36.0,3.0,3,1.0,1.0,True,False,False,False,False,False,False,0
17.0,5.0,36.0,3.0,3,1.0,2.0,False,True,False,False,False,False,False,0
39.0,2.0,31.0,1.0,1,1.0,2.0,True,False,False,False,False,True,False,0
42.0,2.0,48.0,1.0,2,1.0,2.0,False,False,False,True,False,False,False,0
2.0,5.0,36.0,4.0,3,2.0,1.0,False,False,False,False,False,False,True,0
8.0,5.0,36.0,4.0,3,1.0,1.0,True,False,False,False,False,False,False,0
54.0,1.0,36.0,3.0,1,1.0,2.0,False,False,True,False,False,False,False,0
49.0,3.0,0.0,1.0,1,1.0,2.0,True,False,False,False,False,True,False,0
4.0,5.0,36.0,4.0,3,2.0,1.0,False,False,False,False,False,False,True,0
1.0,5.0,36.0,4.0,3,3.0,2.0,False,False,False,False,False,False,True,0
35.0,1.0,50.0,1.0,1,1.0,2.0,False,False,False,False,False,True,False,0
39.0,1.0,48.0,1.0,2,1.0,2.0,True,False,False,False,False,True,False,0
39.0,1.0,48.0,1.0,2,1.0,2.0,False,False,False,True,False,False,False,0
17.0,5.0,36.0,3.0,3,1.0,1.0,True,False,True,False,False,False,False,0
33.0,1.0,84.0,1.0,1,1.0,2.0,True,False,False,False,False,True,False,0
40.0,3.0,25.0,1.0,1,1.0,2.0,True,False,False,True,False,False,False,0
24.0,5.0,36.0,3.0,3,1.0,1.0,True,False,False,False,True,False,False,0
49.0,2.0,30.0,1.0,1,1.0,2.0,False,True,False,False,False,False,False,0
51.0,2.0,30.0,1.0,2,1.0,2.0,True,False,False,True,False,False,False,0
14.0,5.0,36.0,3.0,3,1.0,1.0,False,False,True,False,False,False,False,0
32.0,1.0,45.0,1.0,1,1.0,1.0,False,False,False,False,True,False,False,0
29.0,1.0,78.0,1.0,2,1.0,1.0,True,False,False,False,True,False,False,0
54.0,3.0,30.0,1.0,1,1.0,2.0,True,False,False,True,False,False,False,0
29.0,5.0,48.0,1.0,3,1.0,2.0,False,False,False,True,False,False,False,0
62.0,3.0,36.0,3.0,1,1.0,1.0,False,False,False,False,False,False,False,0
85.0,2.0,36.0,3.0,1,1.0,2.0,False,False,False,True,False,False,False,0
82.0,2.0,36.0,3.0,2,1.0,2.0,True,True,False,False,False,False,False,0
58.0,3.0,40.0,1.0,9,1.0,2.0,True,True,False,False,False,False,False,0
32.0,3.0,36.0,3.0,3,1.0,2.0,True,False,True,False,False,False,False,0
14.0,5.0,36.0,3.0,5,1.0,1.0,False,False,False,False,False,False,False,0
12.0,5.0,36.0,3.0,5,1.0,1.0,False,False,True,False,False,False,False,0
36.0,5.0,40.0,1.0,1,1.0,2.0,False,False,False,True,False,False,False,0
35.0,1.0,56.0,1.0,1,1.0,2.0,False,False,False,True,False,False,False,0
35.0,1.0,36.0,3.0,2,1.0,2.0,True,False,False,True,False,False,False,0
57.0,1.0,36.0,3.0,1,2.0,3.0,True,False,False,False,False,False,True,0
50.0,1.0,48.0,1.0,2,1.0,2.0,False,True,False,False,False,False,False,0
15.0,5.0,24.0,1.0,3,2.0,2.0,False,False,False,False,False,False,True,0
64.0,2.0,55.0,1.0,1,1.0,2.0,False,False,False,True,False,False,False,0
55.0,2.0,36.0,3.0,2,1.0,2.0,True,True,False,False,False,False,False,0
30.0,5.0,48.0,1.0,3,1.0,2.0,True,False,False,True,False,False,False,0
25.0,5.0,36.0,3.0,3,1.0,2.0,True,False,False,True,False,False,False,0
54.0,2.0,36.0,3.0,2,1.0,2.0,True,False,False,False,False,True,False,0
24.0,5.0,0.0,1.0,3,1.0,2.0,True,False,False,False,False,True,False,0
20.0,5.0,0.0,1.0,3,1.0,1.0,True,False,False,False,True,False,False,0
54.0,2.0,36.0,3.0,1,1.0,2.0,False,False,False,False,False,True,False,0
42.0,3.0,48.0,1.0,1,1.0,2.0,True,False,False,True,False,False,False,0
17.0,5.0,36.0,3.0,3,1.0,1.0,True,False,True,False,False,False,False,0
44.0,2.0,0.0,1.0,1,1.0,2.0,False,False,False,True,False,False,False,0
41.0,3.0,30.0,1.0,1,1.0,2.0,True,False,False,True,False,False,False,0
31.0,5.0,12.0,1.0,8,1.0,2.0,True,False,False,True,False,False,False,0
39.0,2.0,36.0,3.0,1,1.0,1.0,True,False,False,False,True,False,False,0
45.0,2.0,40.0,1.0,2,1.0,2.0,False,False,False,False,False,False,False,0
23.0,5.0,36.0,3.0,3,1.0,2.0,True,False,False,True,False,False,False,0
5.0,5.0,36.0,4.0,5,1.0,2.0,True,False,False,False,False,False,True,0
1.0,5.0,36.0,4.0,5,3.0,2.0,False,False,False,False,False,False,True,0
17.0,5.0,36.0,3.0,3,1.0,1.0,True,False,True,False,False,False,False,0
17.0,5.0,36.0,3.0,3,1.0,1.0,True,False,True,False,False,False,False,0
64.0,4.0,36.0,3.0,1,1.0,2.0,True,False,False,False,False,False,False,0
39.0,5.0,30.0,1.0,3,1.0,2.0,True,False,False,False,False,True,False,0
83.0,2.0,36.0,3.0,1,1.0,2.0,False,False,True,False,False,False,False,0
63.0,2.0,36.0,3.0,2,1.0,2.0,True,False,True,False,False,False,False,0
24.0,3.0,0.0,1.0,3,1.0,2.0,True,False,False,False,True,False,False,0
6.0,5.0,36.0,4.0,3,1.0,1.0,False,False,False,False,False,False,False,0
1.0,5.0,36.0,4.0,3,3.0,2.0,False,False,False,False,False,False,True,0
29.0,2.0,55.0,1.0,1,1.0,2.0,False,False,True,False,False,False,False,0
32.0,2.0,36.0,3.0,2,1.0,1.0,True,False,False,False,True,False,False,0
7.0,5.0,36.0,4.0,3,1.0,1.0,False,False,False,False,False,False,False,0
5.0,5.0,36.0,4.0,3,2.0,1.0,False,False,False,False,False,False,True,0
8.0,5.0,36.0,4.0,5,1.0,1.0,False,False,False,False,False,False,False,0
54.0,2.0,56.0,1.0,2,1.0,2.0,False,True,False,False,False,False,False,0
17.0,5.0,36.0,3.0,3,1.0,1.0,True,False,True,False,False,False,False,0
27.0,5.0,48.0,1.0,3,1.0,2.0,False,False,True,False,False,False,False,0
52.0,2.0,56.0,1.0,1,1.0,2.0,True,False,False,True,False,False,False,0
83.0,5.0,44.0,1.0,1,1.0,2.0,True,True,False,False,False,False,False,0
29.0,5.0,44.0,1.0,3,1.0,2.0,False,False,False,True,False,False,False,0
30.0,5.0,44.0,1.0,3,1.0,2.0,False,False,False,True,False,False,False,0
18.0,5.0,36.0,3.0,3,1.0,1.0,True,False,False,False,True,False,False,0
13.0,5.0,36.0,3.0,3,1.0,1.0,True,False,True,False,False,False,False,0
5.0,5.0,36.0,4.0,3,1.0,1.0,True,False,False,False,False,False,False,0
5.0,5.0,36.0,4.0,3,2.0,1.0,False,False,False,False,False,False,False,0
48.0,5.0,56.0,1.0,1,1.0,2.0,False,False,True,False,False,False,False,0
22.0,5.0,50.0,1.0,3,1.0,2.0,False,False,False,True,False,False,False,0
66.0,4.0,36.0,3.0,1,1.0,2.0,False,True,False,False,False,False,False,0
58.0,4.0,36.0,3.0,1,1.0,2.0,True,False,False,True,False,False,False,0
28.0,5.0,40.0,1.0,3,1.0,2.0,True,False,False,False,False,True,False,0
20.0,5.0,36.0,3.0,3,1.0,1.0,True,False,False,False,True,False,False,0
25.0,5.0,41.0,1.0,3,1.0,2.0,False,False,False,True,False,False,False,0
94.0,4.0,36.0,3.0,6,1.0,2.0,True,True,False,False,False,False,False,0
56.0,2.0,40.0,1.0,1,1.0,2.0,False,False,False,True,False,False,False,0
55.0,2.0,40.0,1.0,2,1.0,2.0,True,False,False,False,False,True,False,0
25.0,5.0,36.0,1.0,3,1.0,1.0,False,False,False,False,True,False,False,0
21.0,5.0,36.0,3.0,3,1.0,1.0,True,False,False,False,True,False,False,0
80.0,2.0,36.0,3.0,2,1.0,2.0,True,False,False,True,False,False,False,0
76.0,2.0,4.0,1.0,1,1.0,2.0,False,True,False,False,False,False,False,0
74.0,2.0,36.0,3.0,2,1.0,2.0,True,True,False,False,False,False,False,0
82.0,2.0,36.0,3.0,1,1.0,2.0,False,False,False,True,False,False,False,0
59.0,2.0,20.0,1.0,1,1.0,2.0,True,True,False,False,False,False,False,0
62.0,2.0,40.0,1.0,2,1.0,2.0,False,False,True,False,False,False,False,0
61.0,5.0,36.0,3.0,1,1.0,2.0,False,True,False,False,False,False,False,0
44.0,2.0,72.0,1.0,1,1.0,2.0,False,False,True,False,False,False,False,0
39.0,2.0,36.0,3.0,2,1.0,2.0,True,False,True,False,False,False,False,0
11.0,5.0,36.0,3.0,5,1.0,1.0,False,False,False,False,False,False,False,0
37.0,1.0,18.0,1.0,1,1.0,2.0,True,False,False,False,False,True,False,0
37.0,1.0,24.0,1.0,2,1.0,2.0,False,False,False,False,False,True,False,0
70.0,3.0,36.0,3.0,1,1.0,2.0,True,False,False,True,False,False,False,0
50.0,5.0,44.0,1.0,3,1.0,2.0,False,False,False,True,False,False,False,0
42.0,3.0,36.0,2.0,3,1.0,2.0,True,False,True,False,False,False,False,0
7.0,5.0,36.0,4.0,3,1.0,1.0,True,False,False,False,False,False,False,0
5.0,5.0,36.0,4.0,3,2.0,1.0,True,False,False,False,False,False,True,0
28.0,1.0,36.0,3.0,1,1.0,2.0,True,True,False,False,False,False,False,0
29.0,1.0,48.0,1.0,2,1.0,2.0,False,False,False,False,False,False,False,0
52.0,5.0,48.0,1.0,7,1.0,2.0,False,False,False,False,False,False,False,0
51.0,5.0,36.0,3.0,9,1.0,2.0,False,False,False,False,False,False,False,0
11.0,5.0,36.0,3.0,3,1.0,1.0,True,False,False,False,False,False,False,0
8.0,5.0,36.0,4.0,8,1.0,1.0,True,False,False,False,False,False,False,0
4.0,5.0,36.0,4.0,8,2.0,1.0,True,False,False,False,False,False,True,0
46.0,1.0,40.0,1.0,1,1.0,2.0,False,True,False,False,False,False,False,0
42.0,1.0,36.0,3.0,2,1.0,2.0,True,False,False,True,False,False,False,0
44.0,1.0,36.0,3.0,2,1.0,2.0,True,False,False,False,False,True,False,0
4.0,5.0,36.0,4.0,3,1.0,1.0,True,False,False,False,False,False,True,0
53.0,1.0,48.0,1.0,1,1.0,2.0,False,False,True,False,False,False,False,0
45.0,1.0,35.0,1.0,1,1.0,2.0,False,False,False,False,False,True,False,0
60.0,3.0,35.0,1.0,1,1.0,2.0,True,False,False,False,False,True,False,0
54.0,2.0,30.0,1.0,1,1.0,2.0,False,False,False,False,False,True,False,0
74.0,5.0,36.0,3.0,1,1.0,2.0,True,False,False,True,False,False,False,0
71.0,5.0,36.0,3.0,1,1.0,2.0,True,True,False,False,False,False,False,0
36.0,5.0,30.0,1.0,3,1.0,2.0,False,True,False,False,False,False,False,0
37.0,5.0,60.0,1.0,3,1.0,2.0,False,False,False,True,False,False,False,0
44.0,1.0,40.0,1.0,1,1.0,2.0,True,False,False,True,False,False,False,0
49.0,1.0,60.0,1.0,2,1.0,2.0,False,False,False,True,False,False,False,0
45.0,2.0,36.0,3.0,2,1.0,2.0,True,False,False,True,False,False,False,0
18.0,5.0,36.0,3.0,3,1.0,1.0,False,False,True,False,False,False,False,0
16.0,5.0,36.0,3.0,3,1.0,1.0,True,False,True,False,False,False,False,0
14.0,5.0,36.0,3.0,3,1.0,1.0,False,False,False,False,False,False,False,0
29.0,5.0,44.0,1.0,1,1.0,2.0,False,False,False,True,False,False,False,0
48.0,2.0,18.0,1.0,1,1.0,2.0,False,False,True,False,False,False,False,0
50.0,2.0,12.0,1.0,2,1.0,2.0,True,True,False,False,False,False,False,0
64.0,4.0,36.0,3.0,6,1.0,2.0,True,True,False,False,False,False,False,0
20.0,5.0,36.0,2.0,3,1.0,1.0,False,False,True,False,False,False,False,0
18.0,5.0,36.0,3.0,3,1.0,1.0,False,False,True,False,False,False,False,0
13.0,5.0,36.0,3.0,3,1.0,1.0,False,False,True,False,False,False,False,0
34.0,1.0,36.0,1.0,1,1.0,2.0,False,False,False,False,False,True,False,0
32.0,1.0,30.0,1.0,2,1.0,1.0,True,False,False,False,True,False,False,0
50.0,2.0,40.0,1.0,4,1.0,2.0,False,False,False,True,False,False,False,0
13.0,5.0,36.0,3.0,5,1.0,1.0,False,False,True,False,False,False,False,0
62.0,3.0,36.0,3.0,1,1.0,2.0,False,False,False,False,True,False,False,0
31.0,5.0,40.0,1.0,1,1.0,2.0,False,False,False,False,True,False,False,0
40.0,5.0,44.0,1.0,3,1.0,2.0,False,False,False,True,False,False,False,0
18.0,5.0,44.0,1.0,3,1.0,2.0,False,False,False,True,False,False,False,0
16.0,5.0,36.0,3.0,3,1.0,1.0,False,False,True,False,False,False,False,0
78.0,4.0,36.0,3.0,1,1.0,2.0,True,False,True,False,False,False,False,0
49.0,2.0,40.0,1.0,3,1.0,2.0,True,False,False,False,False,True,False,0
68.0,3.0,60.0,1.0,1,1.0,2.0,False,False,True,False,False,False,False,0
22.0,5.0,36.0,2.0,3,1.0,2.0,False,False,False,True,False,False,False,0
26.0,5.0,45.0,1.0,3,1.0,2.0,True,False,False,False,False,True,False,0
49.0,2.0,40.0,1.0,1,1.0,2.0,False,False,False,True,False,False,False,0
42.0,2.0,36.0,3.0,2,1.0,2.0,True,True,False,False,False,False,False,0
63.0,1.0,12.0,1.0,2,1.0,2.0,False,False,False,False,False,True,False,0
51.0,1.0,40.0,1.0,1,1.0,2.0,True,False,False,False,False,True,False,0
45.0,1.0,48.0,1.0,2,1.0,2.0,True,False,False,True,False,False,False,0
16.0,5.0,36.0,3.0,3,1.0,1.0,False,False,True,False,False,False,False,0
8.0,5.0,36.0,4.0,3,1.0,1.0,True,False,False,False,False,False,False,0
69.0,1.0,30.0,1.0,1,1.0,2.0,False,False,False,False,False,True,False,0
68.0,1.0,36.0,3.0,2,1.0,2.0,True,False,False,True,False,False,False,0
36.0,1.0,40.0,1.0,1,1.0,2.0,True,False,False,False,False,True,False,0
35.0,1.0,40.0,1.0,2,1.0,2.0,True,False,False,False,False,True,False,0
48.0,1.0,40.0,1.0,1,1.0,2.0,False,False,False,True,False,False,False,0
21.0,5.0,16.0,1.0,3,1.0,2.0,True,False,False,True,False,False,False,0
10.0,5.0,36.0,3.0,3,1.0,1.0,False,False,False,False,False,False,False,0
68.0,4.0,36.0,3.0,1,1.0,2.0,True,True,False,False,False,False,False,0
27.0,5.0,40.0,1.0,5,1.0,2.0,False,False,True,False,False,False,False,0
43.0,1.0,2.0,1.0,1,1.0,2.0,True,False,False,False,False,True,False,0
44.0,1.0,12.0,1.0,2,1.0,2.0,False,False,True,False,False,False,False,0
23.0,5.0,0.0,1.0,3,1.0,1.0,True,False,True,False,False,False,False,0
61.0,3.0,36.0,3.0,1,1.0,2.0,True,False,False,True,False,False,False,0
30.0,1.0,40.0,1.0,3,1.0,2.0,True,False,False,True,False,False,False,0
27.0,1.0,40.0,1.0,4,1.0,2.0,False,False,False,True,False,False,False,0
6.0,5.0,36.0,4.0,3,1.0,1.0,False,False,False,False,False,False,False,0
40.0,3.0,28.0,1.0,1,1.0,2.0,True,False,True,False,False,False,False,0
18.0,5.0,0.0,1.0,3,1.0,1.0,False,False,True,False,False,False,False,0
16.0,5.0,36.0,3.0,3,1.0,1.0,True,False,True,False,False,False,False,0
13.0,5.0,36.0,3.0,3,1.0,1.0,False,False,True,False,False,False,False,0
11.0,5.0,36.0,3.0,3,1.0,1.0,False,False,False,False,False,False,False,0
8.0,5.0,36.0,4.0,3,1.0,1.0,False,False,False,False,False,False,False,0
21.0,5.0,48.0,1.0,3,1.0,2.0,True,False,False,True,False,False,False,0
16.0,5.0,36.0,3.0,3,2.0,1.0,False,False,False,False,False,False,False,0
43.0,5.0,48.0,1.0,1,1.0,2.0,False,False,False,True,False,False,False,0
60.0,3.0,0.0,1.0,1,1.0,2.0,True,False,False,True,False,False,False,0
38.0,3.0,18.0,1.0,3,1.0,1.0,True,False,False,False,True,False,False,0
11.0,5.0,36.0,3.0,5,1.0,1.0,False,False,True,False,False,False,False,0
46.0,2.0,56.0,1.0,1,1.0,2.0,False,False,True,False,False,False,False,0
49.0,2.0,36.0,3.0,2,1.0,2.0,True,False,False,True,False,False,False,0
16.0,5.0,36.0,3.0,3,1.0,1.0,True,False,True,False,False,False,False,0
13.0,5.0,36.0,3.0,3,1.0,1.0,False,False,True,False,False,False,False,0
46.0,1.0,12.0,1.0,2,1.0,2.0,True,False,True,False,False,False,False,0
19.0,5.0,36.0,3.0,3,1.0,2.0,True,False,False,False,False,False,False,0
13.0,5.0,36.0,3.0,3,1.0,1.0,True,False,True,False,False,False,False,0
79.0,2.0,36.0,3.0,1,1.0,2.0,False,False,False,False,False,True,False,0
80.0,2.0,36.0,3.0,2,1.0,2.0,True,False,False,False,False,True,False,0
40.0,3.0,36.0,2.0,3,1.0,2.0,False,False,False,True,False,False,False,0
69.0,4.0,36.0,3.0,1,1.0,2.0,False,False,False,True,False,False,False,0
46.0,5.0,29.0,1.0,3,1.0,2.0,True,False,False,True,False,False,False,0
18.0,5.0,36.0,3.0,3,1.0,2.0,False,False,False,True,False,False,False,0
52.0,2.0,30.0,1.0,2,1.0,2.0,True,False,False,False,False,True,False,0
14.0,5.0,36.0,3.0,3,1.0,1.0,False,False,True,False,False,False,False,0
75.0,2.0,46.0,1.0,1,1.0,2.0,False,False,False,True,False,False,False,0
58.0,2.0,72.0,1.0,2,1.0,2.0,True,False,False,True,False,False,False,0
73.0,2.0,36.0,3.0,1,1.0,2.0,False,False,False,False,False,True,False,0
72.0,2.0,40.0,1.0,2,1.0,2.0,True,False,False,False,False,True,False,0
8.0,5.0,36.0,4.0,3,1.0,1.0,True,False,False,False,False,False,False,0
50.0,2.0,24.0,1.0,1,1.0,2.0,False,False,True,False,False,False,False,0
52.0,2.0,6.0,1.0,2,1.0,2.0,True,True,False,False,False,False,False,0
22.0,5.0,36.0,3.0,3,1.0,1.0,True,False,False,False,True,False,False,0
19.0,5.0,48.0,1.0,3,1.0,2.0,False,False,False,True,False,False,False,0
22.0,5.0,36.0,2.0,3,1.0,2.0,True,False,False,True,False,False,False,0
73.0,4.0,36.0,3.0,1,1.0,2.0,True,False,False,False,True,False,False,0
44.0,5.0,36.0,3.0,3,1.0,2.0,True,False,False,False,True,False,False,0
23.0,1.0,36.0,3.0,3,1.0,1.0,True,False,True,False,False,False,False,0
15.0,5.0,36.0,3.0,5,1.0,1.0,True,False,True,False,False,False,False,0
28.0,1.0,36.0,1.0,9,1.0,2.0,False,False,True,False,False,False,False,0
75.0,3.0,36.0,3.0,1,1.0,2.0,False,False,False,False,False,True,False,0
75.0,5.0,36.0,3.0,1,1.0,2.0,True,False,False,False,False,True,False,0
7.0,5.0,36.0,4.0,3,1.0,1.0,False,False,False,False,False,False,False,0
38.0,5.0,15.0,1.0,1,1.0,1.0,True,False,False,False,True,False,False,0
38.0,5.0,36.0,3.0,10,1.0,2.0,True,False,False,False,False,True,False,0
25.0,5.0,36.0,3.0,10,1.0,2.0,True,False,False,False,False,True,False,0
46.0,2.0,30.0,1.0,1,1.0,2.0,False,False,False,False,False,True,False,0
38.0,2.0,24.0,1.0,2,1.0,2.0,True,False,False,True,False,False,False,0
17.0,5.0,36.0,3.0,3,1.0,1.0,False,False,True,False,False,False,False,0
10.0,5.0,36.0,3.0,3,1.0,1.0,False,False,False,False,False,False,False,0
71.0,2.0,36.0,3.0,1,1.0,2.0,False,False,False,True,False,False,False,0
64.0,2.0,36.0,3.0,2,1.0,2.0,True,False,False,True,False,False,False,0
40.0,5.0,20.0,1.0,3,1.0,1.0,True,False,False,False,True,False,False,0
22.0,5.0,15.0,1.0,3,1.0,1.0,False,False,False,False,True,False,False,0
19.0,5.0,15.0,1.0,3,1.0,1.0,True,False,False,False,True,False,False,0
79.0,4.0,36.0,3.0,1,1.0,2.0,True,True,False,False,False,False,False,0
50.0,3.0,0.0,1.0,3,1.0,2.0,True,False,False,False,False,True,False,0
85.0,1.0,35.0,1.0,1,1.0,2.0,False,False,False,False,False,True,False,0
87.0,1.0,24.0,1.0,2,1.0,2.0,True,False,False,False,False,True,False,0
15.0,5.0,36.0,3.0,3,1.0,1.0,False,False,True,False,False,False,False,0
18.0,5.0,36.0,3.0,3,1.0,1.0,True,False,False,False,True,False,False,0
29.0,1.0,24.0,1.0,4,1.0,2.0,False,False,False,True,False,False,False,0
47.0,2.0,40.0,1.0,1,1.0,2.0,False,False,True,False,False,False,False,0
48.0,2.0,36.0,3.0,2,1.0,2.0,True,False,False,True,False,False,False,0
30.0,1.0,12.0,1.0,3,1.0,2.0,True,False,False,False,True,False,False,0
37.0,5.0,36.0,3.0,1,1.0,1.0,False,False,False,False,True,False,False,0
69.0,2.0,36.0,3.0,1,1.0,2.0,False,False,False,False,False,True,False,0
67.0,2.0,36.0,3.0,2,1.0,2.0,True,False,False,False,False,True,False,0
56.0,2.0,48.0,1.0,1,1.0,2.0,True,False,False,True,False,False,False,0
69.0,2.0,25.0,1.0,2,1.0,2.0,False,False,False,True,False,False,False,0
62.0,2.0,20.0,1.0,1,1.0,2.0,False,False,False,False,False,True,False,0
62.0,2.0,36.0,3.0,2,1.0,2.0,True,False,False,False,False,True,False,0
76.0,1.0,36.0,3.0,1,1.0,2.0,True,True,False,False,False,False,False,0
60.0,1.0,44.0,1.0,2,1.0,2.0,False,True,False,False,False,False,False,0
19.0,5.0,36.0,3.0,3,1.0,2.0,False,False,False,True,False,False,False,0
1.0,5.0,36.0,4.0,5,3.0,2.0,True,False,False,False,False,False,True,0
28.0,1.0,49.0,1.0,1,1.0,2.0,False,False,False,True,False,False,False,0
24.0,1.0,54.0,1.0,2,1.0,2.0,True,False,False,True,False,False,False,0
7.0,5.0,36.0,4.0,3,1.0,1.0,True,False,False,False,False,False,False,0
2.0,5.0,36.0,4.0,3,2.0,3.0,False,False,False,False,False,False,True,0
59.0,2.0,36.0,3.0,1,1.0,2.0,False,True,False,False,False,False,False,0
59.0,2.0,36.0,3.0,2,1.0,2.0,True,False,False,False,False,False,False,0
30.0,5.0,30.0,1.0,1,1.0,2.0,True,False,False,False,False,True,False,0
51.0,5.0,36.0,3.0,1,1.0,2.0,True,False,True,False,False,False,False,0
18.0,5.0,36.0,3.0,3,1.0,1.0,True,False,True,False,False,False,False,0
81.0,2.0,36.0,3.0,1,1.0,2.0,False,False,False,False,False,True,False,0
80.0,2.0,36.0,3.0,2,1.0,2.0,True,False,False,False,False,True,False,0
45.0,5.0,40.0,1.0,3,1.0,2.0,False,False,False,False,False,True,False,0
24.0,5.0,8.0,1.0,3,1.0,2.0,False,False,False,True,False,False,False,0
22.0,1.0,35.0,1.0,1,1.0,2.0,True,False,False,True,False,False,False,0
28.0,1.0,25.0,1.0,2,1.0,2.0,False,False,False,True,False,False,False,0
18.0,5.0,36.0,3.0,3,1.0,1.0,True,False,True,False,False,False,False,0
7.0,5.0,36.0,4.0,3,1.0,1.0,False,False,False,False,False,False,False,0
45.0,3.0,45.0,1.0,1,1.0,2.0,False,False,False,True,False,False,False,0
46.0,2.0,45.0,1.0,1,1.0,2.0,False,False,False,True,False,False,False,0
49.0,2.0,36.0,3.0,2,1.0,2.0,True,False,False,False,True,False,False,0
17.0,5.0,36.0,3.0,3,1.0,1.0,True,False,False,False,True,False,False,0
50.0,1.0,20.0,1.0,1,1.0,2.0,True,False,False,False,False,False,False,0
51.0,1.0,40.0,1.0,2,1.0,2.0,False,False,False,False,False,False,False,0
54.0,1.0,50.0,1.0,1,1.0,2.0,True,False,False,False,False,False,False,0
22.0,5.0,36.0,2.0,3,1.0,2.0,False,False,False,True,False,False,False,0
13.0,5.0,36.0,3.0,3,1.0,1.0,True,False,False,False,False,False,False,0
55.0,1.0,0.0,1.0,2,1.0,2.0,False,True,False,False,False,False,False,0
33.0,2.0,36.0,3.0,1,1.0,2.0,False,False,False,True,False,False,False,0
35.0,2.0,36.0,3.0,2,1.0,2.0,True,False,False,True,False,False,False,0
32.0,5.0,36.0,2.0,1,1.0,2.0,True,False,False,True,False,False,False,0
6.0,5.0,36.0,4.0,3,2.0,1.0,False,False,False,False,False,False,False,0
11.0,5.0,36.0,3.0,3,1.0,1.0,True,False,False,False,False,False,False,0
34.0,5.0,20.0,1.0,3,1.0,1.0,True,False,False,False,True,False,False,0
30.0,5.0,48.0,1.0,3,1.0,2.0,False,False,False,True,False,False,False,0
43.0,2.0,25.0,1.0,1,1.0,2.0,False,False,False,True,False,False,False,0
41.0,2.0,30.0,1.0,2,1.0,2.0,True,False,False,True,False,False,False,0
20.0,5.0,4.0,1.0,3,1.0,1.0,True,False,False,False,True,False,False,0
50.0,5.0,57.0,1.0,1,1.0,2.0,False,False,False,True,False,False,False,0
92.0,2.0,36.0,3.0,6,1.0,2.0,False,True,False,False,False,False,False,0
86.0,2.0,36.0,3.0,6,1.0,2.0,True,False,True,False,False,False,False,0
38.0,2.0,48.0,1.0,1,1.0,2.0,False,False,True,False,False,False,False,0
41.0,2.0,36.0,2.0,2,1.0,2.0,True,True,False,False,False,False,False,0
15.0,5.0,36.0,3.0,3,1.0,1.0,True,False,True,False,False,False,False,0
13.0,5.0,36.0,3.0,3,1.0,1.0,True,False,True,False,False,False,False,0
52.0,3.0,30.0,1.0,1,1.0,2.0,True,True,False,False,False,False,False,0
33.0,5.0,12.0,1.0,3,1.0,2.0,False,True,False,False,False,False,False,0
20.0,5.0,36.0,3.0,3,1.0,2.0,False,False,True,False,False,False,False,0
30.0,5.0,8.0,1.0,3,1.0,2.0,True,True,False,False,False,False,False,0
5.0,5.0,36.0,4.0,5,1.0,1.0,True,False,False,False,False,False,False,0
59.0,2.0,36.0,3.0,1,1.0,2.0,False,False,False,False,False,True,False,0
58.0,2.0,36.0,3.0,2,1.0,2.0,True,False,False,True,False,False,False,0
55.0,2.0,20.0,1.0,2,1.0,2.0,True,False,True,False,False,False,False,0
16.0,5.0,36.0,3.0,3,1.0,1.0,False,False,True,False,False,False,False,0
60.0,2.0,36.0,3.0,1,1.0,2.0,False,False,True,False,False,False,False,0
47.0,3.0,40.0,1.0,1,1.0,2.0,True,False,False,False,True,False,False,0
38.0,1.0,12.0,1.0,1,1.0,2.0,True,False,False,True,False,False,False,0
31.0,1.0,48.0,1.0,2,1.0,2.0,False,False,False,False,False,False,False,0
10.0,5.0,36.0,3.0,3,1.0,1.0,False,False,False,False,False,False,False,0
63.0,5.0,36.0,3.0,1,1.0,2.0,False,True,False,False,False,False,False,0
60.0,3.0,20.0,1.0,1,1.0,2.0,False,False,True,False,False,False,False,0
24.0,5.0,36.0,2.0,3,1.0,1.0,False,False,False,False,True,False,False,0
4.0,5.0,36.0,4.0,3,2.0,1.0,True,False,False,False,False,False,True,0
83.0,2.0,36.0,3.0,1,1.0,2.0,False,False,False,False,False,True,False,0
82.0,2.0,36.0,3.0,2,1.0,2.0,True,False,False,False,False,True,False,0
32.0,1.0,60.0,1.0,1,1.0,2.0,False,False,False,False,False,True,False,0
27.0,1.0,0.0,1.0,2,1.0,2.0,True,False,False,False,False,True,False,0
8.0,5.0,36.0,4.0,3,1.0,1.0,False,False,False,False,False,False,False,0
65.0,5.0,18.0,1.0,1,1.0,2.0,False,False,False,False,False,False,False,0
43.0,1.0,12.0,1.0,1,1.0,2.0,False,False,False,True,False,False,False,0
62.0,5.0,36.0,3.0,1,1.0,2.0,True,False,True,False,False,False,False,0
37.0,5.0,20.0,1.0,3,1.0,2.0,False,False,True,False,False,False,False,0
44.0,5.0,40.0,1.0,9,1.0,2.0,True,False,True,False,False,False,False,0
92.0,2.0,36.0,3.0,1,1.0,2.0,True,True,False,False,False,False,False,0
49.0,2.0,16.0,1.0,1,1.0,2.0,True,False,False,False,False,True,False,0
44.0,2.0,84.0,1.0,2,1.0,2.0,False,False,False,False,False,True,False,0
13.0,5.0,36.0,3.0,3,1.0,1.0,True,False,True,False,False,False,False,0
70.0,4.0,36.0,3.0,1,1.0,2.0,True,False,False,True,False,False,False,0
41.0,1.0,42.0,1.0,3,1.0,2.0,False,False,False,False,False,True,False,0
44.0,1.0,40.0,1.0,3,1.0,2.0,True,False,False,False,False,True,False,0
59.0,2.0,50.0,1.0,2,1.0,2.0,False,False,False,False,False,True,False,0
23.0,5.0,36.0,3.0,3,1.0,1.0,False,False,False,False,True,False,False,0
45.0,2.0,40.0,1.0,1,1.0,2.0,False,False,True,False,False,False,False,0
43.0,2.0,3.0,1.0,2,1.0,2.0,True,False,True,False,False,False,False,0
48.0,2.0,0.0,1.0,1,1.0,2.0,True,False,False,True,False,False,False,0
15.0,5.0,36.0,3.0,3,1.0,1.0,False,False,True,False,False,False,False,0
62.0,2.0,36.0,3.0,1,1.0,2.0,True,False,False,True,False,False,False,0
69.0,2.0,36.0,3.0,2,1.0,2.0,False,False,True,False,False,False,False,0
28.0,1.0,28.0,1.0,5,1.0,2.0,False,False,False,False,True,False,False,0
29.0,1.0,20.0,1.0,9,1.0,2.0,True,False,False,True,False,False,False,0
37.0,5.0,0.0,1.0,1,1.0,2.0,False,False,False,False,True,False,False,0
41.0,5.0,36.0,2.0,1,1.0,2.0,False,False,False,False,True,False,False,0
32.0,3.0,30.0,1.0,1,1.0,2.0,True,False,False,False,False,True,False,0
5.0,5.0,36.0,4.0,3,2.0,1.0,False,False,False,False,False,False,False,0
27.0,1.0,18.0,1.0,1,1.0,2.0,True,False,False,False,False,True,False,0
30.0,1.0,48.0,1.0,2,1.0,2.0,False,False,False,False,False,True,False,0
46.0,1.0,0.0,1.0,2,1.0,2.0,True,False,False,False,False,True,False,0
34.0,5.0,36.0,4.0,3,3.0,2.0,False,False,False,False,False,False,True,0
98.0,5.0,36.0,3.0,1,1.0,2.0,True,False,False,True,False,False,False,0
65.0,1.0,36.0,3.0,1,1.0,2.0,True,False,False,False,True,False,False,0
75.0,1.0,36.0,3.0,2,1.0,2.0,False,False,False,False,False,True,False,0
57.0,2.0,36.0,3.0,2,1.0,2.0,True,False,False,True,False,False,False,0
39.0,5.0,72.0,1.0,1,1.0,2.0,False,False,False,True,False,False,False,0
50.0,5.0,35.0,1.0,1,1.0,2.0,True,False,True,False,False,False,False,0
31.0,5.0,35.0,1.0,3,1.0,2.0,False,True,False,False,False,False,False,0
15.0,5.0,36.0,3.0,3,1.0,1.0,False,False,True,False,False,False,False,0
13.0,5.0,36.0,3.0,5,1.0,1.0,False,False,True,False,False,False,False,0
11.0,5.0,36.0,3.0,5,1.0,1.0,False,False,False,False,False,False,False,0
62.0,2.0,36.0,3.0,1,1.0,2.0,False,False,False,True,False,False,False,0
60.0,4.0,36.0,3.0,1,1.0,2.0,True,False,False,False,True,False,False,0
29.0,5.0,40.0,1.0,3,1.0,2.0,False,False,True,False,False,False,False,0
86.0,2.0,36.0,3.0,1,1.0,2.0,False,False,False,False,False,False,False,0
79.0,2.0,36.0,3.0,2,1.0,2.0,True,True,False,False,False,False,False,0
74.0,5.0,20.0,1.0,1,1.0,2.0,True,False,False,True,False,False,False,0
50.0,4.0,36.0,3.0,3,1.0,2.0,True,False,False,True,False,False,False,0
29.0,5.0,36.0,2.0,5,1.0,2.0,False,False,False,True,False,False,False,0
24.0,5.0,32.0,1.0,5,1.0,2.0,False,False,True,False,False,False,False,0
31.0,5.0,0.0,1.0,5,1.0,2.0,False,False,False,True,False,False,False,0
34.0,1.0,36.0,3.0,4,1.0,2.0,True,False,False,False,False,True,False,0
32.0,1.0,36.0,3.0,4,1.0,2.0,True,False,False,False,False,True,False,0
62.0,2.0,36.0,3.0,1,1.0,2.0,False,False,True,False,False,False,False,0
66.0,2.0,0.0,1.0,2,1.0,2.0,True,False,False,True,False,False,False,0
52.0,3.0,25.0,1.0,1,1.0,2.0,False,False,False,False,False,True,False,0
79.0,2.0,36.0,3.0,6,1.0,2.0,False,False,False,True,False,False,False,0
77.0,2.0,36.0,3.0,6,1.0,2.0,True,False,False,False,False,True,False,0
39.0,1.0,17.0,1.0,1,1.0,2.0,False,False,True,False,False,False,False,0
39.0,1.0,70.0,1.0,2,1.0,2.0,True,True,False,False,False,False,False,0
78.0,4.0,36.0,3.0,9,1.0,2.0,False,True,False,False,False,False,False,0
22.0,5.0,63.0,1.0,3,1.0,2.0,True,False,False,True,False,False,False,0
21.0,5.0,42.0,1.0,3,1.0,2.0,False,True,False,False,False,False,False,0
18.0,5.0,36.0,3.0,3,1.0,2.0,True,False,True,False,False,False,False,0
13.0,5.0,36.0,3.0,3,1.0,1.0,True,False,True,False,False,False,False,0
14.0,5.0,36.0,3.0,3,1.0,1.0,False,False,True,False,False,False,False,0
7.0,5.0,36.0,4.0,3,1.0,1.0,True,False,False,False,False,False,False,0
3.0,5.0,36.0,4.0,3,2.0,3.0,False,False,False,False,False,False,True,0
32.0,1.0,36.0,3.0,1,1.0,2.0,True,False,True,False,False,False,False,0
40.0,1.0,40.0,1.0,2,1.0,2.0,False,False,False,True,False,False,False,0
7.0,5.0,36.0,4.0,3,1.0,1.0,False,False,False,False,False,False,False,0
34.0,5.0,36.0,4.0,3,3.0,2.0,False,False,False,False,False,False,True,0
42.0,1.0,21.0,1.0,2,1.0,2.0,False,False,False,False,False,True,False,0
85.0,4.0,36.0,3.0,1,1.0,2.0,True,False,False,False,False,True,False,0
65.0,5.0,30.0,1.0,3,1.0,2.0,True,False,False,False,False,True,False,0
62.0,2.0,0.0,1.0,3,1.0,2.0,True,False,False,False,False,True,False,0
35.0,1.0,12.0,1.0,1,1.0,2.0,True,False,False,False,False,True,False,0
13.0,5.0,36.0,3.0,3,1.0,1.0,False,False,True,False,False,False,False,0
2.0,5.0,36.0,4.0,3,2.0,1.0,False,False,False,False,False,False,True,0
59.0,1.0,50.0,1.0,1,1.0,2.0,False,False,False,True,False,False,False,0
32.0,1.0,6.0,1.0,2,1.0,2.0,True,False,False,True,False,False,False,0
10.0,5.0,24.0,1.0,3,1.0,1.0,True,False,False,False,False,False,False,0
3.0,5.0,36.0,4.0,3,2.0,3.0,False,False,False,False,False,False,True,0
1.0,5.0,36.0,4.0,3,3.0,2.0,False,False,False,False,False,False,True,0
36.0,1.0,36.0,2.0,1,1.0,2.0,False,False,True,False,False,False,False,0
39.0,1.0,36.0,1.0,2,1.0,2.0,True,False,False,True,False,False,False,0
15.0,5.0,24.0,1.0,3,1.0,1.0,False,False,True,False,False,False,False,0
64.0,2.0,0.0,1.0,1,1.0,2.0,False,True,False,False,False,False,False,0
64.0,2.0,36.0,3.0,2,1.0,2.0,True,False,False,True,False,False,False,0
28.0,5.0,30.0,1.0,3,1.0,2.0,False,False,False,True,False,False,False,0
29.0,5.0,36.0,3.0,9,1.0,2.0,True,False,False,True,False,False,False,0
40.0,1.0,50.0,1.0,1,1.0,2.0,False,False,False,False,False,True,False,0
41.0,1.0,45.0,1.0,2,1.0,2.0,True,False,False,False,False,True,False,0
77.0,1.0,36.0,3.0,1,1.0,2.0,False,False,False,False,False,False,False,0
60.0,1.0,12.0,1.0,2,1.0,2.0,True,False,True,False,False,False,False,0
57.0,5.0,25.0,1.0,1,1.0,2.0,True,False,True,False,False,False,False,0
19.0,5.0,36.0,3.0,3,1.0,2.0,False,False,True,False,False,False,False,0
16.0,5.0,36.0,3.0,3,1.0,2.0,True,False,True,False,False,False,False,0
92.0,4.0,36.0,3.0,1,1.0,2.0,True,False,False,False,False,False,False,0
70.0,3.0,48.0,1.0,3,1.0,2.0,False,False,False,True,False,False,False,0
74.0,4.0,36.0,3.0,1,1.0,2.0,True,False,False,False,False,True,False,0
56.0,3.0,0.0,1.0,1,1.0,2.0,True,False,True,False,False,False,False,0
27.0,5.0,20.0,1.0,3,1.0,1.0,True,False,False,False,True,False,False,0
25.0,5.0,36.0,2.0,3,1.0,2.0,True,False,False,False,True,False,False,0
85.0,4.0,36.0,3.0,1,1.0,2.0,True,False,False,False,False,False,False,0
62.0,2.0,0.0,1.0,1,1.0,2.0,False,False,False,False,False,True,False,0
62.0,2.0,36.0,3.0,2,1.0,2.0,True,False,False,False,False,True,False,0
31.0,5.0,36.0,3.0,3,1.0,1.0,False,False,False,False,True,False,False,0
44.0,1.0,48.0,1.0,1,1.0,2.0,False,False,False,False,True,False,False,0
43.0,3.0,48.0,1.0,1,1.0,2.0,True,False,False,True,False,False,False,0
9.0,5.0,36.0,4.0,3,1.0,1.0,True,False,False,False,False,False,False,0
66.0,2.0,35.0,1.0,4,1.0,2.0,False,False,False,False,False,True,False,0
48.0,3.0,40.0,1.0,1,1.0,2.0,False,False,False,True,False,False,False,0
24.0,5.0,30.0,1.0,3,1.0,2.0,False,False,False,True,False,False,False,0
13.0,5.0,36.0,3.0,3,1.0,1.0,False,False,True,False,False,False,False,0
56.0,1.0,36.0,2.0,1,1.0,2.0,False,False,False,True,False,False,False,0
57.0,1.0,40.0,1.0,2,1.0,2.0,True,False,False,True,False,False,False,0
71.0,4.0,36.0,3.0,1,1.0,2.0,True,True,False,False,False,False,False,0
42.0,5.0,36.0,3.0,3,1.0,2.0,False,True,False,False,False,False,False,0
78.0,5.0,36.0,3.0,1,1.0,2.0,False,False,False,False,False,True,False,0
56.0,5.0,36.0,3.0,1,1.0,2.0,True,False,False,False,False,True,False,0
29.0,5.0,48.0,1.0,3,1.0,2.0,True,False,False,False,False,True,False,0
16.0,5.0,36.0,3.0,3,1.0,1.0,True,False,True,False,False,False,False,0
10.0,5.0,36.0,3.0,5,1.0,1.0,True,False,False,False,False,False,False,0
56.0,5.0,42.0,1.0,1,1.0,2.0,False,False,False,False,False,True,False,0
41.0,1.0,48.0,1.0,1,1.0,2.0,False,False,False,True,False,False,False,0
39.0,1.0,56.0,1.0,2,1.0,2.0,True,False,False,True,False,False,False,0
20.0,5.0,36.0,3.0,3,1.0,1.0,True,False,False,False,True,False,False,0
7.0,5.0,36.0,4.0,3,1.0,1.0,True,False,False,False,False,False,False,0
63.0,2.0,70.0,1.0,1,1.0,2.0,False,False,False,True,False,False,False,0
65.0,2.0,70.0,1.0,2,1.0,2.0,True,False,False,False,False,True,False,0
51.0,4.0,28.0,1.0,1,1.0,2.0,True,False,True,False,False,False,False,0
19.0,5.0,10.0,1.0,3,1.0,2.0,False,False,False,True,False,False,False,0
37.0,1.0,15.0,1.0,1,1.0,2.0,True,False,False,False,False,True,False,0
13.0,5.0,36.0,3.0,3,1.0,1.0,False,False,True,False,False,False,False,0
4.0,5.0,36.0,4.0,3,1.0,1.0,True,False,False,False,False,False,True,0
38.0,1.0,36.0,3.0,2,1.0,2.0,False,False,False,False,False,True,False,0
7.0,5.0,36.0,4.0,3,1.0,1.0,False,False,False,False,False,False,False,0
71.0,2.0,36.0,1.0,1,1.0,2.0,False,True,False,False,False,False,False,0
65.0,2.0,36.0,3.0,2,1.0,2.0,True,False,False,False,False,True,False,0
70.0,2.0,36.0,3.0,1,1.0,2.0,False,False,False,True,False,False,False,0
67.0,2.0,36.0,3.0,2,1.0,2.0,True,False,False,True,False,False,False,0
35.0,5.0,36.0,2.0,3,1.0,2.0,False,False,False,True,False,False,False,0
58.0,1.0,40.0,1.0,1,1.0,2.0,False,False,False,True,False,False,False,0
55.0,1.0,40.0,1.0,2,1.0,2.0,True,False,False,False,False,True,False,0
24.0,5.0,36.0,2.0,3,1.0,2.0,False,False,False,True,False,False,False,0
21.0,5.0,36.0,1.0,3,1.0,2.0,True,False,False,False,False,True,False,0
36.0,2.0,44.0,1.0,1,1.0,2.0,False,False,True,False,False,False,False,0
30.0,2.0,45.0,1.0,2,1.0,2.0,True,False,False,False,False,True,False,0
59.0,1.0,50.0,1.0,2,1.0,2.0,False,True,False,False,False,False,False,0
42.0,1.0,36.0,3.0,1,1.0,2.0,True,False,False,False,False,False,False,0
9.0,5.0,36.0,4.0,3,1.0,1.0,False,False,False,False,False,False,False,0
20.0,5.0,36.0,3.0,3,1.0,1.0,True,False,True,False,False,False,False,0
11.0,5.0,36.0,3.0,3,1.0,1.0,False,False,False,False,False,False,False,0
61.0,3.0,0.0,1.0,1,1.0,2.0,True,False,True,False,False,False,False,0
44.0,5.0,31.0,1.0,3,1.0,2.0,False,False,False,True,False,False,False,0
54.0,2.0,50.0,1.0,2,1.0,2.0,True,False,False,False,False,False,False,0
31.0,5.0,50.0,1.0,3,1.0,1.0,False,False,False,False,True,False,False,0
27.0,5.0,50.0,1.0,3,1.0,1.0,True,False,False,False,True,False,False,0
16.0,5.0,36.0,3.0,3,1.0,1.0,True,False,False,False,False,False,False,0
35.0,5.0,48.0,1.0,1,1.0,2.0,True,False,False,True,False,False,False,0
15.0,5.0,36.0,3.0,3,1.0,1.0,True,False,True,False,False,False,False,0
35.0,2.0,45.0,1.0,1,1.0,2.0,False,False,False,True,False,False,False,0
31.0,2.0,60.0,1.0,2,1.0,2.0,True,True,False,False,False,False,False,0
12.0,5.0,36.0,3.0,3,1.0,1.0,False,False,True,False,False,False,False,0
12.0,5.0,36.0,3.0,3,1.0,1.0,True,False,True,False,False,False,False,0
7.0,5.0,36.0,4.0,3,1.0,1.0,False,False,False,False,False,False,False,0
54.0,2.0,50.0,1.0,1,1.0,2.0,False,False,False,True,False,False,False,0
54.0,1.0,40.0,1.0,1,1.0,2.0,True,False,False,False,True,False,False,0
48.0,1.0,48.0,1.0,2,1.0,2.0,False,False,False,False,True,False,False,0
22.0,5.0,36.0,3.0,3,1.0,1.0,True,False,False,False,True,False,False,0
44.0,1.0,0.0,1.0,2,1.0,2.0,True,False,False,False,False,True,False,0
17.0,5.0,36.0,3.0,3,1.0,1.0,True,False,True,False,False,False,False,0
60.0,1.0,40.0,1.0,2,1.0,2.0,True,True,False,False,False,False,False,0
16.0,5.0,36.0,3.0,3,1.0,1.0,False,False,True,False,False,False,False,0
72.0,1.0,52.0,1.0,1,1.0,2.0,False,False,False,False,False,True,False,0
54.0,2.0,50.0,1.0,2,1.0,2.0,False,False,False,True,False,False,False,0
19.0,5.0,36.0,3.0,3,1.0,2.0,False,False,False,True,False,False,False,0
51.0,2.0,36.0,3.0,1,1.0,2.0,True,False,False,False,False,True,False,0
23.0,1.0,36.0,2.0,1,1.0,2.0,False,False,False,True,False,False,False,0
22.0,1.0,44.0,1.0,2,1.0,2.0,True,False,False,True,False,False,False,0
30.0,5.0,48.0,1.0,1,1.0,2.0,False,False,False,True,False,False,False,0
51.0,5.0,48.0,1.0,1,1.0,2.0,False,False,False,True,False,False,False,0
48.0,5.0,36.0,3.0,3,1.0,2.0,False,True,False,False,False,False,False,0
37.0,5.0,25.0,1.0,1,1.0,2.0,False,False,False,False,False,True,False,0
57.0,3.0,40.0,1.0,1,1.0,2.0,False,False,False,False,False,True,False,0
86.0,4.0,36.0,3.0,2,1.0,2.0,False,False,False,True,False,False,False,0
19.0,5.0,36.0,3.0,3,1.0,1.0,False,False,False,False,True,False,False,0
62.0,1.0,40.0,1.0,1,1.0,2.0,False,False,False,True,False,False,False,0
62.0,1.0,36.0,3.0,2,1.0,2.0,True,False,False,True,False,False,False,0
65.0,3.0,36.0,3.0,1,1.0,2.0,True,False,False,False,False,True,False,0
89.0,4.0,36.0,3.0,1,1.0,2.0,True,True,False,False,False,False,False,0
56.0,5.0,40.0,1.0,1,1.0,2.0,True,False,False,False,True,False,False,0
23.0,5.0,36.0,3.0,3,1.0,1.0,True,False,False,False,True,False,False,0
22.0,5.0,36.0,3.0,3,1.0,1.0,False,False,False,False,True,False,False,0
32.0,5.0,30.0,1.0,1,1.0,2.0,True,False,False,False,False,True,False,0
52.0,1.0,32.0,1.0,1,1.0,2.0,True,False,False,True,False,False,False,0
55.0,1.0,54.0,1.0,2,1.0,2.0,False,False,False,True,False,False,False,0
19.0,5.0,36.0,3.0,3,1.0,2.0,False,False,False,True,False,False,False,0
63.0,2.0,36.0,3.0,1,1.0,2.0,False,False,False,True,False,False,False,0
62.0,2.0,36.0,3.0,2,1.0,2.0,True,False,False,False,False,True,False,0
59.0,4.0,21.0,1.0,1,2.0,3.0,True,False,False,False,False,False,True,0
29.0,5.0,42.0,1.0,3,1.0,2.0,False,True,False,False,False,False,False,0
23.0,5.0,56.0,1.0,3,1.0,2.0,False,False,True,False,False,False,False,0
25.0,5.0,40.0,1.0,3,1.0,1.0,False,False,True,False,False,False,False,0
33.0,2.0,10.0,1.0,2,1.0,2.0,True,False,False,True,False,False,False,0
55.0,2.0,36.0,3.0,1,1.0,2.0,False,False,False,False,False,True,False,0
52.0,2.0,36.0,3.0,2,1.0,2.0,True,False,True,False,False,False,False,0
39.0,2.0,45.0,1.0,1,1.0,2.0,False,False,False,False,False,True,False,0
46.0,2.0,40.0,1.0,1,1.0,2.0,False,False,False,True,False,False,False,0
46.0,2.0,40.0,1.0,2,1.0,2.0,True,False,False,False,False,True,False,0
87.0,2.0,36.0,3.0,1,1.0,2.0,True,True,False,False,False,False,False,0
92.0,2.0,36.0,3.0,2,1.0,2.0,False,True,False,False,False,False,False,0
49.0,2.0,34.0,1.0,1,1.0,2.0,False,False,True,False,False,False,False,0
41.0,2.0,32.0,1.0,2,1.0,2.0,True,True,False,False,False,False,False,0
22.0,5.0,40.0,1.0,3,1.0,2.0,False,False,True,False,False,False,False,0
64.0,2.0,36.0,3.0,1,1.0,2.0,True,False,False,False,False,True,False,0
64.0,2.0,40.0,1.0,2,1.0,2.0,False,False,False,False,False,True,False,0
27.0,5.0,70.0,1.0,3,1.0,1.0,False,False,False,False,True,False,False,0
21.0,5.0,36.0,3.0,3,1.0,1.0,False,False,False,False,True,False,False,0
23.0,5.0,50.0,1.0,3,1.0,2.0,False,False,False,False,True,False,False,0
46.0,3.0,40.0,1.0,1,1.0,2.0,True,False,False,True,False,False,False,0
15.0,5.0,36.0,3.0,3,1.0,1.0,False,False,True,False,False,False,False,0
11.0,5.0,36.0,3.0,3,1.0,1.0,False,False,False,False,False,False,False,0
58.0,2.0,48.0,1.0,1,1.0,2.0,False,False,False,False,True,False,False,0
60.0,2.0,30.0,1.0,2,1.0,2.0,True,False,False,False,False,True,False,0
47.0,1.0,36.0,3.0,1,1.0,2.0,True,True,False,False,False,False,False,0
67.0,1.0,40.0,1.0,2,1.0,2.0,False,False,False,True,False,False,False,0
21.0,5.0,36.0,3.0,3,1.0,1.0,True,False,False,False,True,False,False,0
67.0,3.0,36.0,3.0,1,1.0,2.0,True,True,False,False,False,False,False,0
50.0,2.0,48.0,1.0,1,1.0,2.0,False,False,False,True,False,False,False,0
48.0,2.0,0.0,1.0,2,1.0,2.0,True,False,False,False,True,False,False,0
30.0,2.0,35.0,1.0,3,1.0,1.0,False,False,False,False,True,False,False,0
29.0,2.0,30.0,1.0,4,1.0,2.0,True,False,False,False,False,True,False,0
10.0,5.0,36.0,3.0,5,1.0,1.0,True,False,False,False,False,False,False,0
6.0,5.0,36.0,4.0,5,1.0,1.0,True,False,False,False,False,False,False,0
26.0,5.0,0.0,1.0,3,1.0,2.0,True,False,False,False,False,True,False,0
25.0,5.0,30.0,1.0,3,1.0,2.0,True,False,False,False,False,True,False,0
26.0,5.0,42.0,1.0,3,1.0,2.0,False,False,False,True,False,False,False,0
54.0,5.0,36.0,3.0,1,2.0,3.0,False,False,False,False,False,False,True,0
26.0,5.0,25.0,1.0,3,1.0,2.0,False,False,False,False,False,True,False,0
57.0,4.0,36.0,2.0,1,1.0,2.0,True,False,False,False,False,False,False,0
34.0,5.0,40.0,1.0,3,1.0,2.0,False,True,False,False,False,False,False,0
44.0,2.0,48.0,1.0,1,1.0,2.0,False,False,False,True,False,False,False,0
44.0,2.0,36.0,3.0,2,1.0,2.0,True,False,False,True,False,False,False,0
13.0,5.0,36.0,3.0,3,1.0,1.0,True,False,True,False,False,False,False,0
7.0,5.0,36.0,4.0,3,1.0,1.0,False,False,False,False,False,False,False,0
4.0,5.0,36.0,4.0,3,2.0,1.0,True,False,False,False,False,False,True,0
68.0,4.0,36.0,3.0,1,1.0,2.0,True,True,False,False,False,False,False,0
46.0,5.0,36.0,3.0,3,1.0,2.0,False,True,False,False,False,False,False,0
37.0,5.0,40.0,1.0,3,1.0,2.0,False,True,False,False,False,False,False,0
60.0,2.0,20.0,1.0,1,1.0,2.0,False,False,False,False,False,True,False,0
55.0,2.0,84.0,1.0,2,1.0,2.0,True,True,False,False,False,False,False,0
12.0,5.0,36.0,3.0,3,1.0,1.0,False,False,True,False,False,False,False,0
2.0,5.0,36.0,4.0,3,2.0,3.0,True,False,False,False,False,False,True,0
63.0,3.0,20.0,1.0,1,1.0,2.0,False,True,False,False,False,False,False,0
14.0,5.0,36.0,3.0,3,1.0,1.0,True,False,True,False,False,False,False,0
9.0,5.0,36.0,4.0,3,1.0,1.0,False,False,False,False,False,False,False,0
11.0,5.0,36.0,3.0,3,1.0,1.0,True,False,False,False,False,False,False,0
22.0,5.0,36.0,3.0,9,1.0,2.0,True,False,False,False,False,True,False,0
47.0,2.0,35.0,1.0,1,1.0,2.0,False,False,False,False,False,True,False,0
42.0,2.0,40.0,1.0,2,1.0,2.0,True,False,False,False,False,True,False,0
9.0,5.0,36.0,4.0,3,1.0,1.0,True,False,False,False,False,False,False,0
14.0,5.0,36.0,3.0,3,1.0,1.0,False,False,True,False,False,False,False,0
19.0,5.0,20.0,1.0,3,1.0,1.0,False,False,False,False,True,False,False,0
17.0,5.0,36.0,2.0,3,1.0,2.0,False,False,False,True,False,False,False,0
12.0,5.0,36.0,3.0,3,1.0,1.0,True,False,True,False,False,False,False,0
9.0,5.0,36.0,4.0,3,1.0,1.0,True,False,False,False,False,False,False,0
53.0,2.0,35.0,1.0,1,1.0,2.0,False,False,False,True,False,False,False,0
52.0,2.0,20.0,1.0,2,1.0,2.0,True,False,False,True,False,False,False,0
41.0,2.0,60.0,1.0,1,1.0,2.0,False,True,False,False,False,False,False,0
41.0,2.0,36.0,3.0,2,1.0,2.0,True,False,False,True,False,False,False,0
18.0,5.0,36.0,3.0,3,1.0,1.0,False,False,False,False,True,False,False,0
61.0,2.0,30.0,1.0,2,1.0,2.0,True,False,True,False,False,False,False,0
28.0,5.0,48.0,1.0,3,1.0,2.0,False,False,False,True,False,False,False,0
22.0,5.0,36.0,3.0,3,1.0,2.0,True,False,False,True,False,False,False,0
49.0,3.0,20.0,1.0,1,1.0,2.0,True,False,False,True,False,False,False,0
19.0,5.0,36.0,3.0,3,1.0,1.0,False,False,False,False,True,False,False,0
69.0,2.0,42.0,1.0,1,1.0,2.0,False,False,False,False,True,False,False,0
35.0,5.0,36.0,3.0,3,2.0,2.0,True,False,False,False,False,False,False,0
38.0,3.0,50.0,1.0,3,1.0,2.0,False,False,False,True,False,False,False,0
63.0,5.0,36.0,3.0,1,1.0,2.0,True,True,False,False,False,False,False,0
29.0,5.0,33.0,1.0,3,1.0,2.0,False,False,True,False,False,False,False,0
4.0,5.0,36.0,4.0,5,1.0,1.0,True,False,False,False,False,False,True,0
23.0,5.0,36.0,3.0,3,1.0,2.0,True,False,False,True,False,False,False,0
61.0,2.0,36.0,3.0,1,1.0,2.0,False,False,False,True,False,False,False,0
40.0,2.0,36.0,3.0,2,1.0,2.0,True,False,False,True,False,False,False,0
27.0,5.0,60.0,1.0,3,1.0,2.0,False,False,False,True,False,False,False,0
44.0,5.0,3.0,1.0,1,1.0,2.0,False,False,False,False,False,False,False,0
59.0,3.0,36.0,3.0,8,1.0,2.0,False,False,False,True,False,False,False,0
41.0,5.0,45.0,1.0,3,1.0,2.0,False,False,False,False,False,True,False,0
57.0,2.0,40.0,1.0,1,1.0,2.0,False,False,True,False,False,False,False,0
65.0,2.0,36.0,3.0,1,1.0,2.0,False,False,False,True,False,False,False,0
63.0,2.0,36.0,3.0,2,1.0,2.0,True,True,False,False,False,False,False,0
14.0,5.0,36.0,3.0,3,1.0,1.0,False,False,True,False,False,False,False,0
68.0,2.0,36.0,3.0,2,1.0,2.0,False,False,False,True,False,False,False,0
21.0,5.0,36.0,3.0,3,1.0,1.0,True,False,False,False,True,False,False,0
51.0,5.0,49.0,1.0,1,1.0,2.0,False,False,False,True,False,False,False,0
17.0,5.0,36.0,3.0,3,1.0,1.0,False,False,True,False,False,False,False,0
62.0,2.0,36.0,3.0,1,1.0,2.0,True,False,False,False,False,True,False,0
37.0,3.0,40.0,1.0,1,1.0,2.0,False,False,True,False,False,False,False,0
21.0,5.0,36.0,2.0,8,1.0,1.0,True,False,False,False,True,False,False,0
50.0,5.0,48.0,1.0,6,1.0,2.0,True,False,False,False,False,True,False,0
72.0,5.0,36.0,3.0,9,1.0,2.0,True,False,False,True,False,False,False,0
27.0,5.0,48.0,1.0,1,1.0,2.0,False,False,False,True,False,False,False,0
53.0,4.0,54.0,1.0,1,1.0,2.0,False,True,False,False,False,False,False,0
20.0,5.0,45.0,1.0,3,1.0,1.0,True,False,True,False,False,False,False,0
69.0,2.0,40.0,1.0,1,1.0,2.0,False,False,False,False,False,True,False,0
63.0,2.0,36.0,3.0,2,1.0,2.0,True,False,False,False,False,True,False,0
23.0,5.0,36.0,3.0,3,1.0,2.0,False,False,False,False,True,False,False,0
22.0,5.0,27.0,1.0,1,1.0,1.0,False,False,False,False,True,False,False,0
16.0,5.0,36.0,3.0,8,1.0,2.0,False,False,True,False,False,False,False,0
77.0,2.0,36.0,3.0,1,1.0,2.0,False,False,False,True,False,False,False,0
77.0,2.0,36.0,3.0,2,1.0,2.0,True,False,False,True,False,False,False,0
59.0,2.0,73.0,1.0,1,1.0,2.0,True,False,True,False,False,False,False,0
47.0,2.0,73.0,1.0,2,1.0,2.0,False,True,False,False,False,False,False,0
65.0,2.0,32.0,1.0,1,1.0,2.0,False,False,True,False,False,False,False,0
65.0,2.0,20.0,1.0,2,1.0,2.0,True,False,False,False,False,True,False,0
36.0,5.0,36.0,3.0,3,1.0,1.0,False,False,False,False,True,False,False,0
34.0,5.0,30.0,1.0,8,1.0,2.0,False,False,False,True,False,False,False,0
54.0,1.0,36.0,3.0,1,1.0,2.0,True,True,False,False,False,False,False,0
40.0,1.0,56.0,1.0,2,1.0,2.0,False,False,False,False,False,False,False,0
32.0,5.0,16.0,1.0,3,1.0,2.0,False,True,False,False,False,False,False,0
18.0,1.0,36.0,3.0,5,1.0,2.0,True,True,False,False,False,False,False,0
81.0,4.0,36.0,3.0,6,1.0,2.0,True,False,False,False,False,False,False,0
53.0,5.0,36.0,3.0,8,1.0,2.0,True,False,False,False,False,False,False,0
20.0,5.0,0.0,1.0,9,1.0,2.0,False,False,False,True,False,False,False,0
52.0,2.0,40.0,1.0,1,1.0,2.0,True,False,False,False,False,True,False,0
44.0,2.0,44.0,1.0,2,1.0,2.0,False,False,False,False,True,False,False,0
18.0,5.0,36.0,3.0,3,1.0,1.0,False,False,True,False,False,False,False,0
14.0,5.0,36.0,3.0,3,1.0,1.0,True,False,True,False,False,False,False,0
63.0,3.0,72.0,1.0,1,1.0,2.0,False,False,True,False,False,False,False,0
71.0,5.0,32.0,1.0,1,1.0,2.0,True,True,False,False,False,False,False,0
5.0,5.0,36.0,4.0,3,2.0,1.0,True,False,False,False,False,False,False,0
43.0,1.0,36.0,3.0,1,1.0,2.0,False,False,False,False,False,True,False,0
44.0,1.0,36.0,3.0,2,1.0,2.0,True,False,False,True,False,False,False,0
8.0,5.0,36.0,4.0,3,1.0,1.0,False,False,False,False,False,False,False,0
10.0,5.0,36.0,3.0,3,1.0,1.0,False,False,False,False,False,False,False,0
79.0,3.0,32.0,1.0,1,1.0,2.0,False,True,False,False,False,False,False,0
69.0,2.0,36.0,3.0,2,1.0,2.0,True,False,False,True,False,False,False,0
23.0,5.0,40.0,1.0,3,1.0,1.0,True,False,False,False,True,False,False,0
78.0,1.0,36.0,3.0,10,1.0,2.0,True,False,False,True,False,False,False,0
69.0,5.0,36.0,3.0,1,1.0,2.0,True,False,False,True,False,False,False,0
36.0,1.0,40.0,1.0,1,1.0,2.0,False,False,False,False,False,True,False,0
36.0,1.0,40.0,1.0,2,1.0,2.0,True,False,False,False,False,True,False,0
75.0,4.0,0.0,1.0,1,1.0,2.0,True,False,False,True,False,False,False,0
26.0,5.0,20.0,1.0,3,1.0,2.0,True,False,False,False,False,True,False,0
46.0,2.0,45.0,1.0,1,1.0,2.0,True,False,False,False,True,False,False,0
52.0,2.0,30.0,1.0,2,1.0,2.0,False,False,False,True,False,False,False,0
21.0,5.0,12.0,1.0,3,1.0,1.0,True,False,False,False,True,False,False,0
18.0,5.0,12.0,1.0,3,1.0,1.0,False,False,False,False,True,False,False,0
44.0,1.0,40.0,1.0,1,1.0,2.0,False,False,True,False,False,False,False,0
43.0,1.0,40.0,1.0,2,1.0,2.0,True,False,False,False,False,True,False,0
15.0,5.0,36.0,3.0,3,1.0,1.0,True,False,True,False,False,False,False,0
74.0,2.0,36.0,3.0,1,1.0,2.0,False,False,False,False,False,True,False,0
71.0,2.0,36.0,3.0,2,1.0,2.0,True,False,False,True,False,False,False,0
32.0,5.0,40.0,1.0,3,1.0,2.0,False,False,False,False,False,True,False,0
49.0,1.0,40.0,1.0,1,1.0,2.0,False,False,False,False,False,True,False,0
41.0,1.0,30.0,1.0,2,1.0,2.0,True,False,False,False,False,True,False,0
48.0,2.0,44.0,1.0,1,1.0,2.0,False,False,True,False,False,False,False,0
42.0,2.0,12.0,1.0,2,1.0,2.0,True,False,False,True,False,False,False,0
80.0,4.0,36.0,3.0,1,1.0,2.0,True,True,False,False,False,False,False,0
54.0,5.0,48.0,1.0,3,1.0,2.0,False,False,False,True,False,False,False,0
40.0,5.0,36.0,2.0,3,1.0,2.0,False,False,False,True,False,False,False,0
22.0,5.0,44.0,1.0,5,1.0,2.0,False,False,False,True,False,False,False,0
48.0,5.0,36.0,3.0,3,2.0,3.0,True,False,False,False,False,False,True,0
47.0,1.0,35.0,1.0,1,1.0,2.0,False,False,False,False,False,True,False,0
49.0,1.0,35.0,1.0,2,1.0,2.0,True,False,False,True,False,False,False,0
52.0,5.0,12.0,1.0,1,1.0,2.0,True,True,False,False,False,False,False,0
87.0,4.0,36.0,3.0,1,1.0,2.0,True,False,False,True,False,False,False,0
81.0,4.0,36.0,3.0,1,1.0,2.0,True,True,False,False,False,False,False,0
19.0,5.0,36.0,2.0,10,1.0,2.0,False,False,True,False,False,False,False,0
24.0,5.0,40.0,1.0,8,1.0,2.0,False,False,True,False,False,False,False,0
39.0,2.0,36.0,1.0,1,1.0,2.0,False,True,False,False,False,False,False,0
41.0,2.0,36.0,1.0,2,1.0,2.0,False,False,False,False,False,True,False,0
75.0,4.0,36.0,3.0,1,1.0,2.0,True,True,False,False,False,False,False,0
44.0,5.0,36.0,3.0,3,1.0,2.0,True,False,False,True,False,False,False,0
21.0,5.0,50.0,1.0,1,1.0,2.0,False,False,False,False,True,False,False,0
19.0,5.0,36.0,3.0,3,1.0,1.0,True,False,True,False,False,False,False,0
58.0,3.0,30.0,1.0,1,1.0,2.0,True,False,False,False,False,True,False,0
31.0,5.0,30.0,1.0,3,1.0,2.0,True,False,False,False,False,True,False,0
59.0,2.0,0.0,1.0,1,1.0,2.0,False,False,False,True,False,False,False,0
60.0,2.0,36.0,3.0,2,1.0,2.0,True,False,False,False,False,True,False,0
72.0,2.0,36.0,3.0,2,1.0,2.0,True,False,True,False,False,False,False,0
51.0,5.0,36.0,3.0,3,1.0,2.0,True,False,False,True,False,False,False,0
43.0,5.0,0.0,1.0,3,1.0,2.0,True,False,False,True,False,False,False,0
12.0,5.0,36.0,3.0,5,1.0,1.0,True,False,True,False,False,False,False,0
77.0,2.0,36.0,3.0,1,1.0,2.0,False,True,False,False,False,False,False,0
22.0,1.0,48.0,1.0,10,1.0,2.0,False,False,False,True,False,False,False,0
73.0,4.0,36.0,3.0,6,1.0,2.0,True,True,False,False,False,False,False,0
32.0,5.0,40.0,1.0,3,1.0,2.0,False,False,False,True,False,False,False,0
26.0,5.0,36.0,2.0,3,1.0,2.0,True,False,False,True,False,False,False,0
38.0,2.0,56.0,1.0,1,1.0,2.0,False,False,False,False,True,False,False,0
28.0,5.0,48.0,1.0,1,1.0,2.0,False,False,False,False,False,True,False,0
43.0,5.0,40.0,1.0,1,1.0,2.0,True,False,False,False,False,True,False,0
35.0,1.0,36.0,2.0,1,1.0,2.0,False,False,False,False,True,False,False,0
34.0,1.0,40.0,1.0,2,1.0,2.0,True,False,False,False,True,False,False,0
11.0,5.0,36.0,3.0,3,1.0,1.0,False,False,False,False,False,False,False,0
3.0,5.0,36.0,4.0,3,2.0,1.0,True,False,False,False,False,False,True,0
56.0,3.0,36.0,3.0,1,1.0,2.0,True,False,False,False,False,True,False,0
24.0,5.0,40.0,1.0,3,1.0,2.0,False,False,False,False,False,False,False,0
26.0,3.0,36.0,3.0,3,1.0,2.0,True,False,False,False,False,False,False,0
4.0,5.0,36.0,4.0,5,2.0,1.0,True,False,False,False,False,False,True,0
76.0,2.0,36.0,3.0,1,1.0,2.0,False,False,True,False,False,False,False,0
73.0,2.0,36.0,3.0,2,1.0,2.0,True,True,False,False,False,False,False,0
2.0,5.0,36.0,4.0,5,2.0,3.0,False,False,False,False,False,False,True,0
58.0,3.0,24.0,1.0,1,1.0,2.0,True,True,False,False,False,False,False,0
33.0,3.0,16.0,1.0,2,1.0,2.0,False,True,False,False,False,False,False,0
12.0,5.0,36.0,3.0,3,1.0,1.0,False,False,True,False,False,False,False,0
45.0,2.0,40.0,1.0,1,1.0,2.0,True,False,False,False,False,True,False,0
45.0,2.0,40.0,1.0,2,1.0,2.0,False,False,False,False,False,True,False,0
18.0,5.0,36.0,3.0,3,1.0,1.0,False,False,False,False,True,False,False,0
13.0,5.0,36.0,3.0,3,1.0,1.0,False,False,True,False,False,False,False,0
6.0,5.0,36.0,4.0,3,1.0,1.0,True,False,False,False,False,False,False,0
61.0,3.0,36.0,3.0,1,1.0,2.0,True,False,False,False,False,True,False,0
34.0,1.0,8.0,1.0,1,1.0,2.0,True,False,False,True,False,False,False,0
40.0,1.0,40.0,1.0,2,1.0,2.0,False,False,False,True,False,False,False,0
8.0,5.0,36.0,4.0,3,1.0,1.0,True,False,False,False,False,False,False,0
26.0,1.0,36.0,3.0,1,1.0,1.0,True,False,False,False,True,False,False,0
32.0,1.0,10.0,1.0,2,1.0,2.0,False,False,False,False,False,True,False,0
77.0,1.0,36.0,3.0,1,1.0,2.0,False,True,False,False,False,False,False,0
72.0,1.0,36.0,3.0,2,1.0,2.0,True,True,False,False,False,False,False,0
51.0,5.0,36.0,2.0,3,1.0,2.0,False,False,False,True,False,False,False,0
14.0,5.0,36.0,3.0,3,1.0,1.0,False,False,True,False,False,False,False,0
8.0,5.0,36.0,4.0,3,1.0,1.0,False,False,False,False,False,False,False,0
6.0,5.0,36.0,4.0,3,1.0,1.0,False,False,False,False,False,False,False,0
46.0,1.0,48.0,1.0,2,1.0,2.0,True,False,False,False,False,False,False,0
44.0,3.0,60.0,1.0,1,1.0,2.0,True,False,True,False,False,False,False,0
25.0,5.0,40.0,1.0,3,1.0,2.0,True,False,False,True,False,False,False,0
20.0,5.0,48.0,1.0,3,1.0,2.0,False,False,False,True,False,False,False,0
44.0,1.0,44.0,1.0,1,1.0,2.0,False,True,False,False,False,False,False,0
21.0,5.0,56.0,1.0,3,1.0,2.0,True,False,False,True,False,False,False,0
19.0,5.0,40.0,1.0,3,1.0,2.0,False,False,True,False,False,False,False,0
12.0,5.0,36.0,3.0,3,1.0,1.0,False,False,False,False,False,False,False,0
68.0,2.0,36.0,3.0,1,1.0,2.0,False,False,False,False,False,True,False,0
65.0,2.0,36.0,3.0,2,1.0,2.0,True,False,False,False,False,True,False,0
41.0,1.0,44.0,1.0,1,1.0,2.0,True,False,True,False,False,False,False,0
74.0,4.0,36.0,3.0,1,1.0,2.0,True,False,False,False,False,True,False,0
43.0,5.0,30.0,1.0,3,1.0,2.0,False,False,False,False,False,True,False,0
20.0,5.0,36.0,3.0,5,1.0,1.0,False,False,True,False,False,False,False,0
20.0,5.0,36.0,3.0,5,1.0,2.0,False,False,False,True,False,False,False,0
25.0,5.0,36.0,1.0,5,1.0,2.0,False,False,True,False,False,False,False,0
44.0,1.0,44.0,1.0,1,1.0,2.0,False,False,False,False,False,True,False,0
42.0,1.0,48.0,1.0,2,1.0,2.0,True,False,False,True,False,False,False,0
16.0,5.0,36.0,3.0,3,1.0,1.0,False,False,True,False,False,False,False,0
28.0,1.0,50.0,1.0,1,1.0,2.0,False,False,False,True,False,False,False,0
30.0,1.0,48.0,1.0,2,1.0,2.0,True,False,False,True,False,False,False,0
8.0,5.0,36.0,4.0,3,1.0,1.0,True,False,False,False,False,False,False,0
56.0,2.0,40.0,1.0,1,1.0,2.0,False,False,False,True,False,False,False,0
53.0,2.0,36.0,3.0,2,1.0,2.0,True,True,False,False,False,False,False,0
20.0,3.0,36.0,3.0,3,1.0,1.0,True,False,False,False,True,False,False,0
48.0,1.0,45.0,1.0,1,1.0,2.0,False,False,False,True,False,False,False,0
42.0,1.0,30.0,1.0,2,1.0,2.0,True,True,False,False,False,False,False,0
18.0,5.0,36.0,2.0,3,1.0,2.0,False,False,False,True,False,False,False,0
49.0,2.0,40.0,1.0,1,1.0,2.0,False,False,False,True,False,False,False,0
48.0,2.0,36.0,3.0,2,1.0,2.0,True,False,False,True,False,False,False,0
23.0,5.0,40.0,1.0,3,1.0,2.0,False,False,False,True,False,False,False,0
18.0,5.0,36.0,3.0,3,1.0,1.0,False,False,True,False,False,False,False,0
11.0,5.0,36.0,3.0,3,1.0,1.0,True,False,False,False,False,False,False,0
35.0,1.0,56.0,1.0,1,1.0,2.0,False,False,False,False,False,False,False,0
31.0,1.0,36.0,3.0,2,1.0,2.0,True,False,True,False,False,False,False,0
9.0,5.0,36.0,4.0,3,1.0,1.0,True,False,False,False,False,False,False,0
4.0,5.0,36.0,4.0,3,2.0,1.0,True,False,False,False,False,False,True,0
34.0,5.0,36.0,4.0,3,3.0,2.0,True,False,False,False,False,False,True,0
48.0,1.0,30.0,1.0,1,1.0,2.0,False,False,False,False,False,True,False,0
29.0,1.0,30.0,1.0,2,1.0,2.0,True,False,False,False,False,True,False,0
19.0,5.0,36.0,3.0,3,1.0,1.0,False,False,False,False,True,False,False,0
10.0,5.0,36.0,3.0,3,1.0,1.0,False,False,False,False,False,False,False,0
13.0,5.0,36.0,3.0,3,1.0,1.0,True,False,True,False,False,False,False,0
79.0,4.0,36.0,3.0,1,1.0,2.0,False,False,False,True,False,False,False,0
50.0,5.0,40.0,1.0,3,1.0,2.0,True,False,False,True,False,False,False,0
72.0,4.0,36.0,3.0,1,1.0,2.0,True,False,False,True,False,False,False,0
46.0,3.0,30.0,1.0,3,1.0,2.0,False,False,False,False,False,True,False,0
40.0,1.0,0.0,1.0,1,1.0,2.0,True,False,False,True,False,False,False,0
50.0,1.0,0.0,1.0,2,1.0,2.0,False,False,True,False,False,False,False,0
20.0,5.0,36.0,2.0,3,1.0,1.0,False,False,False,False,True,False,False,0
19.0,5.0,36.0,2.0,3,1.0,2.0,False,False,False,True,False,False,False,0
6.0,5.0,36.0,4.0,3,1.0,1.0,False,False,False,False,False,False,False,0
72.0,2.0,36.0,3.0,1,1.0,2.0,False,False,True,False,False,False,False,0
72.0,2.0,36.0,3.0,2,1.0,2.0,True,False,True,False,False,False,False,0
58.0,4.0,30.0,1.0,1,1.0,2.0,True,False,False,False,False,True,False,0
30.0,5.0,36.0,1.0,3,1.0,2.0,False,False,False,True,False,False,False,0
25.0,5.0,24.0,1.0,3,1.0,2.0,True,False,False,True,False,False,False,0
29.0,5.0,27.0,1.0,3,1.0,2.0,True,False,False,False,False,True,False,0
33.0,5.0,30.0,1.0,3,1.0,2.0,True,False,False,False,False,True,False,0
67.0,2.0,36.0,3.0,1,1.0,2.0,False,False,False,False,False,True,False,0
63.0,2.0,36.0,3.0,2,1.0,2.0,True,False,False,False,False,True,False,0
24.0,5.0,56.0,1.0,1,1.0,2.0,True,False,False,False,True,False,False,0
37.0,5.0,84.0,1.0,1,1.0,2.0,True,False,False,True,False,False,False,0
16.0,5.0,84.0,1.0,3,1.0,1.0,False,False,True,False,False,False,False,0
3.0,5.0,36.0,4.0,3,2.0,1.0,False,False,False,False,False,False,True,0
1.0,5.0,36.0,4.0,3,3.0,2.0,True,False,False,False,False,False,True,0
53.0,1.0,36.0,3.0,1,1.0,2.0,True,True,False,False,False,False,False,0
55.0,1.0,40.0,1.0,2,1.0,2.0,False,False,False,False,False,False,False,0
74.0,3.0,36.0,3.0,1,1.0,2.0,True,False,False,True,False,False,False,0
34.0,2.0,0.0,1.0,2,1.0,2.0,True,False,False,False,False,True,False,0
3.0,5.0,36.0,4.0,3,2.0,1.0,False,False,False,False,False,False,True,0
6.0,5.0,36.0,4.0,3,1.0,1.0,True,False,False,False,False,False,False,0
78.0,4.0,36.0,3.0,1,1.0,2.0,True,False,True,False,False,False,False,0
45.0,5.0,51.0,1.0,3,1.0,2.0,True,False,False,False,True,False,False,0
80.0,4.0,36.0,3.0,1,1.0,2.0,True,False,False,False,True,False,False,0
20.0,5.0,36.0,3.0,5,1.0,1.0,True,False,False,False,True,False,False,0
23.0,5.0,40.0,1.0,5,1.0,2.0,False,False,False,False,True,False,False,0
46.0,2.0,30.0,1.0,1,1.0,2.0,False,False,False,True,False,False,False,0
46.0,2.0,40.0,1.0,2,1.0,2.0,True,False,False,True,False,False,False,0
20.0,5.0,36.0,2.0,3,1.0,2.0,False,False,False,True,False,False,False,0
16.0,5.0,36.0,3.0,3,1.0,1.0,False,False,True,False,False,False,False,0
17.0,5.0,36.0,3.0,3,1.0,1.0,False,False,True,False,False,False,False,0
14.0,5.0,36.0,3.0,3,1.0,1.0,False,False,True,False,False,False,False,0
4.0,5.0,36.0,4.0,3,2.0,1.0,True,False,False,False,False,False,True,0
48.0,5.0,24.0,1.0,1,1.0,2.0,True,False,False,False,False,True,False,0
37.0,1.0,40.0,1.0,1,1.0,2.0,True,False,False,False,True,False,False,0
12.0,5.0,36.0,3.0,3,1.0,1.0,True,False,False,False,False,False,False,0
35.0,5.0,48.0,1.0,9,1.0,2.0,True,False,False,False,False,True,False,0
42.0,1.0,50.0,1.0,2,1.0,2.0,False,False,False,False,True,False,False,0
49.0,5.0,30.0,1.0,1,1.0,2.0,True,False,False,False,False,True,False,0
23.0,5.0,44.0,1.0,3,1.0,2.0,True,False,False,True,False,False,False,0
13.0,5.0,36.0,3.0,3,1.0,1.0,True,False,True,False,False,False,False,0
48.0,1.0,36.0,3.0,2,1.0,2.0,False,True,False,False,False,False,False,0
41.0,1.0,66.0,1.0,1,1.0,2.0,True,False,False,False,False,True,False,0
50.0,5.0,36.0,3.0,1,1.0,2.0,True,True,False,False,False,False,False,0
29.0,5.0,36.0,2.0,3,1.0,2.0,True,False,False,True,False,False,False,0
26.0,5.0,16.0,1.0,3,1.0,2.0,True,False,False,True,False,False,False,0
27.0,5.0,20.0,1.0,3,1.0,2.0,True,False,False,True,False,False,False,0
10.0,5.0,36.0,3.0,3,1.0,1.0,True,False,False,False,False,False,False,0
8.0,5.0,36.0,4.0,3,1.0,1.0,True,False,False,False,False,False,False,0
21.0,5.0,48.0,1.0,3,1.0,2.0,False,False,False,True,False,False,False,0
20.0,5.0,36.0,2.0,3,1.0,2.0,False,False,False,True,False,False,False,0
10.0,5.0,36.0,3.0,3,1.0,1.0,False,False,False,False,False,False,False,0
25.0,5.0,45.0,1.0,9,1.0,2.0,False,False,True,False,False,False,False,0
40.0,1.0,40.0,1.0,1,1.0,2.0,False,False,True,False,False,False,False,0
30.0,1.0,36.0,3.0,2,1.0,2.0,True,False,True,False,False,False,False,0
1.0,5.0,36.0,4.0,3,3.0,2.0,False,False,False,False,False,False,True,0
9.0,5.0,36.0,4.0,3,1.0,1.0,False,False,False,False,False,False,False,0
58.0,3.0,36.0,3.0,1,1.0,2.0,True,False,True,False,False,False,False,0
26.0,5.0,48.0,1.0,3,1.0,2.0,False,False,False,True,False,False,False,0
19.0,5.0,36.0,3.0,3,1.0,2.0,False,False,False,True,False,False,False,0
48.0,3.0,48.0,1.0,1,1.0,2.0,True,False,False,True,False,False,False,0
12.0,5.0,36.0,3.0,3,1.0,1.0,True,False,True,False,False,False,False,0
18.0,5.0,36.0,3.0,3,1.0,1.0,True,False,False,False,True,False,False,0
53.0,5.0,84.0,1.0,1,1.0,2.0,False,False,False,False,False,True,False,0
87.0,2.0,36.0,3.0,1,1.0,2.0,False,True,False,False,False,False,False,0
49.0,2.0,45.0,1.0,1,1.0,2.0,False,False,False,False,False,True,False,0
47.0,2.0,36.0,3.0,2,1.0,2.0,True,False,False,False,False,True,False,0
23.0,5.0,42.0,1.0,3,1.0,2.0,True,False,False,False,True,False,False,0
21.0,5.0,0.0,1.0,3,1.0,1.0,False,False,False,False,True,False,False,0
19.0,5.0,45.0,1.0,3,1.0,1.0,False,False,False,False,True,False,False,0
39.0,1.0,60.0,1.0,1,1.0,2.0,False,False,False,True,False,False,False,0
10.0,5.0,36.0,3.0,3,1.0,1.0,False,False,False,False,False,False,False,0
20.0,5.0,49.0,1.0,3,1.0,2.0,False,False,False,True,False,False,False,0
32.0,1.0,48.0,1.0,2,1.0,2.0,True,True,False,False,False,False,False,0
13.0,5.0,36.0,3.0,3,1.0,1.0,True,False,True,False,False,False,False,0
33.0,5.0,30.0,1.0,1,1.0,2.0,True,False,False,False,False,True,False,0
44.0,5.0,70.0,1.0,8,1.0,2.0,False,False,False,False,False,True,False,0
49.0,1.0,36.0,3.0,1,1.0,2.0,True,False,False,False,False,False,False,0
39.0,1.0,32.0,1.0,2,1.0,2.0,False,True,False,False,False,False,False,0
22.0,5.0,36.0,2.0,3,1.0,2.0,False,False,True,False,False,False,False,0
21.0,5.0,36.0,3.0,3,1.0,1.0,True,False,False,False,True,False,False,0
19.0,5.0,36.0,2.0,3,1.0,2.0,True,False,True,False,False,False,False,0
15.0,5.0,36.0,3.0,3,1.0,1.0,False,False,True,False,False,False,False,0
10.0,5.0,36.0,3.0,5,1.0,1.0,False,False,False,False,False,False,False,0
36.0,1.0,40.0,1.0,1,1.0,2.0,False,False,False,False,False,True,False,0
26.0,1.0,9.0,1.0,2,1.0,2.0,True,False,False,False,False,True,False,0
31.0,2.0,18.0,1.0,1,1.0,2.0,False,False,True,False,False,False,False,0
31.0,2.0,36.0,3.0,2,1.0,2.0,True,False,True,False,False,False,False,0
4.0,5.0,36.0,4.0,3,2.0,1.0,False,False,False,False,False,False,True,0
75.0,4.0,36.0,3.0,1,1.0,2.0,True,False,False,False,False,True,False,0
63.0,2.0,30.0,1.0,1,1.0,2.0,False,False,False,True,False,False,False,0
59.0,2.0,36.0,3.0,2,1.0,2.0,True,True,False,False,False,False,False,0
22.0,5.0,24.0,1.0,3,1.0,2.0,False,False,False,True,False,False,False,0
15.0,5.0,36.0,3.0,5,1.0,1.0,True,False,True,False,False,False,False,0
88.0,1.0,36.0,3.0,1,1.0,2.0,False,False,False,True,False,False,False,0
73.0,1.0,36.0,3.0,2,1.0,2.0,True,False,False,False,False,False,False,0
45.0,5.0,40.0,1.0,3,1.0,1.0,False,False,False,False,True,False,False,0
18.0,5.0,36.0,3.0,5,1.0,1.0,False,False,True,False,False,False,False,0
17.0,5.0,36.0,3.0,5,1.0,1.0,False,False,True,False,False,False,False,0
40.0,3.0,32.0,1.0,3,1.0,2.0,True,False,False,True,False,False,False,0
44.0,2.0,45.0,1.0,1,1.0,2.0,False,False,False,True,False,False,False,0
95.0,4.0,36.0,3.0,1,2.0,2.0,True,False,False,False,False,False,False,0
70.0,5.0,36.0,3.0,3,1.0,2.0,True,False,True,False,False,False,False,0
30.0,5.0,10.0,1.0,5,1.0,2.0,True,False,False,False,False,True,False,0
25.0,5.0,36.0,2.0,5,1.0,1.0,False,False,False,False,True,False,False,0
71.0,3.0,45.0,1.0,1,1.0,2.0,False,False,True,False,False,False,False,0
56.0,1.0,54.0,1.0,1,1.0,2.0,False,False,False,True,False,False,False,0
51.0,1.0,36.0,3.0,2,1.0,2.0,True,False,True,False,False,False,False,0
12.0,5.0,36.0,3.0,3,1.0,1.0,False,False,True,False,False,False,False,0
47.0,1.0,36.0,1.0,2,1.0,2.0,False,False,False,False,False,True,False,0
13.0,5.0,36.0,3.0,3,1.0,1.0,True,False,True,False,False,False,False,0
73.0,2.0,36.0,3.0,1,1.0,2.0,False,True,False,False,False,False,False,0
65.0,2.0,36.0,3.0,2,1.0,2.0,True,False,False,True,False,False,False,0
11.0,5.0,36.0,3.0,5,1.0,1.0,False,False,True,False,False,False,False,0
55.0,2.0,36.0,1.0,2,1.0,2.0,True,False,False,False,False,True,False,0
23.0,5.0,40.0,1.0,3,1.0,1.0,True,False,False,False,True,False,False,0
60.0,2.0,36.0,3.0,1,1.0,2.0,True,False,True,False,False,False,False,0
70.0,2.0,36.0,3.0,2,1.0,2.0,False,True,False,False,False,False,False,0
48.0,2.0,36.0,1.0,3,1.0,2.0,True,False,False,True,False,False,False,0
65.0,2.0,18.0,1.0,1,1.0,2.0,False,False,False,False,False,True,False,0
7.0,5.0,36.0,4.0,3,1.0,1.0,False,False,False,False,False,False,False,0
34.0,5.0,36.0,4.0,3,3.0,2.0,False,False,False,False,False,False,True,0
73.0,2.0,36.0,3.0,1,1.0,2.0,True,True,False,False,False,False,False,0
35.0,2.0,60.0,1.0,1,1.0,2.0,False,False,True,False,False,False,False,0
34.0,2.0,25.0,1.0,2,1.0,2.0,True,False,False,False,False,True,False,0
14.0,5.0,36.0,3.0,3,1.0,1.0,True,False,True,False,False,False,False,0
51.0,3.0,44.0,1.0,1,1.0,2.0,True,False,False,True,False,False,False,0
21.0,5.0,34.0,1.0,3,1.0,1.0,True,False,False,False,True,False,False,0
12.0,5.0,36.0,3.0,3,1.0,1.0,False,False,False,False,False,False,False,0
70.0,4.0,36.0,3.0,1,1.0,2.0,False,False,False,True,False,False,False,0
47.0,2.0,24.0,1.0,1,1.0,2.0,False,False,False,True,False,False,False,0
60.0,3.0,25.0,1.0,1,1.0,2.0,True,False,True,False,False,False,False,0
39.0,2.0,40.0,1.0,1,1.0,2.0,False,False,False,True,False,False,False,0
38.0,2.0,0.0,1.0,2,1.0,2.0,True,False,False,False,False,True,False,0
3.0,5.0,36.0,4.0,3,2.0,1.0,False,False,False,False,False,False,True,0
16.0,5.0,36.0,3.0,3,1.0,1.0,False,False,True,False,False,False,False,0
11.0,5.0,36.0,3.0,3,1.0,1.0,True,False,False,False,False,False,False,0
18.0,5.0,36.0,3.0,3,1.0,1.0,True,False,False,False,True,False,False,0
50.0,3.0,48.0,1.0,8,1.0,2.0,False,True,False,False,False,False,False,0
70.0,3.0,36.0,3.0,9,1.0,2.0,False,True,False,False,False,False,False,0
26.0,5.0,40.0,1.0,9,1.0,2.0,False,False,True,False,False,False,False,0
55.0,2.0,36.0,1.0,1,1.0,2.0,False,False,False,False,False,True,False,0
67.0,1.0,36.0,3.0,1,1.0,2.0,False,False,True,False,False,False,False,0
62.0,1.0,36.0,3.0,2,1.0,2.0,True,False,False,True,False,False,False,0
37.0,5.0,0.0,1.0,3,1.0,2.0,False,False,False,True,False,False,False,0
36.0,5.0,36.0,3.0,3,2.0,1.0,True,False,False,False,False,False,False,0
53.0,5.0,36.0,3.0,9,2.0,2.0,False,False,False,False,False,False,False,0
34.0,5.0,40.0,1.0,1,1.0,2.0,False,False,True,False,False,False,False,0
18.0,5.0,36.0,3.0,3,1.0,2.0,False,False,False,True,False,False,False,0
55.0,2.0,44.0,1.0,1,1.0,2.0,False,False,False,True,False,False,False,0
52.0,2.0,36.0,3.0,2,1.0,2.0,True,False,False,True,False,False,False,0
26.0,5.0,24.0,1.0,3,1.0,2.0,True,False,False,True,False,False,False,0
22.0,5.0,36.0,3.0,3,2.0,1.0,False,False,False,False,False,False,False,0
11.0,5.0,36.0,3.0,3,1.0,1.0,True,False,False,False,False,False,False,0
32.0,1.0,21.0,1.0,1,1.0,2.0,True,False,True,False,False,False,False,0
32.0,1.0,40.0,1.0,2,1.0,2.0,False,False,True,False,False,False,False,0
11.0,5.0,36.0,3.0,3,1.0,1.0,False,False,False,False,False,False,False,0
7.0,5.0,36.0,4.0,3,1.0,1.0,True,False,False,False,False,False,False,0
50.0,2.0,24.0,1.0,6,1.0,2.0,True,True,False,False,False,False,False,0
60.0,2.0,44.0,1.0,6,1.0,2.0,False,True,False,False,False,False,False,0
36.0,2.0,0.0,1.0,2,1.0,2.0,True,False,False,True,False,False,False,0
11.0,5.0,36.0,3.0,3,1.0,1.0,True,False,False,False,False,False,False,0
9.0,5.0,36.0,4.0,3,1.0,1.0,False,False,False,False,False,False,False,0
66.0,2.0,12.0,1.0,1,1.0,2.0,True,False,False,False,False,True,False,0
78.0,2.0,66.0,1.0,2,1.0,2.0,False,False,True,False,False,False,False,0
68.0,2.0,60.0,1.0,1,1.0,2.0,False,False,False,False,False,False,False,0
44.0,5.0,48.0,1.0,4,1.0,2.0,True,False,False,True,False,False,False,0
55.0,2.0,72.0,1.0,2,1.0,2.0,True,True,False,False,False,False,False,0
17.0,5.0,84.0,1.0,10,1.0,2.0,False,False,True,False,False,False,False,0
80.0,2.0,36.0,3.0,2,1.0,2.0,False,True,False,False,False,False,False,0
38.0,1.0,16.0,1.0,3,1.0,2.0,True,False,False,True,False,False,False,0
38.0,1.0,32.0,1.0,4,1.0,2.0,False,False,False,True,False,False,False,0
43.0,3.0,32.0,1.0,3,1.0,2.0,False,False,False,True,False,False,False,0
65.0,4.0,36.0,3.0,1,1.0,2.0,True,True,False,False,False,False,False,0
37.0,5.0,40.0,1.0,3,1.0,2.0,True,False,False,True,False,False,False,0
66.0,4.0,36.0,3.0,1,1.0,2.0,True,False,False,False,False,True,False,0
59.0,2.0,36.0,3.0,1,1.0,2.0,True,False,True,False,False,False,False,0
64.0,2.0,36.0,2.0,2,1.0,2.0,False,True,False,False,False,False,False,0
24.0,5.0,25.0,1.0,3,1.0,1.0,True,False,False,False,True,False,False,0
33.0,5.0,40.0,1.0,3,1.0,2.0,True,False,False,False,False,True,False,0
61.0,2.0,0.0,1.0,1,1.0,2.0,True,False,False,True,False,False,False,0
59.0,2.0,0.0,1.0,2,1.0,2.0,False,False,False,False,False,True,False,0
9.0,5.0,36.0,4.0,3,1.0,1.0,False,False,False,False,False,False,False,0
33.0,2.0,36.0,3.0,1,1.0,2.0,True,False,False,True,False,False,False,0
32.0,2.0,63.0,1.0,2,1.0,2.0,False,True,False,False,False,False,False,0
13.0,5.0,36.0,3.0,3,1.0,1.0,False,False,True,False,False,False,False,0
12.0,5.0,36.0,3.0,3,1.0,1.0,False,False,True,False,False,False,False,0
48.0,3.0,50.0,1.0,1,1.0,2.0,False,False,False,False,True,False,False,0
26.0,5.0,40.0,1.0,3,1.0,2.0,False,False,False,True,False,False,False,0
27.0,5.0,36.0,3.0,3,1.0,2.0,True,False,False,True,False,False,False,0
34.0,5.0,36.0,4.0,5,3.0,2.0,True,False,False,False,False,False,True,0
84.0,3.0,36.0,3.0,1,2.0,3.0,True,False,False,False,False,False,True,0
60.0,5.0,30.0,1.0,3,1.0,2.0,True,True,False,False,False,False,False,0
13.0,5.0,36.0,3.0,5,1.0,1.0,False,False,True,False,False,False,False,0
63.0,5.0,4.0,1.0,3,1.0,2.0,False,True,False,False,False,False,False,0
45.0,2.0,0.0,1.0,2,1.0,2.0,True,False,False,True,False,False,False,0
21.0,5.0,15.0,1.0,3,1.0,2.0,False,False,False,True,False,False,False,0
15.0,5.0,36.0,3.0,3,1.0,1.0,False,False,True,False,False,False,False,0
60.0,5.0,36.0,3.0,1,1.0,2.0,True,False,True,False,False,False,False,0
40.0,5.0,40.0,1.0,3,1.0,2.0,False,False,False,True,False,False,False,0
28.0,5.0,40.0,1.0,3,1.0,2.0,False,False,False,True,False,False,False,0
27.0,5.0,40.0,1.0,3,1.0,2.0,True,False,False,False,False,True,False,0
46.0,2.0,30.0,1.0,2,1.0,2.0,True,False,True,False,False,False,False,0
27.0,1.0,36.0,3.0,3,1.0,2.0,True,False,False,True,False,False,False,0
21.0,5.0,36.0,3.0,3,1.0,2.0,False,False,False,True,False,False,False,0
19.0,5.0,30.0,1.0,3,1.0,2.0,False,False,True,False,False,False,False,0
30.0,1.0,48.0,1.0,4,1.0,2.0,False,False,True,False,False,False,False,0
10.0,5.0,36.0,3.0,5,1.0,1.0,True,False,False,False,False,False,False,0
48.0,2.0,36.0,3.0,1,1.0,2.0,False,True,False,False,False,False,False,0
61.0,2.0,36.0,3.0,2,1.0,2.0,True,False,False,True,False,False,False,0
17.0,5.0,36.0,3.0,3,1.0,1.0,False,False,True,False,False,False,False,0
68.0,2.0,36.0,3.0,1,1.0,2.0,False,False,False,False,True,False,False,0
69.0,2.0,44.0,1.0,1,1.0,2.0,False,False,False,True,False,False,False,0
68.0,2.0,36.0,3.0,2,1.0,2.0,True,False,False,True,False,False,False,0
51.0,2.0,0.0,1.0,2,1.0,2.0,True,False,False,False,False,True,False,0
20.0,5.0,15.0,1.0,3,1.0,1.0,True,False,False,False,True,False,False,0
38.0,1.0,40.0,1.0,1,1.0,2.0,False,False,True,False,False,False,False,0
33.0,1.0,18.0,1.0,2,1.0,2.0,True,False,False,True,False,False,False,0
71.0,4.0,36.0,3.0,1,1.0,2.0,True,True,False,False,False,False,False,0
33.0,2.0,72.0,1.0,1,1.0,2.0,False,False,True,False,False,False,False,0
33.0,2.0,36.0,3.0,2,1.0,2.0,True,False,False,True,False,False,False,0
26.0,5.0,40.0,1.0,3,1.0,1.0,False,False,False,False,True,False,False,0
83.0,3.0,36.0,3.0,1,1.0,2.0,True,False,False,False,False,False,False,0
56.0,4.0,40.0,1.0,3,1.0,2.0,True,False,False,False,False,True,False,0
12.0,5.0,36.0,3.0,5,1.0,1.0,False,False,True,False,False,False,False,0
66.0,1.0,36.0,3.0,1,1.0,2.0,True,True,False,False,False,False,False,0
80.0,1.0,36.0,3.0,2,1.0,2.0,False,True,False,False,False,False,False,0
26.0,5.0,56.0,1.0,3,1.0,2.0,True,True,False,False,False,False,False,0
7.0,5.0,36.0,4.0,5,1.0,1.0,True,False,False,False,False,False,False,0
4.0,5.0,36.0,4.0,5,1.0,1.0,True,False,False,False,False,False,True,0
26.0,1.0,30.0,1.0,4,1.0,2.0,False,False,False,True,False,False,False,0
24.0,1.0,36.0,2.0,3,1.0,2.0,True,False,False,True,False,False,False,0
67.0,2.0,70.0,1.0,1,1.0,2.0,False,False,False,True,False,False,False,0
26.0,5.0,48.0,1.0,3,1.0,2.0,False,False,True,False,False,False,False,0
25.0,1.0,36.0,3.0,3,1.0,2.0,True,False,True,False,False,False,False,0
28.0,1.0,20.0,1.0,4,1.0,2.0,False,True,False,False,False,False,False,0
57.0,2.0,54.0,1.0,1,1.0,2.0,False,False,True,False,False,False,False,0
56.0,2.0,30.0,1.0,2,1.0,2.0,True,True,False,False,False,False,False,0
36.0,5.0,40.0,1.0,3,1.0,2.0,True,False,True,False,False,False,False,0
31.0,5.0,48.0,1.0,3,1.0,2.0,False,False,True,False,False,False,False,0
4.0,5.0,36.0,4.0,5,2.0,1.0,True,False,False,False,False,False,True,0
44.0,5.0,24.0,1.0,1,1.0,2.0,True,False,False,True,False,False,False,0
61.0,2.0,0.0,1.0,1,1.0,2.0,False,False,False,False,True,False,False,0
54.0,2.0,36.0,3.0,2,1.0,2.0,True,False,False,False,False,True,False,0
19.0,5.0,54.0,1.0,3,1.0,1.0,False,False,False,False,True,False,False,0
40.0,2.0,54.0,1.0,1,1.0,2.0,False,False,False,False,False,False,False,0
33.0,1.0,45.0,1.0,1,1.0,2.0,False,True,False,False,False,False,False,0
35.0,1.0,42.0,1.0,2,1.0,2.0,True,False,True,False,False,False,False,0
1.0,5.0,36.0,4.0,3,3.0,2.0,False,False,False,False,False,False,True,0
63.0,2.0,40.0,1.0,1,1.0,2.0,False,False,False,True,False,False,False,0
61.0,2.0,36.0,3.0,2,1.0,2.0,False,False,False,True,False,False,False,0
39.0,5.0,40.0,1.0,1,1.0,2.0,True,False,False,False,True,False,False,0
34.0,5.0,17.0,1.0,1,1.0,2.0,False,False,False,False,False,False,False,0
47.0,5.0,48.0,1.0,1,1.0,2.0,True,False,True,False,False,False,False,0
19.0,5.0,36.0,3.0,5,1.0,1.0,False,False,False,False,True,False,False,0
54.0,3.0,60.0,1.0,1,1.0,2.0,False,False,False,True,False,False,False,0
27.0,5.0,15.0,1.0,3,1.0,2.0,False,False,True,False,False,False,False,0
66.0,4.0,36.0,3.0,1,1.0,2.0,True,True,False,False,False,False,False,0
41.0,5.0,40.0,1.0,3,1.0,2.0,False,False,True,False,False,False,False,0
29.0,5.0,40.0,1.0,1,1.0,2.0,False,False,True,False,False,False,False,0
27.0,1.0,60.0,1.0,1,1.0,2.0,False,False,False,True,False,False,False,0
36.0,1.0,40.0,1.0,2,1.0,2.0,True,False,False,True,False,False,False,0
10.0,5.0,36.0,3.0,3,1.0,1.0,False,False,False,False,False,False,False,0
68.0,3.0,12.0,1.0,1,1.0,2.0,True,False,False,True,False,False,False,0
57.0,3.0,55.0,1.0,1,1.0,2.0,False,False,False,True,False,False,False,0
74.0,4.0,36.0,3.0,1,1.0,2.0,True,True,False,False,False,False,False,0
40.0,5.0,48.0,1.0,3,1.0,2.0,False,False,False,True,False,False,False,0
61.0,5.0,45.0,1.0,1,1.0,2.0,False,False,True,False,False,False,False,0
5.0,5.0,36.0,4.0,5,2.0,1.0,False,False,False,False,False,False,True,0
1.0,5.0,36.0,4.0,5,3.0,2.0,True,False,False,False,False,False,True,0
56.0,2.0,48.0,1.0,1,1.0,2.0,False,True,False,False,False,False,False,0
66.0,2.0,30.0,1.0,2,1.0,2.0,True,True,False,False,False,False,False,0
25.0,5.0,36.0,3.0,1,1.0,1.0,False,False,False,False,True,False,False,0
20.0,5.0,36.0,3.0,8,1.0,1.0,False,False,False,False,True,False,False,0
61.0,5.0,20.0,1.0,1,1.0,2.0,True,False,False,True,False,False,False,0
30.0,5.0,36.0,2.0,3,1.0,2.0,False,False,False,False,False,True,False,0
31.0,5.0,44.0,1.0,3,1.0,2.0,False,False,False,True,False,False,False,0
39.0,5.0,48.0,1.0,1,1.0,2.0,True,False,False,False,True,False,False,0
11.0,5.0,36.0,3.0,3,1.0,1.0,False,False,False,False,False,False,False,0
9.0,5.0,36.0,4.0,3,1.0,1.0,False,False,False,False,False,False,False,0
3.0,5.0,36.0,4.0,3,2.0,1.0,True,False,False,False,False,False,True,0
46.0,2.0,50.0,1.0,1,1.0,2.0,False,False,False,False,False,True,False,0
43.0,2.0,36.0,2.0,2,1.0,2.0,True,False,False,False,False,True,False,0
14.0,5.0,36.0,3.0,3,1.0,1.0,False,False,True,False,False,False,False,0
11.0,5.0,36.0,3.0,3,1.0,1.0,False,False,False,False,False,False,False,0
68.0,1.0,8.0,1.0,1,1.0,2.0,True,False,False,False,False,True,False,0
63.0,1.0,35.0,1.0,2,1.0,2.0,False,False,False,False,True,False,False,0
8.0,5.0,36.0,4.0,5,1.0,1.0,False,False,False,False,False,False,False,0
7.0,5.0,36.0,4.0,5,1.0,1.0,True,False,False,False,False,False,False,0
30.0,5.0,36.0,2.0,3,1.0,2.0,True,True,False,False,False,False,False,0
6.0,5.0,36.0,4.0,5,2.0,1.0,True,False,False,False,False,False,False,0
61.0,5.0,36.0,3.0,6,1.0,2.0,True,False,False,False,False,False,False,0
34.0,1.0,84.0,1.0,1,1.0,2.0,False,False,False,True,False,False,False,0
33.0,1.0,36.0,3.0,2,1.0,2.0,True,False,False,True,False,False,False,0
7.0,5.0,36.0,4.0,3,1.0,1.0,False,False,False,False,False,False,False,0
9.0,5.0,36.0,4.0,3,1.0,1.0,True,False,False,False,False,False,False,0
69.0,5.0,36.0,3.0,1,1.0,2.0,True,False,False,True,False,False,False,0
35.0,5.0,16.0,1.0,3,1.0,2.0,True,False,True,False,False,False,False,0
15.0,5.0,36.0,3.0,5,1.0,1.0,True,False,True,False,False,False,False,0
46.0,1.0,8.0,1.0,1,1.0,2.0,True,True,False,False,False,False,False,0
45.0,1.0,48.0,1.0,2,1.0,2.0,False,False,False,True,False,False,False,0
27.0,5.0,30.0,1.0,3,1.0,2.0,False,False,False,False,False,False,False,0
22.0,5.0,36.0,3.0,3,2.0,2.0,False,False,False,False,False,False,False,0
20.0,5.0,36.0,1.0,3,1.0,2.0,False,False,False,False,False,False,False,0
10.0,5.0,36.0,3.0,3,1.0,1.0,True,False,False,False,False,False,False,0
43.0,2.0,0.0,1.0,1,1.0,2.0,False,False,False,False,False,True,False,0
43.0,2.0,40.0,1.0,2,1.0,2.0,True,False,False,False,False,True,False,0
5.0,5.0,36.0,4.0,3,2.0,1.0,True,False,False,False,False,False,True,0
2.0,5.0,36.0,4.0,3,2.0,3.0,True,False,False,False,False,False,True,0
49.0,3.0,40.0,1.0,1,1.0,2.0,True,False,False,True,False,False,False,0
14.0,5.0,36.0,3.0,3,1.0,1.0,True,False,True,False,False,False,False,0
43.0,2.0,16.0,1.0,2,1.0,2.0,True,False,False,False,False,False,False,0
19.0,5.0,36.0,3.0,3,1.0,2.0,True,False,False,True,False,False,False,0
15.0,5.0,36.0,3.0,3,1.0,1.0,True,False,True,False,False,False,False,0
40.0,2.0,0.0,1.0,1,1.0,2.0,False,False,False,False,True,False,False,0
35.0,5.0,40.0,1.0,2,1.0,2.0,True,False,False,False,False,True,False,0
68.0,3.0,36.0,3.0,1,1.0,2.0,True,False,False,True,False,False,False,0
46.0,3.0,32.0,1.0,3,1.0,2.0,False,False,False,False,False,True,False,0
35.0,5.0,44.0,1.0,3,1.0,2.0,False,False,False,True,False,False,False,0
32.0,5.0,36.0,3.0,3,1.0,2.0,True,False,False,False,False,True,False,0
65.0,2.0,36.0,3.0,1,1.0,2.0,True,False,False,True,False,False,False,0
71.0,2.0,10.0,1.0,2,1.0,2.0,False,False,False,False,False,False,False,0
20.0,5.0,36.0,3.0,1,1.0,2.0,False,False,False,True,False,False,False,0
46.0,2.0,36.0,3.0,2,1.0,2.0,True,True,False,False,False,False,False,0
25.0,5.0,40.0,1.0,3,1.0,2.0,False,False,False,True,False,False,False,0
18.0,5.0,36.0,3.0,3,1.0,2.0,False,False,False,True,False,False,False,0
17.0,5.0,36.0,3.0,3,1.0,2.0,False,False,True,False,False,False,False,0
45.0,1.0,60.0,1.0,1,1.0,2.0,False,False,False,True,False,False,False,0
41.0,1.0,40.0,1.0,2,1.0,2.0,True,False,False,True,False,False,False,0
1.0,5.0,36.0,4.0,3,3.0,2.0,True,False,False,False,False,False,True,0
47.0,2.0,48.0,1.0,1,1.0,2.0,False,False,False,True,False,False,False,0
18.0,5.0,36.0,3.0,3,1.0,2.0,True,False,False,True,False,False,False,0
12.0,5.0,36.0,3.0,3,1.0,1.0,False,False,True,False,False,False,False,0
9.0,5.0,36.0,4.0,3,1.0,1.0,True,False,False,False,False,False,False,0
4.0,5.0,36.0,4.0,3,2.0,1.0,False,False,False,False,False,False,True,0
7.0,5.0,36.0,4.0,3,1.0,1.0,False,False,False,False,False,False,False,0
40.0,1.0,32.0,1.0,1,1.0,2.0,True,False,True,False,False,False,False,0
79.0,2.0,36.0,3.0,1,1.0,2.0,True,False,True,False,False,False,False,0
83.0,2.0,36.0,3.0,2,1.0,2.0,False,False,True,False,False,False,False,0
40.0,5.0,30.0,1.0,3,1.0,2.0,False,False,False,False,False,False,False,0
35.0,2.0,60.0,1.0,1,1.0,2.0,False,False,False,True,False,False,False,0
35.0,2.0,40.0,1.0,2,1.0,2.0,True,False,False,True,False,False,False,0
44.0,2.0,30.0,1.0,1,1.0,2.0,True,False,False,True,False,False,False,0
40.0,2.0,56.0,1.0,2,1.0,2.0,False,False,False,False,False,True,False,0
21.0,5.0,36.0,3.0,3,1.0,1.0,False,False,False,False,True,False,False,0
19.0,5.0,40.0,1.0,3,1.0,2.0,False,False,False,True,False,False,False,0
25.0,5.0,11.0,1.0,3,1.0,2.0,True,False,False,False,False,True,False,0
51.0,1.0,72.0,1.0,1,1.0,2.0,False,True,False,False,False,False,False,0
49.0,1.0,36.0,1.0,2,1.0,2.0,True,False,True,False,False,False,False,0
60.0,2.0,48.0,1.0,1,1.0,2.0,False,False,False,False,True,False,False,0
62.0,2.0,20.0,1.0,2,1.0,2.0,True,False,False,False,False,True,False,0
29.0,5.0,9.0,1.0,3,1.0,2.0,False,False,False,True,False,False,False,0
33.0,3.0,36.0,2.0,1,1.0,2.0,False,False,False,True,False,False,False,0
70.0,4.0,6.0,1.0,1,1.0,2.0,True,False,True,False,False,False,False,0
35.0,5.0,24.0,1.0,3,1.0,2.0,False,False,False,False,True,False,False,0
48.0,5.0,44.0,1.0,3,1.0,2.0,True,False,False,False,False,True,False,0
48.0,3.0,36.0,1.0,1,1.0,2.0,False,False,True,False,False,False,False,0
21.0,5.0,40.0,1.0,3,1.0,2.0,False,False,True,False,False,False,False,0
2.0,5.0,36.0,4.0,3,2.0,3.0,True,False,False,False,False,False,True,0
6.0,5.0,36.0,4.0,3,2.0,1.0,True,False,False,False,False,False,False,0
23.0,1.0,40.0,1.0,1,1.0,2.0,True,False,False,True,False,False,False,0
4.0,5.0,36.0,4.0,3,2.0,1.0,True,False,False,False,False,False,True,0
7.0,5.0,36.0,4.0,3,1.0,1.0,False,False,False,False,False,False,False,0
32.0,5.0,40.0,1.0,1,1.0,2.0,False,False,False,False,False,True,False,0
32.0,5.0,40.0,1.0,10,1.0,2.0,True,False,False,False,False,True,False,0
41.0,2.0,44.0,1.0,1,1.0,2.0,False,False,False,False,False,True,False,0
41.0,2.0,36.0,3.0,2,1.0,2.0,True,False,False,False,False,True,False,0
72.0,2.0,36.0,3.0,1,1.0,2.0,True,True,False,False,False,False,False,0
79.0,2.0,36.0,3.0,1,1.0,2.0,False,False,False,False,False,True,False,0
79.0,2.0,36.0,3.0,2,1.0,2.0,True,False,False,True,False,False,False,0
48.0,4.0,50.0,1.0,1,1.0,2.0,True,False,False,False,False,True,False,0
19.0,5.0,36.0,3.0,3,1.0,1.0,False,False,False,False,True,False,False,0
14.0,5.0,36.0,3.0,3,1.0,1.0,False,False,True,False,False,False,False,0
54.0,3.0,15.0,1.0,1,1.0,2.0,True,False,False,False,False,True,False,0
41.0,2.0,0.0,1.0,2,1.0,2.0,True,False,False,False,False,True,False,0
12.0,5.0,36.0,3.0,3,1.0,1.0,False,False,False,False,False,False,False,0
7.0,5.0,36.0,4.0,3,1.0,1.0,True,False,False,False,False,False,False,0
52.0,1.0,24.0,1.0,1,1.0,2.0,False,False,False,False,False,True,False,0
44.0,1.0,24.0,1.0,2,1.0,2.0,True,False,False,True,False,False,False,0
11.0,5.0,36.0,3.0,3,1.0,1.0,True,False,False,False,False,False,False,0
7.0,5.0,36.0,4.0,3,1.0,1.0,True,False,False,False,False,False,False,0
42.0,2.0,44.0,1.0,1,1.0,2.0,False,False,False,True,False,False,False,0
45.0,2.0,0.0,1.0,2,1.0,2.0,True,False,False,False,False,True,False,0
21.0,5.0,36.0,3.0,3,1.0,1.0,False,False,False,False,True,False,False,0
33.0,1.0,30.0,1.0,1,1.0,2.0,True,False,False,False,False,True,False,0
36.0,1.0,40.0,1.0,2,1.0,2.0,False,False,False,True,False,False,False,0
34.0,5.0,36.0,4.0,3,3.0,2.0,False,False,False,False,False,False,True,0
8.0,5.0,36.0,4.0,3,1.0,1.0,False,False,False,False,False,False,False,0
55.0,3.0,30.0,1.0,1,1.0,2.0,False,False,False,False,True,False,False,0
51.0,2.0,45.0,1.0,1,1.0,2.0,False,False,True,False,False,False,False,0
17.0,5.0,36.0,3.0,5,1.0,1.0,True,False,True,False,False,False,False,0
35.0,5.0,48.0,1.0,3,1.0,2.0,False,True,False,False,False,False,False,0
25.0,5.0,42.0,1.0,3,1.0,2.0,False,True,False,False,False,False,False,0
63.0,2.0,36.0,3.0,1,1.0,2.0,True,False,False,False,False,True,False,0
58.0,2.0,40.0,1.0,1,1.0,2.0,False,False,False,False,False,True,False,0
20.0,5.0,36.0,3.0,3,1.0,1.0,True,False,False,False,True,False,False,0
14.0,5.0,36.0,3.0,3,1.0,1.0,False,False,False,False,False,False,False,0
56.0,2.0,30.0,1.0,2,1.0,2.0,True,False,False,False,False,True,False,0
23.0,5.0,36.0,2.0,3,1.0,1.0,False,False,False,False,True,False,False,0
31.0,5.0,24.0,1.0,1,1.0,2.0,False,False,False,False,False,True,False,0
43.0,5.0,36.0,3.0,6,1.0,2.0,False,False,False,True,False,False,False,0
2.0,5.0,36.0,4.0,3,2.0,3.0,False,False,False,False,False,False,True,0
33.0,5.0,36.0,3.0,8,1.0,1.0,False,False,False,False,False,False,False,0
38.0,1.0,40.0,1.0,2,1.0,2.0,False,False,False,True,False,False,False,0
62.0,2.0,0.0,1.0,1,1.0,2.0,True,False,False,True,False,False,False,0
62.0,2.0,36.0,3.0,2,1.0,2.0,False,True,False,False,False,False,False,0
11.0,5.0,36.0,3.0,3,1.0,1.0,True,False,False,False,False,False,False,0
34.0,5.0,36.0,4.0,3,3.0,2.0,False,False,False,False,False,False,True,0
37.0,5.0,40.0,1.0,1,1.0,2.0,False,False,False,True,False,False,False,0
44.0,1.0,40.0,1.0,1,1.0,2.0,False,False,False,True,False,False,False,0
28.0,1.0,36.0,3.0,2,1.0,2.0,True,True,False,False,False,False,False,0
75.0,2.0,36.0,3.0,1,1.0,2.0,False,False,False,True,False,False,False,0
70.0,2.0,36.0,3.0,2,1.0,2.0,True,False,False,True,False,False,False,0
62.0,2.0,36.0,3.0,1,1.0,2.0,False,True,False,False,False,False,False,0
61.0,2.0,36.0,3.0,2,1.0,2.0,True,True,False,False,False,False,False,0
28.0,5.0,40.0,1.0,3,1.0,2.0,True,False,False,True,False,False,False,0
2.0,5.0,36.0,4.0,5,1.0,1.0,False,False,False,False,False,False,True,0
17.0,5.0,36.0,3.0,3,1.0,2.0,False,False,False,True,False,False,False,0
17.0,5.0,36.0,3.0,3,1.0,2.0,False,False,False,True,False,False,False,0
12.0,5.0,36.0,3.0,3,1.0,1.0,False,False,True,False,False,False,False,0
12.0,5.0,36.0,3.0,3,1.0,1.0,False,False,True,False,False,False,False,0
35.0,5.0,40.0,1.0,3,1.0,2.0,True,False,False,False,True,False,False,0
18.0,5.0,36.0,3.0,3,1.0,2.0,False,False,False,True,False,False,False,0
17.0,5.0,36.0,3.0,3,1.0,1.0,False,False,False,False,True,False,False,0
58.0,3.0,36.0,3.0,1,1.0,2.0,True,False,True,False,False,False,False,0
34.0,2.0,36.0,1.0,3,1.0,2.0,False,False,False,True,False,False,False,0
32.0,2.0,36.0,3.0,4,1.0,2.0,True,False,False,True,False,False,False,0
13.0,5.0,36.0,3.0,5,1.0,1.0,True,False,True,False,False,False,False,0
12.0,5.0,36.0,3.0,5,1.0,1.0,True,False,False,False,False,False,False,0
10.0,5.0,36.0,3.0,5,1.0,1.0,True,False,False,False,False,False,False,0
56.0,5.0,20.0,1.0,1,1.0,2.0,True,False,True,False,False,False,False,0
64.0,5.0,49.0,1.0,1,1.0,2.0,True,False,False,False,False,True,False,0
13.0,5.0,36.0,3.0,3,1.0,1.0,False,False,True,False,False,False,False,0
9.0,5.0,36.0,4.0,3,1.0,1.0,False,False,False,False,False,False,False,0
8.0,5.0,36.0,4.0,3,1.0,1.0,False,False,False,False,False,False,False,0
72.0,2.0,36.0,3.0,1,1.0,2.0,False,False,False,False,False,True,False,0
68.0,2.0,36.0,3.0,2,1.0,2.0,True,True,False,False,False,False,False,0
28.0,1.0,40.0,1.0,2,1.0,2.0,False,False,False,True,False,False,False,0
43.0,2.0,48.0,1.0,1,1.0,2.0,False,False,False,False,False,True,False,0
43.0,2.0,26.0,1.0,2,1.0,2.0,True,False,False,False,True,False,False,0
29.0,5.0,16.0,1.0,3,1.0,2.0,True,False,False,True,False,False,False,0
11.0,5.0,36.0,3.0,3,1.0,1.0,True,False,False,False,False,False,False,0
6.0,5.0,36.0,4.0,5,2.0,1.0,True,False,False,False,False,False,True,0
68.0,2.0,36.0,3.0,2,1.0,2.0,False,False,False,True,False,False,False,0
72.0,4.0,36.0,3.0,1,1.0,2.0,True,False,False,True,False,False,False,0
38.0,5.0,30.0,1.0,3,1.0,2.0,False,False,False,False,False,True,False,0
28.0,5.0,36.0,3.0,3,1.0,1.0,False,False,False,False,True,False,False,0
59.0,2.0,84.0,1.0,1,1.0,2.0,False,False,False,False,True,False,False,0
59.0,2.0,36.0,3.0,2,1.0,2.0,True,False,False,False,False,True,False,0
23.0,5.0,22.0,1.0,3,1.0,2.0,False,False,False,True,False,False,False,0
43.0,1.0,30.0,1.0,1,1.0,2.0,True,False,False,True,False,False,False,0
42.0,1.0,44.0,1.0,2,1.0,2.0,False,False,False,True,False,False,False,0
20.0,5.0,36.0,3.0,3,1.0,2.0,False,False,False,False,False,False,False,0
16.0,5.0,36.0,3.0,3,1.0,1.0,True,False,True,False,False,False,False,0
42.0,5.0,6.0,1.0,1,1.0,2.0,True,False,False,True,False,False,False,0
70.0,1.0,36.0,3.0,6,1.0,2.0,True,True,False,False,False,False,False,0
71.0,1.0,36.0,3.0,6,1.0,2.0,False,True,False,False,False,False,False,0
15.0,5.0,36.0,3.0,3,1.0,1.0,True,False,True,False,False,False,False,0
5.0,5.0,36.0,4.0,3,1.0,1.0,True,False,False,False,False,False,False,0
51.0,5.0,40.0,1.0,1,1.0,2.0,False,False,False,True,False,False,False,0
32.0,1.0,36.0,3.0,1,1.0,2.0,True,False,False,True,False,False,False,0
39.0,1.0,44.0,1.0,2,1.0,2.0,False,False,True,False,False,False,False,0
14.0,5.0,36.0,3.0,3,1.0,1.0,True,False,True,False,False,False,False,0
9.0,5.0,36.0,4.0,3,1.0,1.0,True,False,False,False,False,False,False,0
45.0,1.0,40.0,1.0,1,1.0,2.0,False,False,False,True,False,False,False,0
43.0,1.0,10.0,1.0,2,1.0,2.0,True,True,False,False,False,False,False,0
12.0,5.0,36.0,3.0,3,1.0,1.0,False,False,False,False,False,False,False,0
45.0,2.0,48.0,1.0,2,1.0,2.0,True,False,False,True,False,False,False,0
20.0,5.0,21.0,1.0,3,1.0,1.0,False,False,False,False,True,False,False,0
17.0,5.0,36.0,3.0,3,1.0,1.0,True,False,True,False,False,False,False,0
76.0,4.0,36.0,3.0,1,1.0,2.0,False,True,False,False,False,False,False,0
49.0,3.0,72.0,1.0,3,1.0,2.0,True,False,True,False,False,False,False,0
63.0,3.0,44.0,1.0,1,1.0,2.0,True,False,False,True,False,False,False,0
41.0,5.0,36.0,3.0,3,1.0,2.0,False,False,False,True,False,False,False,0
94.0,4.0,36.0,3.0,1,1.0,2.0,True,False,False,False,False,True,False,0
43.0,1.0,35.0,1.0,1,1.0,2.0,True,True,False,False,False,False,False,0
56.0,1.0,36.0,3.0,2,1.0,2.0,False,True,False,False,False,False,False,0
42.0,3.0,23.0,1.0,1,1.0,2.0,True,False,False,False,False,True,False,0
59.0,3.0,30.0,1.0,6,1.0,2.0,True,False,False,True,False,False,False,0
33.0,5.0,36.0,3.0,8,1.0,1.0,False,False,False,False,True,False,False,0
51.0,2.0,35.0,1.0,1,1.0,2.0,True,False,False,False,False,True,False,0
54.0,2.0,35.0,1.0,2,1.0,2.0,False,False,False,False,False,True,False,0
26.0,5.0,36.0,3.0,3,1.0,1.0,True,False,False,False,True,False,False,0
93.0,4.0,36.0,3.0,1,1.0,2.0,True,True,False,False,False,False,False,0
58.0,2.0,40.0,1.0,1,1.0,2.0,False,True,False,False,False,False,False,0
48.0,2.0,40.0,1.0,2,1.0,2.0,True,False,False,False,False,True,False,0
27.0,5.0,48.0,1.0,3,1.0,2.0,False,False,False,True,False,False,False,0
26.0,5.0,20.0,1.0,3,1.0,1.0,True,False,False,False,True,False,False,0
25.0,5.0,48.0,1.0,3,1.0,2.0,False,False,False,True,False,False,False,0
22.0,5.0,24.0,1.0,3,1.0,1.0,False,False,False,False,True,False,False,0
20.0,5.0,36.0,3.0,3,1.0,1.0,False,False,False,False,True,False,False,0
19.0,5.0,36.0,3.0,3,1.0,1.0,True,False,False,False,True,False,False,0
51.0,5.0,40.0,1.0,1,1.0,2.0,False,False,False,True,False,False,False,0
45.0,1.0,36.0,3.0,1,1.0,2.0,True,False,False,True,False,False,False,0
49.0,1.0,54.0,1.0,2,1.0,2.0,False,True,False,False,False,False,False,0
25.0,5.0,24.0,1.0,3,1.0,2.0,False,False,False,False,False,True,False,0
50.0,1.0,36.0,3.0,1,1.0,2.0,True,True,False,False,False,False,False,0
65.0,1.0,40.0,1.0,2,1.0,2.0,False,True,False,False,False,False,False,0
54.0,4.0,36.0,3.0,1,1.0,2.0,True,True,False,False,False,False,False,0
32.0,1.0,12.0,1.0,3,1.0,2.0,True,False,True,False,False,False,False,0
36.0,1.0,36.0,1.0,4,1.0,2.0,False,False,True,False,False,False,False,0
46.0,1.0,36.0,3.0,1,1.0,2.0,True,False,False,True,False,False,False,0
29.0,1.0,44.0,1.0,2,1.0,2.0,False,True,False,False,False,False,False,0
16.0,5.0,36.0,3.0,3,1.0,1.0,True,False,True,False,False,False,False,0
21.0,1.0,44.0,1.0,3,1.0,1.0,False,False,False,False,True,False,False,0
27.0,1.0,36.0,3.0,4,1.0,1.0,True,False,False,False,True,False,False,0
58.0,2.0,36.0,3.0,1,1.0,2.0,False,False,True,False,False,False,False,0
58.0,2.0,36.0,3.0,2,1.0,2.0,True,False,False,True,False,False,False,0
25.0,3.0,36.0,3.0,3,1.0,2.0,False,False,False,True,False,False,False,0
22.0,1.0,36.0,3.0,1,1.0,2.0,True,False,True,False,False,False,False,0
23.0,1.0,56.0,1.0,2,1.0,2.0,False,False,True,False,False,False,False,0
2.0,5.0,36.0,4.0,3,2.0,3.0,False,False,False,False,False,False,True,0
42.0,3.0,40.0,1.0,6,1.0,2.0,False,False,False,True,False,False,False,0
12.0,5.0,36.0,3.0,3,1.0,1.0,True,False,False,False,False,False,False,0
39.0,5.0,18.0,1.0,1,1.0,1.0,True,False,False,False,True,False,False,0
16.0,5.0,36.0,3.0,3,1.0,1.0,False,False,True,False,False,False,False,0
11.0,5.0,36.0,3.0,3,1.0,1.0,False,False,False,False,False,False,False,0
52.0,2.0,30.0,1.0,1,1.0,2.0,False,False,False,True,False,False,False,0
49.0,2.0,30.0,1.0,2,1.0,2.0,True,True,False,False,False,False,False,0
17.0,5.0,36.0,3.0,3,1.0,1.0,False,False,True,False,False,False,False,0
50.0,2.0,44.0,1.0,1,1.0,2.0,False,True,False,False,False,False,False,0
52.0,2.0,25.0,1.0,2,1.0,2.0,True,False,False,True,False,False,False,0
25.0,5.0,36.0,3.0,3,1.0,2.0,False,False,False,True,False,False,False,0
33.0,5.0,48.0,1.0,1,1.0,2.0,False,False,False,True,False,False,False,0
24.0,5.0,48.0,1.0,8,1.0,2.0,True,False,False,True,False,False,False,0
68.0,3.0,36.0,3.0,1,1.0,2.0,True,True,False,False,False,False,False,0
42.0,5.0,16.0,1.0,3,1.0,2.0,False,False,True,False,False,False,False,0
40.0,5.0,16.0,1.0,3,1.0,2.0,True,False,False,True,False,False,False,0
55.0,3.0,36.0,3.0,1,1.0,2.0,True,True,False,False,False,False,False,0
35.0,5.0,36.0,3.0,3,1.0,2.0,True,False,False,True,False,False,False,0
33.0,5.0,36.0,3.0,3,1.0,2.0,True,False,False,False,True,False,False,0
15.0,5.0,36.0,3.0,3,1.0,2.0,False,False,True,False,False,False,False,0
20.0,5.0,24.0,1.0,3,1.0,2.0,False,False,True,False,False,False,False,0
13.0,5.0,36.0,3.0,5,1.0,2.0,True,True,False,False,False,False,False,0
13.0,5.0,36.0,3.0,5,1.0,2.0,False,False,False,False,False,False,False,0
58.0,1.0,36.0,3.0,2,1.0,2.0,True,False,False,True,False,False,False,0
39.0,1.0,72.0,1.0,1,1.0,2.0,False,False,False,False,False,False,False,0
12.0,5.0,36.0,3.0,3,1.0,1.0,False,False,True,False,False,False,False,0
1.0,5.0,36.0,4.0,3,3.0,2.0,True,False,False,False,False,False,True,0
39.0,3.0,35.0,1.0,1,1.0,2.0,True,False,True,False,False,False,False,0
20.0,5.0,36.0,3.0,3,1.0,1.0,True,False,False,False,True,False,False,0
18.0,5.0,30.0,1.0,3,1.0,2.0,False,False,False,True,False,False,False,0
14.0,5.0,36.0,3.0,3,1.0,1.0,False,False,True,False,False,False,False,0
25.0,5.0,54.0,1.0,3,1.0,2.0,False,False,False,False,True,False,False,0
23.0,5.0,10.0,1.0,3,1.0,2.0,False,False,False,False,True,False,False,0
54.0,2.0,40.0,1.0,1,1.0,2.0,False,False,False,False,True,False,False,0
53.0,2.0,30.0,1.0,2,1.0,2.0,True,False,False,True,False,False,False,0
28.0,5.0,12.0,1.0,3,1.0,2.0,False,False,False,True,False,False,False,0
33.0,3.0,36.0,3.0,1,1.0,2.0,True,False,True,False,False,False,False,0
52.0,5.0,40.0,1.0,6,1.0,2.0,True,False,False,True,False,False,False,0
15.0,5.0,36.0,3.0,3,1.0,1.0,False,False,True,False,False,False,False,0
49.0,1.0,12.0,1.0,1,1.0,2.0,True,False,False,False,False,True,False,0
62.0,1.0,21.0,1.0,2,1.0,2.0,False,False,False,False,False,True,False,0
84.0,4.0,36.0,3.0,1,1.0,2.0,True,True,False,False,False,False,False,0
1.0,5.0,36.0,4.0,5,3.0,2.0,True,False,False,False,False,False,True,0
27.0,5.0,48.0,1.0,3,1.0,2.0,False,False,True,False,False,False,False,0
65.0,5.0,36.0,3.0,1,1.0,2.0,False,False,True,False,False,False,False,0
40.0,2.0,5.0,1.0,1,1.0,2.0,True,True,False,False,False,False,False,0
40.0,2.0,40.0,1.0,2,1.0,2.0,False,True,False,False,False,False,False,0
8.0,5.0,36.0,4.0,3,1.0,1.0,False,False,False,False,False,False,False,0
50.0,2.0,48.0,1.0,1,1.0,2.0,True,False,False,False,False,True,False,0
70.0,2.0,36.0,3.0,6,1.0,2.0,True,False,False,True,False,False,False,0
70.0,2.0,36.0,3.0,6,1.0,2.0,False,False,False,False,False,True,False,0
45.0,2.0,60.0,1.0,2,1.0,2.0,False,False,False,False,False,True,False,0
68.0,5.0,36.0,3.0,1,1.0,2.0,True,False,False,False,False,False,False,0
29.0,5.0,36.0,2.0,3,1.0,2.0,False,True,False,False,False,False,False,0
25.0,5.0,48.0,1.0,3,1.0,2.0,False,False,False,True,False,False,False,0
42.0,1.0,4.0,1.0,1,1.0,2.0,True,False,False,True,False,False,False,0
44.0,1.0,48.0,1.0,2,1.0,2.0,False,False,True,False,False,False,False,0
16.0,5.0,36.0,3.0,3,1.0,1.0,True,False,True,False,False,False,False,0
7.0,5.0,36.0,4.0,3,1.0,1.0,True,False,False,False,False,False,False,0
4.0,5.0,36.0,4.0,3,2.0,1.0,True,False,False,False,False,False,True,0
49.0,1.0,0.0,1.0,1,1.0,2.0,True,False,False,True,False,False,False,0
56.0,1.0,36.0,1.0,2,1.0,2.0,False,True,False,False,False,False,False,0
20.0,5.0,36.0,2.0,3,1.0,2.0,False,False,False,True,False,False,False,0
11.0,5.0,36.0,3.0,5,1.0,1.0,False,False,False,False,False,False,False,0
46.0,1.0,18.0,1.0,1,1.0,2.0,False,False,False,False,False,True,False,0
30.0,1.0,60.0,1.0,2,1.0,2.0,True,False,False,True,False,False,False,0
18.0,5.0,36.0,3.0,3,1.0,1.0,False,False,True,False,False,False,False,0
2.0,5.0,36.0,4.0,3,2.0,3.0,False,False,False,False,False,False,True,0
49.0,5.0,50.0,1.0,2,1.0,2.0,False,False,False,False,False,True,False,0
45.0,5.0,50.0,1.0,1,1.0,2.0,True,False,False,False,False,True,False,0
15.0,5.0,36.0,3.0,3,1.0,1.0,True,False,True,False,False,False,False,0
32.0,5.0,16.0,1.0,1,1.0,2.0,True,True,False,False,False,False,False,0
6.0,5.0,36.0,4.0,9,1.0,1.0,True,False,False,False,False,False,False,0
71.0,4.0,36.0,3.0,1,1.0,2.0,True,False,False,True,False,False,False,0
56.0,3.0,36.0,2.0,3,1.0,2.0,True,False,False,True,False,False,False,0
26.0,3.0,63.0,1.0,5,1.0,2.0,True,False,True,False,False,False,False,0
23.0,3.0,36.0,3.0,5,1.0,2.0,True,False,False,True,False,False,False,0
17.0,5.0,36.0,3.0,5,1.0,1.0,False,False,True,False,False,False,False,0
11.0,5.0,36.0,3.0,9,1.0,1.0,False,False,False,False,False,False,False,0
5.0,5.0,36.0,4.0,9,2.0,1.0,True,False,False,False,False,False,False,0
62.0,2.0,36.0,3.0,1,1.0,2.0,True,False,False,False,False,True,False,0
34.0,5.0,36.0,4.0,3,3.0,2.0,True,False,False,False,False,False,True,0
44.0,2.0,18.0,1.0,1,1.0,2.0,True,False,False,False,False,True,False,0
47.0,2.0,40.0,1.0,2,1.0,2.0,False,False,False,False,False,True,False,0
15.0,5.0,36.0,3.0,3,1.0,1.0,False,False,True,False,False,False,False,0
7.0,5.0,36.0,4.0,3,1.0,1.0,False,False,False,False,False,False,False,0
61.0,2.0,60.0,1.0,1,1.0,2.0,False,False,False,True,False,False,False,0
61.0,2.0,30.0,1.0,2,1.0,2.0,True,False,False,False,True,False,False,0
19.0,5.0,32.0,1.0,3,1.0,1.0,False,False,False,False,True,False,False,0
71.0,3.0,36.0,3.0,1,1.0,2.0,True,False,False,False,False,True,False,0
61.0,2.0,60.0,1.0,2,1.0,2.0,False,False,False,True,False,False,False,0
62.0,2.0,36.0,3.0,1,1.0,2.0,True,False,False,True,False,False,False,0
61.0,4.0,36.0,3.0,1,1.0,2.0,True,False,True,False,False,False,False,0
34.0,5.0,18.0,1.0,3,1.0,2.0,False,False,False,False,False,True,False,0
28.0,5.0,18.0,1.0,3,1.0,2.0,True,False,False,False,False,True,False,0
50.0,2.0,42.0,1.0,1,1.0,2.0,False,False,False,False,True,False,False,0
48.0,2.0,36.0,3.0,2,1.0,2.0,True,False,False,False,False,True,False,0
19.0,5.0,36.0,3.0,3,1.0,1.0,False,False,False,False,True,False,False,0
16.0,5.0,36.0,3.0,3,1.0,1.0,False,False,True,False,False,False,False,0
14.0,5.0,36.0,3.0,3,1.0,1.0,False,False,True,False,False,False,False,0
26.0,5.0,48.0,1.0,3,1.0,2.0,True,False,False,True,False,False,False,0
9.0,5.0,36.0,4.0,5,1.0,1.0,True,False,False,False,False,False,False,0
60.0,3.0,14.0,1.0,1,1.0,1.0,True,False,True,False,False,False,False,0
43.0,5.0,6.0,1.0,3,1.0,2.0,True,False,False,False,True,False,False,0
26.0,5.0,35.0,1.0,3,1.0,2.0,True,False,False,False,True,False,False,0
23.0,5.0,42.0,1.0,3,1.0,2.0,False,False,False,False,True,False,False,0
49.0,2.0,36.0,1.0,1,1.0,2.0,False,False,False,True,False,False,False,0
49.0,2.0,20.0,1.0,2,1.0,2.0,True,False,False,True,False,False,False,0
27.0,5.0,40.0,1.0,3,1.0,2.0,False,False,False,True,False,False,False,0
23.0,5.0,56.0,1.0,3,1.0,2.0,True,False,False,True,False,False,False,0
56.0,2.0,60.0,1.0,2,1.0,2.0,False,False,False,False,False,True,False,0
22.0,5.0,20.0,1.0,3,1.0,2.0,True,False,False,False,False,True,False,0
54.0,2.0,36.0,3.0,1,1.0,2.0,True,False,False,False,False,True,False,0
74.0,3.0,36.0,3.0,1,1.0,2.0,True,True,False,False,False,False,False,0
39.0,3.0,24.0,1.0,3,1.0,2.0,True,False,False,True,False,False,False,0
3.0,5.0,36.0,4.0,5,2.0,3.0,False,False,False,False,False,False,True,0
52.0,3.0,36.0,3.0,1,1.0,2.0,False,False,False,False,True,False,False,0
24.0,5.0,40.0,1.0,3,1.0,1.0,True,False,False,False,True,False,False,0
18.0,5.0,36.0,3.0,3,1.0,1.0,True,False,False,False,True,False,False,0
16.0,5.0,36.0,3.0,3,1.0,1.0,False,False,True,False,False,False,False,0
67.0,2.0,40.0,1.0,1,1.0,2.0,False,False,False,False,True,False,False,0
63.0,2.0,0.0,1.0,2,1.0,2.0,True,False,False,False,False,True,False,0
23.0,5.0,36.0,3.0,3,1.0,1.0,True,False,False,False,True,False,False,0
63.0,2.0,48.0,1.0,2,1.0,2.0,False,False,True,False,False,False,False,0
45.0,1.0,50.0,1.0,1,1.0,2.0,False,False,False,True,False,False,False,0
35.0,1.0,30.0,1.0,2,1.0,2.0,True,False,False,True,False,False,False,0
34.0,5.0,4.0,1.0,1,1.0,2.0,True,False,False,False,True,False,False,0
62.0,2.0,36.0,3.0,1,1.0,2.0,True,False,False,False,True,False,False,0
29.0,5.0,36.0,3.0,3,1.0,1.0,True,False,False,False,True,False,False,0
6.0,5.0,36.0,4.0,5,2.0,1.0,False,False,False,False,False,False,False,0
33.0,1.0,60.0,1.0,1,1.0,2.0,False,False,False,True,False,False,False,0
31.0,1.0,0.0,1.0,2,1.0,2.0,True,False,False,False,False,True,False,0
4.0,5.0,36.0,4.0,3,2.0,1.0,False,False,False,False,False,False,True,0
11.0,5.0,36.0,3.0,3,1.0,1.0,True,False,False,False,False,False,False,0
75.0,3.0,36.0,3.0,1,1.0,2.0,True,False,False,False,True,False,False,0
34.0,5.0,48.0,1.0,3,1.0,2.0,True,False,False,False,False,True,False,0
50.0,2.0,36.0,3.0,2,1.0,2.0,True,False,False,False,False,True,False,0
14.0,5.0,36.0,3.0,3,1.0,1.0,False,False,True,False,False,False,False,0
48.0,2.0,30.0,1.0,1,1.0,2.0,False,False,False,False,True,False,False,0
54.0,2.0,0.0,1.0,2,1.0,2.0,True,False,False,False,True,False,False,0
50.0,2.0,30.0,1.0,1,1.0,2.0,False,False,False,True,False,False,False,0
78.0,2.0,48.0,1.0,1,1.0,2.0,False,True,False,False,False,False,False,0
69.0,2.0,48.0,1.0,2,1.0,2.0,True,False,False,True,False,False,False,0
50.0,2.0,48.0,1.0,1,1.0,2.0,False,False,False,False,False,True,False,0
15.0,5.0,36.0,3.0,5,1.0,1.0,True,False,True,False,False,False,False,0
13.0,5.0,36.0,3.0,5,1.0,1.0,True,False,True,False,False,False,False,0
14.0,5.0,36.0,3.0,5,1.0,1.0,True,False,True,False,False,False,False,0
5.0,5.0,36.0,4.0,5,2.0,1.0,True,False,False,False,False,False,False,0
75.0,4.0,36.0,3.0,1,1.0,2.0,True,True,False,False,False,False,False,0
44.0,5.0,36.0,2.0,3,1.0,2.0,True,False,True,False,False,False,False,0
37.0,3.0,40.0,1.0,3,1.0,2.0,True,False,False,True,False,False,False,0
42.0,5.0,44.0,1.0,3,1.0,2.0,False,False,False,True,False,False,False,0
42.0,5.0,45.0,1.0,1,1.0,2.0,False,False,False,False,True,False,False,0
38.0,1.0,36.0,3.0,1,1.0,2.0,True,True,False,False,False,False,False,0
38.0,1.0,40.0,1.0,2,1.0,2.0,False,False,False,True,False,False,False,0
16.0,5.0,36.0,3.0,3,1.0,1.0,False,False,True,False,False,False,False,0
10.0,5.0,36.0,3.0,3,1.0,1.0,False,False,False,False,False,False,False,0
50.0,2.0,0.0,1.0,1,1.0,2.0,True,False,False,False,False,True,False,0
87.0,4.0,36.0,3.0,1,1.0,2.0,True,False,False,True,False,False,False,0
41.0,2.0,14.0,1.0,1,1.0,2.0,True,False,True,False,False,False,False,0
42.0,2.0,20.0,1.0,2,1.0,2.0,False,True,False,False,False,False,False,0
12.0,5.0,36.0,3.0,3,2.0,1.0,False,False,False,False,False,False,False,0
8.0,5.0,36.0,4.0,3,1.0,1.0,False,False,False,False,False,False,False,0
44.0,5.0,0.0,1.0,1,1.0,2.0,True,False,False,False,False,True,False,0
52.0,5.0,0.0,1.0,2,1.0,2.0,False,False,False,False,False,True,False,0
36.0,5.0,45.0,1.0,1,1.0,2.0,False,False,False,True,False,False,False,0
86.0,4.0,36.0,3.0,1,1.0,2.0,False,False,False,False,False,True,False,0
55.0,4.0,35.0,1.0,4,1.0,2.0,False,False,False,False,False,True,False,0
26.0,5.0,48.0,1.0,1,1.0,2.0,False,False,True,False,False,False,False,0
57.0,5.0,56.0,1.0,8,1.0,2.0,False,False,False,False,False,False,False,0
55.0,2.0,40.0,1.0,1,1.0,2.0,True,False,False,True,False,False,False,0
54.0,2.0,60.0,1.0,2,1.0,2.0,False,True,False,False,False,False,False,0
33.0,5.0,40.0,1.0,3,1.0,2.0,False,False,False,True,False,False,False,0
36.0,2.0,45.0,1.0,1,1.0,2.0,False,False,True,False,False,False,False,0
38.0,2.0,45.0,1.0,2,1.0,2.0,True,False,False,True,False,False,False,0
15.0,5.0,36.0,3.0,3,1.0,1.0,True,False,True,False,False,False,False,0
10.0,5.0,36.0,3.0,3,1.0,1.0,True,False,False,False,False,False,False,0
59.0,2.0,36.0,3.0,1,1.0,2.0,False,False,True,False,False,False,False,0
56.0,2.0,36.0,3.0,2,1.0,2.0,True,False,False,False,False,True,False,0
44.0,5.0,48.0,1.0,1,1.0,2.0,False,False,True,False,False,False,False,0
13.0,5.0,36.0,3.0,3,1.0,1.0,False,False,True,False,False,False,False,0
44.0,3.0,43.0,1.0,3,1.0,2.0,True,False,False,True,False,False,False,0
9.0,5.0,36.0,4.0,5,1.0,1.0,True,False,False,False,False,False,False,0
77.0,2.0,36.0,3.0,1,1.0,2.0,False,False,False,False,False,True,False,0
71.0,2.0,36.0,3.0,2,1.0,2.0,True,False,False,True,False,False,False,0
30.0,5.0,36.0,2.0,3,1.0,2.0,False,False,False,False,False,True,False,0
77.0,4.0,36.0,3.0,1,1.0,2.0,False,False,True,False,False,False,False,0
48.0,2.0,15.0,1.0,2,1.0,2.0,True,False,True,False,False,False,False,0
20.0,5.0,48.0,1.0,3,1.0,2.0,True,False,False,True,False,False,False,0
31.0,5.0,48.0,1.0,3,1.0,2.0,True,False,False,True,False,False,False,0
53.0,5.0,15.0,1.0,1,1.0,2.0,True,False,True,False,False,False,False,0
28.0,5.0,36.0,3.0,3,1.0,1.0,True,False,True,False,False,False,False,0
5.0,5.0,36.0,4.0,5,1.0,1.0,False,False,False,False,False,False,False,0
1.0,5.0,36.0,4.0,5,3.0,2.0,False,False,False,False,False,False,True,0
10.0,5.0,36.0,3.0,5,1.0,1.0,False,False,False,False,False,False,False,0
42.0,5.0,20.0,1.0,3,1.0,2.0,True,False,False,False,False,True,False,0
69.0,2.0,36.0,3.0,2,1.0,2.0,True,True,False,False,False,False,False,0
18.0,5.0,36.0,3.0,5,1.0,1.0,True,False,False,False,True,False,False,0
75.0,2.0,36.0,3.0,1,1.0,2.0,False,True,False,False,False,False,False,0
14.0,5.0,36.0,3.0,3,1.0,1.0,False,False,True,False,False,False,False,0
46.0,5.0,35.0,1.0,1,1.0,2.0,True,False,True,False,False,False,False,0
22.0,5.0,36.0,2.0,3,1.0,2.0,False,False,True,False,False,False,False,0
60.0,2.0,40.0,1.0,1,1.0,2.0,False,False,False,False,False,True,False,0
53.0,2.0,40.0,1.0,2,1.0,2.0,True,False,False,False,False,True,False,0
20.0,5.0,36.0,2.0,3,1.0,1.0,True,False,False,False,True,False,False,0
24.0,5.0,36.0,2.0,3,1.0,1.0,True,False,False,False,True,False,False,0
51.0,1.0,30.0,1.0,1,1.0,2.0,False,False,False,False,False,True,False,0
25.0,5.0,35.0,1.0,3,1.0,2.0,True,False,False,True,False,False,False,0
88.0,2.0,36.0,3.0,1,1.0,2.0,False,False,False,True,False,False,False,0
88.0,2.0,36.0,3.0,2,1.0,2.0,True,False,False,True,False,False,False,0
93.0,4.0,36.0,3.0,1,1.0,2.0,True,True,False,False,False,False,False,0
59.0,2.0,44.0,1.0,1,1.0,2.0,False,False,False,False,True,False,False,0
58.0,2.0,84.0,1.0,2,1.0,2.0,True,False,False,False,True,False,False,0
54.0,2.0,0.0,1.0,2,1.0,2.0,False,False,False,False,False,True,False,0
19.0,5.0,36.0,2.0,3,1.0,1.0,True,False,False,False,True,False,False,0
17.0,5.0,36.0,3.0,3,1.0,1.0,False,False,True,False,False,False,False,0
15.0,5.0,36.0,3.0,3,1.0,1.0,False,False,True,False,False,False,False,0
70.0,4.0,36.0,3.0,1,1.0,2.0,True,True,False,False,False,False,False,0
37.0,2.0,72.0,1.0,3,1.0,2.0,True,False,False,True,False,False,False,0
17.0,5.0,36.0,3.0,5,1.0,1.0,True,False,True,False,False,False,False,0
40.0,2.0,60.0,1.0,4,1.0,2.0,False,False,True,False,False,False,False,0
36.0,2.0,30.0,1.0,1,1.0,2.0,False,False,False,True,False,False,False,0
33.0,2.0,36.0,1.0,2,1.0,2.0,True,False,False,True,False,False,False,0
4.0,5.0,36.0,4.0,3,2.0,1.0,True,False,False,False,False,False,True,0
34.0,5.0,36.0,4.0,3,3.0,2.0,True,False,False,False,False,False,True,0
56.0,2.0,36.0,2.0,1,1.0,2.0,False,True,False,False,False,False,False,0
52.0,2.0,36.0,3.0,2,1.0,2.0,True,True,False,False,False,False,False,0
51.0,3.0,36.0,3.0,1,1.0,2.0,True,True,False,False,False,False,False,0
65.0,3.0,45.0,1.0,10,1.0,2.0,False,False,False,False,True,False,False,0
33.0,1.0,37.0,1.0,1,1.0,2.0,True,False,False,True,False,False,False,0
38.0,1.0,56.0,1.0,2,1.0,2.0,False,False,False,True,False,False,False,0
40.0,3.0,20.0,1.0,1,1.0,2.0,True,False,False,False,True,False,False,0
86.0,4.0,36.0,3.0,6,1.0,2.0,True,False,False,True,False,False,False,0
18.0,5.0,30.0,1.0,3,1.0,2.0,False,False,True,False,False,False,False,0
80.0,1.0,36.0,3.0,1,2.0,3.0,True,False,False,False,False,False,True,0
65.0,1.0,36.0,3.0,2,2.0,3.0,False,False,False,False,False,False,True,0
8.0,5.0,36.0,4.0,3,1.0,1.0,False,False,False,False,False,False,False,0
23.0,5.0,0.0,1.0,1,1.0,1.0,False,False,False,False,True,False,False,0
69.0,3.0,36.0,3.0,1,1.0,2.0,True,True,False,False,False,False,False,0
35.0,1.0,12.0,1.0,1,1.0,2.0,True,False,True,False,False,False,False,0
35.0,1.0,40.0,1.0,2,1.0,2.0,False,True,False,False,False,False,False,0
15.0,5.0,36.0,3.0,3,1.0,1.0,False,False,True,False,False,False,False,0
69.0,4.0,36.0,3.0,1,1.0,2.0,True,False,True,False,False,False,False,0
80.0,4.0,36.0,3.0,1,1.0,2.0,True,True,False,False,False,False,False,0
37.0,4.0,0.0,1.0,1,1.0,2.0,True,False,True,False,False,False,False,0
19.0,5.0,36.0,3.0,3,1.0,2.0,True,False,False,True,False,False,False,0
15.0,5.0,36.0,3.0,3,1.0,1.0,False,False,True,False,False,False,False,0
27.0,5.0,40.0,1.0,1,1.0,2.0,True,False,False,False,True,False,False,0
66.0,4.0,36.0,3.0,1,1.0,2.0,True,False,False,True,False,False,False,0
65.0,5.0,36.0,3.0,1,1.0,2.0,True,False,False,True,False,False,False,0
42.0,5.0,36.0,3.0,3,2.0,2.0,False,False,False,False,False,False,False,0
73.0,4.0,40.0,1.0,1,1.0,2.0,False,False,False,False,False,True,False,0
32.0,1.0,25.0,1.0,1,1.0,1.0,True,False,False,False,True,False,False,0
36.0,1.0,84.0,1.0,2,1.0,2.0,False,False,True,False,False,False,False,0
41.0,2.0,40.0,1.0,1,1.0,2.0,False,True,False,False,False,False,False,0
33.0,2.0,36.0,3.0,2,1.0,2.0,True,False,False,True,False,False,False,0
11.0,5.0,36.0,3.0,3,1.0,1.0,False,False,True,False,False,False,False,0
7.0,5.0,36.0,4.0,3,1.0,1.0,True,False,False,False,False,False,False,0
40.0,1.0,40.0,1.0,2,1.0,2.0,True,False,False,False,False,True,False,0
14.0,5.0,36.0,3.0,3,1.0,1.0,True,False,True,False,False,False,False,0
12.0,5.0,36.0,3.0,3,1.0,1.0,False,False,True,False,False,False,False,0
32.0,1.0,56.0,1.0,1,1.0,2.0,True,False,False,False,True,False,False,0
30.0,1.0,56.0,1.0,2,1.0,2.0,False,False,False,True,False,False,False,0
55.0,4.0,56.0,1.0,7,1.0,2.0,True,True,False,False,False,False,False,0
31.0,1.0,36.0,3.0,1,1.0,2.0,True,True,False,False,False,False,False,0
29.0,1.0,54.0,1.0,2,1.0,2.0,False,True,False,False,False,False,False,0
5.0,5.0,36.0,4.0,3,1.0,1.0,True,False,False,False,False,False,True,0
10.0,5.0,36.0,3.0,3,1.0,1.0,False,False,False,False,False,False,False,0
1.0,5.0,36.0,4.0,3,3.0,2.0,True,False,False,False,False,False,True,0
61.0,2.0,30.0,1.0,1,1.0,2.0,True,False,False,False,False,True,False,0
65.0,2.0,0.0,1.0,2,1.0,2.0,False,False,False,False,False,True,False,0
77.0,3.0,36.0,3.0,1,1.0,2.0,True,True,False,False,False,False,False,0
72.0,2.0,36.0,3.0,1,1.0,2.0,False,False,False,False,True,False,False,0
67.0,2.0,36.0,3.0,2,1.0,2.0,True,False,False,True,False,False,False,0
55.0,2.0,28.0,1.0,2,1.0,2.0,True,False,False,True,False,False,False,0
35.0,1.0,28.0,1.0,3,1.0,2.0,True,False,False,True,False,False,False,0
72.0,5.0,12.0,1.0,1,2.0,3.0,True,False,False,False,False,False,True,0
59.0,2.0,28.0,1.0,1,1.0,2.0,True,False,True,False,False,False,False,0
9.0,5.0,36.0,4.0,3,1.0,1.0,True,False,False,False,False,False,False,0
89.0,4.0,36.0,3.0,1,1.0,2.0,False,True,False,False,False,False,False,0
61.0,5.0,36.0,3.0,3,1.0,2.0,True,False,True,False,False,False,False,0
29.0,5.0,36.0,3.0,5,1.0,2.0,True,False,False,True,False,False,False,0
25.0,5.0,20.0,1.0,5,1.0,1.0,True,False,False,False,True,False,False,0
94.0,4.0,36.0,3.0,7,1.0,2.0,True,False,False,False,False,False,False,0
59.0,1.0,12.0,1.0,9,1.0,2.0,False,True,False,False,False,False,False,0
57.0,1.0,36.0,3.0,9,1.0,2.0,True,True,False,False,False,False,False,0
19.0,5.0,36.0,3.0,9,1.0,1.0,True,False,False,False,True,False,False,0
18.0,5.0,36.0,3.0,9,1.0,1.0,False,False,False,False,True,False,False,0
17.0,5.0,36.0,3.0,9,1.0,1.0,True,False,True,False,False,False,False,0
72.0,2.0,36.0,3.0,1,1.0,2.0,True,False,False,True,False,False,False,0
17.0,5.0,30.0,1.0,3,1.0,1.0,False,False,True,False,False,False,False,0
16.0,5.0,36.0,3.0,3,1.0,1.0,False,False,True,False,False,False,False,0
8.0,5.0,36.0,4.0,3,1.0,1.0,False,False,False,False,False,False,False,0
62.0,3.0,36.0,3.0,1,1.0,2.0,True,False,False,False,False,True,False,0
69.0,2.0,30.0,1.0,1,1.0,2.0,False,True,False,False,False,False,False,0
89.0,2.0,30.0,1.0,2,1.0,2.0,True,True,False,False,False,False,False,0
51.0,2.0,0.0,1.0,1,1.0,2.0,False,False,False,False,False,True,False,0
48.0,2.0,0.0,1.0,2,1.0,2.0,True,False,False,False,False,True,False,0
19.0,5.0,36.0,3.0,3,1.0,1.0,False,False,False,False,True,False,False,0
16.0,5.0,36.0,3.0,3,1.0,1.0,True,False,True,False,False,False,False,0
12.0,5.0,36.0,3.0,3,1.0,1.0,False,False,False,False,False,False,False,0
65.0,3.0,36.0,3.0,1,1.0,2.0,True,False,False,False,True,False,False,0
30.0,5.0,24.0,1.0,3,1.0,1.0,True,False,False,False,True,False,False,0
30.0,5.0,40.0,1.0,1,1.0,2.0,False,False,False,True,False,False,False,0
21.0,5.0,36.0,3.0,1,1.0,1.0,False,False,False,False,True,False,False,0
47.0,2.0,32.0,1.0,1,1.0,2.0,False,False,False,False,True,False,False,0
43.0,2.0,8.0,1.0,2,1.0,2.0,True,False,False,True,False,False,False,0
21.0,5.0,36.0,3.0,3,1.0,1.0,False,False,False,False,True,False,False,0
18.0,5.0,36.0,3.0,3,1.0,1.0,True,False,True,False,False,False,False,0
25.0,5.0,36.0,2.0,3,1.0,2.0,False,False,False,False,False,True,False,0
27.0,5.0,36.0,2.0,3,1.0,2.0,True,False,False,False,False,True,False,0
28.0,5.0,36.0,2.0,3,1.0,2.0,True,False,False,False,False,True,False,0
46.0,5.0,30.0,1.0,1,1.0,2.0,True,False,False,True,False,False,False,0
28.0,5.0,40.0,1.0,3,1.0,2.0,True,False,False,True,False,False,False,0
50.0,2.0,24.0,1.0,1,1.0,2.0,False,False,False,False,False,True,False,0
55.0,2.0,40.0,1.0,1,1.0,2.0,False,False,False,True,False,False,False,0
54.0,2.0,40.0,1.0,2,1.0,2.0,True,False,False,True,False,False,False,0
80.0,4.0,36.0,3.0,1,1.0,2.0,True,False,False,False,False,True,False,0
54.0,2.0,56.0,1.0,1,1.0,2.0,False,False,False,True,False,False,False,0
55.0,2.0,56.0,1.0,2,1.0,2.0,True,False,False,True,False,False,False,0
31.0,1.0,32.0,1.0,1,1.0,1.0,True,False,False,False,True,False,False,0
33.0,1.0,32.0,1.0,2,1.0,2.0,False,False,False,True,False,False,False,0
55.0,1.0,40.0,1.0,3,1.0,2.0,True,False,False,False,False,True,False,0
35.0,2.0,5.0,1.0,1,1.0,1.0,True,False,False,False,True,False,False,0
63.0,2.0,48.0,1.0,2,1.0,2.0,False,False,False,False,False,True,False,0
2.0,5.0,36.0,4.0,3,2.0,1.0,False,False,False,False,False,False,True,0
82.0,4.0,84.0,1.0,1,1.0,2.0,True,False,False,False,False,True,False,0
60.0,2.0,48.0,1.0,1,1.0,2.0,False,False,False,False,False,True,False,0
72.0,5.0,36.0,3.0,1,1.0,2.0,True,True,False,False,False,False,False,0
58.0,2.0,28.0,1.0,1,1.0,2.0,False,True,False,False,False,False,False,0
49.0,2.0,36.0,3.0,2,1.0,2.0,True,True,False,False,False,False,False,0
20.0,5.0,36.0,3.0,3,1.0,2.0,False,False,False,True,False,False,False,0
18.0,5.0,36.0,3.0,3,1.0,2.0,True,False,False,True,False,False,False,0
50.0,4.0,36.0,3.0,1,1.0,2.0,True,False,False,True,False,False,False,0
25.0,5.0,40.0,1.0,3,1.0,2.0,False,False,False,True,False,False,False,0
41.0,1.0,28.0,1.0,4,1.0,2.0,False,False,False,True,False,False,False,0
8.0,5.0,36.0,4.0,3,1.0,1.0,True,False,False,False,False,False,False,0
2.0,5.0,36.0,4.0,5,2.0,3.0,True,False,False,False,False,False,True,0
34.0,5.0,36.0,4.0,5,3.0,2.0,True,False,False,False,False,False,True,0
39.0,2.0,8.0,1.0,1,1.0,2.0,True,False,False,True,False,False,False,0
49.0,2.0,49.0,1.0,2,1.0,2.0,False,False,False,True,False,False,False,0
18.0,5.0,8.0,1.0,3,1.0,1.0,False,False,True,False,False,False,False,0
13.0,5.0,36.0,3.0,3,1.0,1.0,False,False,False,False,False,False,False,0
8.0,5.0,36.0,4.0,3,1.0,1.0,False,False,False,False,False,False,False,0
5.0,5.0,36.0,4.0,3,1.0,1.0,True,False,False,False,False,False,True,0
83.0,2.0,36.0,3.0,2,1.0,2.0,True,False,False,True,False,False,False,0
63.0,5.0,36.0,3.0,1,1.0,2.0,True,False,False,True,False,False,False,0
43.0,5.0,12.0,1.0,3,1.0,2.0,True,False,False,True,False,False,False,0
18.0,5.0,36.0,3.0,3,1.0,2.0,False,False,False,True,False,False,False,0
57.0,1.0,63.0,1.0,1,1.0,2.0,False,False,True,False,False,False,False,0
55.0,1.0,54.0,1.0,2,1.0,2.0,True,False,False,True,False,False,False,0
87.0,2.0,36.0,3.0,1,1.0,2.0,False,False,False,True,False,False,False,0
42.0,5.0,35.0,1.0,1,1.0,2.0,False,False,False,False,True,False,False,0
67.0,2.0,36.0,3.0,1,1.0,2.0,False,False,False,True,False,False,False,0
65.0,2.0,36.0,3.0,2,1.0,2.0,True,False,False,True,False,False,False,0
32.0,5.0,30.0,1.0,1,1.0,2.0,True,False,False,False,False,True,False,0
3.0,5.0,36.0,4.0,3,2.0,3.0,False,False,False,False,False,False,True,0
67.0,2.0,36.0,3.0,1,1.0,2.0,False,False,True,False,False,False,False,0
67.0,2.0,36.0,3.0,2,1.0,2.0,True,True,False,False,False,False,False,0
82.0,5.0,36.0,3.0,7,1.0,2.0,True,True,False,False,False,False,False,0
40.0,3.0,35.0,1.0,3,1.0,2.0,True,False,False,True,False,False,False,0
12.0,5.0,36.0,3.0,5,1.0,1.0,True,False,True,False,False,False,False,0
7.0,5.0,36.0,4.0,5,1.0,1.0,False,False,False,False,False,False,False,0
68.0,2.0,54.0,1.0,2,1.0,2.0,False,True,False,False,False,False,False,0
92.0,4.0,36.0,3.0,6,1.0,2.0,True,True,False,False,False,False,False,0
58.0,2.0,24.0,1.0,1,1.0,2.0,False,True,False,False,False,False,False,0
56.0,2.0,36.0,3.0,2,1.0,2.0,True,True,False,False,False,False,False,0
36.0,5.0,3.0,1.0,1,1.0,2.0,False,True,False,False,False,False,False,0
50.0,2.0,40.0,1.0,2,1.0,2.0,True,False,False,False,False,True,False,0
6.0,5.0,36.0,4.0,3,1.0,1.0,True,False,False,False,False,False,False,0
45.0,5.0,40.0,1.0,1,1.0,2.0,True,False,False,False,False,True,False,0
15.0,5.0,36.0,3.0,3,1.0,1.0,False,False,True,False,False,False,False,0
35.0,5.0,40.0,1.0,1,1.0,2.0,False,False,False,False,False,True,False,0
64.0,3.0,36.0,3.0,1,1.0,2.0,True,False,False,True,False,False,False,0
26.0,5.0,36.0,3.0,3,2.0,1.0,True,False,False,False,False,False,False,0
41.0,2.0,20.0,1.0,1,1.0,1.0,True,False,False,False,True,False,False,0
15.0,5.0,36.0,3.0,3,1.0,1.0,True,False,True,False,False,False,False,0
10.0,5.0,36.0,3.0,3,1.0,1.0,True,False,False,False,False,False,False,0
9.0,5.0,36.0,4.0,3,1.0,1.0,True,False,False,False,False,False,False,0
4.0,5.0,36.0,4.0,3,1.0,1.0,False,False,False,False,False,False,True,0
48.0,1.0,36.0,3.0,1,1.0,2.0,True,False,False,False,False,False,False,0
47.0,1.0,40.0,1.0,2,1.0,2.0,False,False,True,False,False,False,False,0
16.0,5.0,40.0,1.0,3,1.0,1.0,False,False,True,False,False,False,False,0
14.0,5.0,36.0,3.0,3,1.0,1.0,True,False,True,False,False,False,False,0
7.0,5.0,36.0,4.0,3,1.0,1.0,True,False,False,False,False,False,False,0
28.0,2.0,36.0,1.0,1,1.0,2.0,False,False,False,True,False,False,False,0
26.0,2.0,36.0,3.0,2,1.0,2.0,True,False,False,True,False,False,False,0
75.0,2.0,15.0,1.0,1,1.0,2.0,False,False,False,False,False,True,False,0
77.0,2.0,36.0,3.0,2,1.0,2.0,True,False,False,False,False,True,False,0
40.0,2.0,40.0,1.0,1,1.0,2.0,False,False,True,False,False,False,False,0
43.0,3.0,50.0,1.0,1,1.0,2.0,True,False,False,False,False,True,False,0
16.0,5.0,36.0,3.0,3,1.0,1.0,False,False,True,False,False,False,False,0
5.0,5.0,36.0,4.0,3,1.0,1.0,True,False,False,False,False,False,False,0
10.0,5.0,36.0,3.0,3,1.0,1.0,False,False,False,False,False,False,False,0
48.0,2.0,30.0,1.0,1,1.0,2.0,True,False,False,False,False,True,False,0
46.0,2.0,45.0,1.0,2,1.0,2.0,False,False,False,False,False,True,False,0
10.0,5.0,36.0,3.0,3,1.0,1.0,True,False,False,False,False,False,False,0
52.0,1.0,30.0,1.0,1,1.0,2.0,True,False,False,False,False,True,False,0
77.0,1.0,24.0,1.0,2,1.0,2.0,False,True,False,False,False,False,False,0
41.0,2.0,48.0,1.0,1,1.0,2.0,True,False,False,True,False,False,False,0
45.0,2.0,45.0,1.0,2,1.0,2.0,False,False,False,True,False,False,False,0
10.0,5.0,36.0,3.0,3,1.0,1.0,False,False,False,False,False,False,False,0
6.0,5.0,36.0,4.0,3,1.0,1.0,True,False,False,False,False,False,False,0
54.0,2.0,48.0,1.0,2,1.0,2.0,True,False,False,False,False,True,False,0
10.0,5.0,36.0,3.0,3,1.0,1.0,True,False,False,False,False,False,False,0
34.0,1.0,60.0,1.0,1,1.0,2.0,False,False,False,True,False,False,False,0
20.0,5.0,36.0,3.0,1,1.0,1.0,True,False,False,False,True,False,False,0
32.0,1.0,0.0,1.0,1,1.0,2.0,True,False,False,False,False,True,False,0
32.0,1.0,36.0,1.0,2,1.0,2.0,False,False,False,False,False,True,False,0
73.0,5.0,36.0,3.0,1,1.0,2.0,True,True,False,False,False,False,False,0
42.0,5.0,55.0,1.0,3,1.0,2.0,False,False,False,True,False,False,False,0
12.0,5.0,36.0,3.0,3,1.0,1.0,False,False,True,False,False,False,False,0
53.0,1.0,56.0,1.0,1,1.0,2.0,True,False,False,True,False,False,False,0
51.0,1.0,48.0,1.0,2,1.0,2.0,False,False,False,True,False,False,False,0
24.0,5.0,40.0,1.0,3,1.0,2.0,False,False,False,True,False,False,False,0
21.0,5.0,40.0,1.0,3,1.0,2.0,False,False,False,True,False,False,False,0
65.0,5.0,36.0,3.0,1,1.0,2.0,True,False,False,True,False,False,False,0
25.0,5.0,25.0,1.0,3,1.0,2.0,False,False,False,False,False,True,False,0
49.0,2.0,40.0,1.0,1,1.0,2.0,False,True,False,False,False,False,False,0
49.0,2.0,36.0,3.0,2,1.0,2.0,True,False,True,False,False,False,False,0
33.0,5.0,12.0,1.0,3,1.0,2.0,False,True,False,False,False,False,False,0
21.0,5.0,56.0,1.0,3,1.0,2.0,False,False,False,True,False,False,False,0
24.0,5.0,35.0,1.0,3,1.0,1.0,True,False,False,False,True,False,False,0
61.0,1.0,36.0,3.0,1,1.0,2.0,True,False,False,False,False,True,False,0
28.0,5.0,48.0,1.0,3,1.0,2.0,False,False,False,True,False,False,False,0
70.0,1.0,36.0,3.0,2,1.0,2.0,False,False,False,True,False,False,False,0
80.0,4.0,36.0,3.0,1,1.0,2.0,True,True,False,False,False,False,False,0
63.0,5.0,36.0,3.0,1,1.0,2.0,True,False,False,False,False,True,False,0
60.0,5.0,0.0,1.0,1,1.0,2.0,True,False,False,False,False,True,False,0
63.0,5.0,15.0,1.0,1,1.0,2.0,False,True,False,False,False,False,False,0
56.0,1.0,12.0,1.0,1,1.0,2.0,False,False,True,False,False,False,False,0
52.0,1.0,20.0,1.0,1,1.0,2.0,False,False,False,True,False,False,False,0
45.0,1.0,25.0,1.0,2,1.0,2.0,True,False,False,True,False,False,False,0
61.0,5.0,36.0,3.0,1,1.0,2.0,True,False,False,True,False,False,False,0
64.0,4.0,12.0,1.0,1,1.0,2.0,True,True,False,False,False,False,False,0
40.0,1.0,0.0,1.0,4,1.0,2.0,True,False,False,False,False,True,False,0
40.0,1.0,24.0,1.0,3,1.0,2.0,False,False,False,False,False,False,False,0
18.0,5.0,36.0,3.0,5,1.0,1.0,True,False,True,False,False,False,False,0
19.0,5.0,36.0,2.0,5,1.0,2.0,True,False,False,True,False,False,False,0
21.0,5.0,8.0,1.0,5,1.0,2.0,True,False,False,True,False,False,False,0
70.0,2.0,36.0,3.0,1,1.0,2.0,False,False,True,False,False,False,False,0
45.0,2.0,36.0,2.0,3,1.0,2.0,False,False,False,False,True,False,False,0
43.0,2.0,40.0,1.0,4,1.0,1.0,True,False,False,False,True,False,False,0
21.0,5.0,36.0,3.0,5,1.0,1.0,False,False,False,False,True,False,False,0
19.0,5.0,36.0,3.0,5,1.0,1.0,True,False,True,False,False,False,False,0
12.0,5.0,36.0,3.0,5,1.0,1.0,True,False,True,False,False,False,False,0
69.0,2.0,36.0,3.0,2,1.0,2.0,True,False,True,False,False,False,False,0
46.0,1.0,12.0,1.0,1,1.0,2.0,True,False,False,False,False,True,False,0
71.0,4.0,36.0,3.0,1,1.0,2.0,True,False,False,False,False,True,False,0
43.0,5.0,36.0,3.0,3,1.0,2.0,False,False,False,False,False,True,False,0
82.0,2.0,36.0,3.0,1,1.0,2.0,False,False,False,True,False,False,False,0
68.0,2.0,36.0,3.0,2,1.0,2.0,True,False,False,True,False,False,False,0
77.0,4.0,36.0,3.0,1,1.0,2.0,True,False,True,False,False,False,False,0
49.0,1.0,40.0,1.0,1,1.0,2.0,False,False,False,True,False,False,False,0
49.0,1.0,28.0,1.0,2,1.0,2.0,True,False,False,False,True,False,False,0
28.0,5.0,25.0,1.0,3,1.0,1.0,False,False,False,False,True,False,False,0
56.0,3.0,40.0,1.0,1,1.0,2.0,False,False,False,False,True,False,False,0
50.0,2.0,30.0,1.0,2,1.0,2.0,True,False,False,False,False,True,False,0
13.0,5.0,36.0,3.0,3,1.0,1.0,True,False,True,False,False,False,False,0
10.0,5.0,36.0,3.0,3,1.0,1.0,False,False,False,False,False,False,False,0
46.0,2.0,40.0,1.0,1,1.0,2.0,False,False,False,False,True,False,False,0
48.0,2.0,40.0,1.0,2,1.0,2.0,True,False,False,False,False,True,False,0
2.0,5.0,36.0,4.0,3,2.0,1.0,False,False,False,False,False,False,True,0
36.0,1.0,45.0,1.0,1,1.0,2.0,False,False,False,False,False,True,False,0
29.0,1.0,40.0,1.0,2,1.0,2.0,True,False,False,False,False,True,False,0
24.0,5.0,0.0,1.0,1,1.0,2.0,True,False,False,False,False,True,False,0
61.0,2.0,36.0,3.0,1,1.0,2.0,False,False,False,False,False,True,False,0
65.0,2.0,36.0,3.0,2,1.0,2.0,True,False,False,False,False,True,False,0
65.0,1.0,45.0,1.0,1,1.0,2.0,False,False,False,True,False,False,False,0
64.0,1.0,45.0,1.0,2,1.0,2.0,True,False,False,False,True,False,False,0
30.0,5.0,36.0,3.0,3,1.0,2.0,True,False,False,False,True,False,False,0
28.0,5.0,36.0,2.0,3,1.0,2.0,False,False,False,True,False,False,False,0
79.0,2.0,36.0,3.0,2,1.0,2.0,False,False,False,True,False,False,False,0
61.0,2.0,56.0,1.0,1,1.0,2.0,False,False,False,False,False,True,False,0
61.0,2.0,56.0,1.0,2,1.0,2.0,True,False,False,False,False,True,False,0
35.0,1.0,40.0,1.0,2,1.0,1.0,True,False,False,False,True,False,False,0
4.0,5.0,36.0,4.0,3,1.0,1.0,True,False,False,False,False,False,True,0
75.0,2.0,36.0,3.0,1,1.0,2.0,True,True,False,False,False,False,False,0
53.0,5.0,45.0,1.0,3,1.0,2.0,True,False,False,True,False,False,False,0
76.0,5.0,36.0,3.0,1,1.0,2.0,True,False,False,False,True,False,False,0
38.0,5.0,36.0,3.0,3,1.0,2.0,True,False,True,False,False,False,False,0
55.0,2.0,36.0,3.0,1,1.0,2.0,False,True,False,False,False,False,False,0
54.0,2.0,36.0,3.0,2,1.0,2.0,True,True,False,False,False,False,False,0
16.0,5.0,25.0,1.0,5,1.0,1.0,False,False,True,False,False,False,False,0
7.0,5.0,36.0,4.0,5,1.0,1.0,True,False,False,False,False,False,False,0
4.0,5.0,36.0,4.0,5,1.0,1.0,True,False,False,False,False,False,True,0
15.0,5.0,36.0,3.0,3,1.0,1.0,True,False,True,False,False,False,False,0
55.0,2.0,44.0,1.0,1,1.0,2.0,False,False,False,True,False,False,False,0
51.0,2.0,36.0,3.0,2,1.0,2.0,True,False,False,True,False,False,False,0
32.0,5.0,44.0,1.0,3,1.0,2.0,False,False,False,True,False,False,False,0
24.0,5.0,36.0,3.0,3,1.0,2.0,True,False,False,True,False,False,False,0
62.0,2.0,36.0,3.0,1,1.0,2.0,True,False,False,False,False,True,False,0
63.0,2.0,40.0,1.0,2,1.0,2.0,False,False,False,False,False,True,False,0
54.0,1.0,8.0,1.0,2,1.0,2.0,True,True,False,False,False,False,False,0
12.0,5.0,36.0,3.0,5,1.0,1.0,False,False,False,False,False,False,False,0
39.0,2.0,36.0,2.0,2,1.0,2.0,True,False,False,True,False,False,False,0
16.0,5.0,36.0,3.0,3,1.0,1.0,True,False,True,False,False,False,False,0
13.0,5.0,36.0,3.0,3,1.0,1.0,True,False,True,False,False,False,False,0
5.0,5.0,36.0,4.0,3,2.0,1.0,False,False,False,False,False,False,True,0
94.0,4.0,36.0,3.0,6,1.0,2.0,True,True,False,False,False,False,False,0
53.0,2.0,16.0,1.0,1,1.0,2.0,False,True,False,False,False,False,False,0
50.0,2.0,12.0,1.0,2,1.0,2.0,True,False,False,True,False,False,False,0
21.0,5.0,36.0,3.0,3,1.0,1.0,True,False,False,False,True,False,False,0
19.0,5.0,36.0,2.0,3,1.0,1.0,False,False,False,False,True,False,False,0
14.0,5.0,36.0,3.0,3,1.0,1.0,True,False,True,False,False,False,False,0
7.0,5.0,36.0,4.0,3,1.0,1.0,False,False,False,False,False,False,False,0
40.0,2.0,30.0,1.0,1,1.0,2.0,False,True,False,False,False,False,False,0
41.0,1.0,25.0,1.0,2,1.0,2.0,False,False,False,False,False,True,False,0
56.0,5.0,36.0,1.0,1,1.0,2.0,True,False,False,True,False,False,False,0
25.0,5.0,36.0,2.0,3,1.0,2.0,True,False,False,False,False,True,False,0
22.0,5.0,36.0,3.0,3,1.0,1.0,True,False,False,False,True,False,False,0
39.0,5.0,35.0,1.0,1,1.0,2.0,True,False,False,False,True,False,False,0
38.0,2.0,30.0,1.0,1,1.0,2.0,True,False,False,True,False,False,False,0
40.0,2.0,40.0,1.0,2,1.0,2.0,False,False,False,False,False,True,False,0
7.0,5.0,36.0,4.0,3,1.0,1.0,True,False,False,False,False,False,False,0
3.0,5.0,36.0,4.0,3,2.0,1.0,True,False,False,False,False,False,True,0
32.0,2.0,84.0,1.0,1,1.0,2.0,False,True,False,False,False,False,False,0
25.0,2.0,40.0,1.0,2,1.0,2.0,True,False,True,False,False,False,False,0
10.0,5.0,36.0,3.0,3,1.0,1.0,True,False,False,False,False,False,False,0
13.0,5.0,36.0,3.0,3,1.0,1.0,False,False,True,False,False,False,False,0
26.0,5.0,36.0,3.0,3,1.0,2.0,True,False,False,True,False,False,False,0
10.0,5.0,36.0,3.0,3,1.0,1.0,False,False,False,False,False,False,False,0
39.0,1.0,70.0,1.0,1,1.0,2.0,True,False,False,False,True,False,False,0
43.0,1.0,36.0,3.0,2,1.0,1.0,False,False,False,False,True,False,False,0
6.0,5.0,36.0,4.0,3,2.0,1.0,True,False,False,False,False,False,True,0
50.0,1.0,36.0,3.0,1,1.0,2.0,True,False,True,False,False,False,False,0
47.0,1.0,40.0,1.0,2,1.0,2.0,False,True,False,False,False,False,False,0
21.0,5.0,36.0,3.0,3,1.0,1.0,True,False,False,False,True,False,False,0
66.0,2.0,36.0,3.0,1,1.0,2.0,False,True,False,False,False,False,False,0
67.0,2.0,36.0,3.0,2,1.0,2.0,True,False,False,True,False,False,False,0
27.0,5.0,48.0,1.0,3,1.0,2.0,True,False,False,False,True,False,False,0
69.0,1.0,36.0,3.0,1,1.0,2.0,True,True,False,False,False,False,False,0
55.0,1.0,45.0,1.0,2,1.0,2.0,False,False,False,False,True,False,False,0
31.0,1.0,45.0,1.0,1,1.0,2.0,True,False,False,False,False,True,False,0
32.0,1.0,40.0,1.0,2,1.0,2.0,False,False,False,True,False,False,False,0
32.0,1.0,46.0,1.0,1,1.0,2.0,False,True,False,False,False,False,False,0
28.0,1.0,40.0,1.0,2,1.0,1.0,True,False,False,False,True,False,False,0
37.0,1.0,30.0,1.0,2,1.0,2.0,True,False,False,True,False,False,False,0
65.0,3.0,36.0,3.0,1,1.0,2.0,False,False,False,False,False,True,False,0
35.0,1.0,40.0,1.0,1,1.0,2.0,False,True,False,False,False,False,False,0
78.0,2.0,36.0,3.0,1,1.0,2.0,False,True,False,False,False,False,False,0
79.0,2.0,36.0,3.0,2,1.0,2.0,True,False,True,False,False,False,False,0
53.0,5.0,54.0,1.0,3,1.0,1.0,True,False,True,False,False,False,False,0
15.0,5.0,36.0,3.0,5,1.0,1.0,True,False,True,False,False,False,False,0
55.0,2.0,24.0,1.0,1,1.0,2.0,False,False,True,False,False,False,False,0
53.0,2.0,12.0,1.0,2,1.0,2.0,True,False,False,True,False,False,False,0
52.0,5.0,50.0,1.0,1,1.0,2.0,False,False,False,True,False,False,False,0
24.0,5.0,36.0,3.0,3,1.0,1.0,False,False,False,False,True,False,False,0
35.0,1.0,40.0,1.0,2,1.0,2.0,True,False,False,False,True,False,False,0
34.0,5.0,36.0,4.0,3,3.0,2.0,True,False,False,False,False,False,True,0
22.0,5.0,36.0,3.0,1,1.0,1.0,True,False,False,False,True,False,False,0
44.0,3.0,36.0,3.0,1,1.0,2.0,False,True,False,False,False,False,False,0
17.0,5.0,36.0,3.0,3,1.0,1.0,True,False,True,False,False,False,False,0
14.0,5.0,36.0,3.0,3,1.0,1.0,False,False,True,False,False,False,False,0
38.0,1.0,48.0,1.0,1,1.0,2.0,False,False,False,False,True,False,False,0
52.0,2.0,3.0,1.0,2,1.0,2.0,True,False,False,True,False,False,False,0
13.0,5.0,36.0,3.0,3,1.0,1.0,True,False,True,False,False,False,False,0
27.0,5.0,40.0,1.0,3,1.0,2.0,False,False,False,True,False,False,False,0
57.0,2.0,45.0,1.0,1,1.0,2.0,False,False,False,False,False,True,False,0
54.0,2.0,45.0,1.0,2,1.0,2.0,True,False,False,False,False,True,False,0
24.0,5.0,36.0,2.0,3,1.0,2.0,False,False,False,False,False,True,False,0
57.0,1.0,20.0,1.0,2,1.0,2.0,True,False,False,True,False,False,False,0
60.0,2.0,40.0,1.0,1,1.0,2.0,False,False,False,True,False,False,False,0
60.0,2.0,24.0,1.0,2,1.0,2.0,True,True,False,False,False,False,False,0
34.0,5.0,20.0,1.0,3,1.0,2.0,False,False,True,False,False,False,False,0
53.0,5.0,14.0,1.0,1,1.0,2.0,False,False,True,False,False,False,False,0
29.0,5.0,60.0,1.0,3,1.0,2.0,False,False,True,False,False,False,False,0
80.0,4.0,36.0,3.0,1,1.0,2.0,True,False,False,False,False,False,False,0
54.0,2.0,36.0,3.0,1,1.0,2.0,False,False,False,True,False,False,False,0
64.0,1.0,36.0,3.0,1,1.0,2.0,True,False,False,False,False,True,False,0
46.0,1.0,20.0,1.0,2,1.0,1.0,False,False,False,False,True,False,False,0
61.0,2.0,8.0,1.0,1,1.0,2.0,False,True,False,False,False,False,False,0
54.0,2.0,84.0,1.0,1,1.0,2.0,False,False,True,False,False,False,False,0
50.0,2.0,36.0,3.0,2,1.0,2.0,True,False,True,False,False,False,False,0
14.0,5.0,36.0,3.0,3,2.0,3.0,True,False,False,False,False,False,True,0
63.0,5.0,20.0,1.0,1,1.0,2.0,False,False,False,True,False,False,False,0
22.0,5.0,0.0,1.0,1,1.0,1.0,True,False,False,False,True,False,False,0
74.0,4.0,48.0,1.0,1,1.0,2.0,True,False,False,False,False,True,False,0
65.0,5.0,25.0,1.0,8,1.0,2.0,False,False,False,True,False,False,False,0
63.0,1.0,30.0,1.0,1,1.0,2.0,True,False,False,True,False,False,False,0
62.0,1.0,50.0,1.0,2,1.0,2.0,False,False,False,True,False,False,False,0
52.0,2.0,40.0,1.0,1,1.0,2.0,False,False,False,True,False,False,False,0
56.0,5.0,0.0,1.0,1,1.0,2.0,True,False,True,False,False,False,False,0
61.0,2.0,45.0,1.0,1,1.0,2.0,False,False,False,False,False,True,False,0
59.0,2.0,36.0,3.0,2,1.0,2.0,True,False,False,True,False,False,False,0
27.0,5.0,40.0,1.0,3,1.0,2.0,True,False,False,False,False,True,False,0
3.0,5.0,36.0,4.0,3,2.0,3.0,True,False,False,False,False,False,True,0
10.0,2.0,84.0,1.0,9,1.0,2.0,False,False,True,False,False,False,False,0
31.0,2.0,40.0,1.0,9,1.0,2.0,True,False,True,False,False,False,False,0
41.0,5.0,36.0,3.0,9,1.0,1.0,True,False,True,False,False,False,False,0
30.0,5.0,36.0,3.0,9,1.0,1.0,False,False,True,False,False,False,False,0
44.0,5.0,8.0,1.0,3,1.0,2.0,True,False,False,True,False,False,False,0
83.0,4.0,36.0,3.0,1,1.0,2.0,True,True,False,False,False,False,False,0
57.0,3.0,4.0,1.0,1,1.0,2.0,True,False,True,False,False,False,False,0
30.0,5.0,36.0,3.0,3,1.0,2.0,False,False,False,True,False,False,False,0
53.0,2.0,40.0,1.0,1,1.0,2.0,False,False,False,False,False,True,False,0
47.0,2.0,40.0,1.0,2,1.0,2.0,True,False,False,False,False,True,False,0
18.0,5.0,36.0,3.0,3,1.0,2.0,False,False,False,True,False,False,False,0
18.0,5.0,36.0,3.0,3,1.0,2.0,False,False,False,True,False,False,False,0
45.0,1.0,48.0,1.0,1,1.0,2.0,False,False,False,False,False,True,False,0
29.0,1.0,40.0,1.0,2,1.0,2.0,True,False,False,False,False,True,False,0
46.0,1.0,28.0,1.0,1,1.0,2.0,False,True,False,False,False,False,False,0
40.0,1.0,5.0,1.0,2,1.0,2.0,True,True,False,False,False,False,False,0
23.0,5.0,36.0,3.0,3,1.0,1.0,True,False,False,False,True,False,False,0
8.0,5.0,36.0,4.0,3,1.0,1.0,False,False,False,False,False,False,False,0
2.0,5.0,36.0,4.0,3,2.0,3.0,True,False,False,False,False,False,True,0
59.0,1.0,36.0,1.0,1,1.0,2.0,True,False,False,False,True,False,False,0
52.0,1.0,36.0,1.0,2,1.0,2.0,False,False,True,False,False,False,False,0
23.0,5.0,36.0,3.0,3,1.0,1.0,True,False,False,False,True,False,False,0
33.0,1.0,36.0,3.0,1,1.0,2.0,True,False,False,True,False,False,False,0
36.0,1.0,40.0,1.0,2,1.0,2.0,False,False,False,False,False,True,False,0
14.0,5.0,36.0,3.0,3,1.0,1.0,True,False,True,False,False,False,False,0
8.0,5.0,36.0,4.0,3,1.0,1.0,True,False,False,False,False,False,False,0
2.0,5.0,36.0,4.0,3,2.0,3.0,False,False,False,False,False,False,True,0
47.0,1.0,36.0,3.0,1,2.0,2.0,True,False,False,False,False,False,False,0
53.0,1.0,36.0,3.0,2,1.0,2.0,False,True,False,False,False,False,False,0
4.0,5.0,36.0,4.0,3,2.0,1.0,True,False,False,False,False,False,True,0
35.0,5.0,40.0,1.0,1,1.0,2.0,True,False,False,False,False,True,False,0
51.0,2.0,54.0,1.0,1,1.0,2.0,False,False,False,True,False,False,False,0
52.0,2.0,36.0,3.0,2,1.0,2.0,True,False,False,True,False,False,False,0
34.0,5.0,56.0,1.0,3,1.0,2.0,False,False,False,False,True,False,False,0
48.0,1.0,48.0,1.0,1,1.0,2.0,False,False,True,False,False,False,False,0
45.0,1.0,36.0,3.0,2,1.0,2.0,True,True,False,False,False,False,False,0
19.0,1.0,40.0,1.0,3,1.0,2.0,False,False,False,True,False,False,False,0
18.0,5.0,36.0,3.0,3,1.0,1.0,True,False,True,False,False,False,False,0
17.0,5.0,36.0,3.0,3,1.0,1.0,False,False,True,False,False,False,False,0
20.0,1.0,36.0,3.0,4,1.0,2.0,True,False,False,True,False,False,False,0
2.0,5.0,36.0,4.0,5,2.0,3.0,False,False,False,False,False,False,True,0
44.0,2.0,40.0,1.0,1,1.0,2.0,False,True,False,False,False,False,False,0
44.0,2.0,60.0,1.0,2,1.0,2.0,True,True,False,False,False,False,False,0
21.0,5.0,36.0,3.0,3,1.0,1.0,True,False,False,False,True,False,False,0
19.0,5.0,36.0,3.0,3,1.0,1.0,False,False,True,False,False,False,False,0
17.0,5.0,36.0,3.0,3,1.0,1.0,False,False,True,False,False,False,False,0
63.0,1.0,36.0,3.0,2,1.0,2.0,True,False,False,False,False,False,False,0
28.0,3.0,35.0,1.0,1,1.0,2.0,True,False,False,True,False,False,False,0
11.0,5.0,36.0,3.0,3,1.0,1.0,True,False,False,False,False,False,False,0
6.0,5.0,36.0,4.0,3,1.0,1.0,True,False,False,False,False,False,False,0
77.0,3.0,36.0,3.0,1,1.0,2.0,True,False,False,True,False,False,False,0
52.0,2.0,48.0,1.0,2,1.0,2.0,True,False,False,True,False,False,False,0
31.0,5.0,0.0,1.0,3,1.0,2.0,True,False,False,False,False,True,False,0
27.0,5.0,48.0,1.0,3,1.0,2.0,False,False,False,True,False,False,False,0
7.0,5.0,36.0,4.0,5,1.0,1.0,True,False,False,False,False,False,False,0
26.0,5.0,48.0,1.0,3,1.0,2.0,True,False,False,True,False,False,False,0
83.0,5.0,36.0,3.0,9,1.0,2.0,True,False,False,False,False,False,False,0
53.0,4.0,20.0,1.0,9,1.0,2.0,False,True,False,False,False,False,False,0
73.0,4.0,36.0,3.0,1,1.0,2.0,True,True,False,False,False,False,False,0
51.0,2.0,36.0,1.0,3,1.0,2.0,True,False,False,True,False,False,False,0
50.0,2.0,35.0,1.0,4,1.0,2.0,False,False,False,True,False,False,False,0
28.0,2.0,48.0,1.0,1,1.0,2.0,False,False,False,False,False,True,False,0
28.0,2.0,36.0,3.0,2,1.0,2.0,True,False,False,False,False,True,False,0
4.0,5.0,36.0,4.0,3,2.0,1.0,True,False,False,False,False,False,True,0
31.0,5.0,50.0,1.0,3,1.0,2.0,False,False,False,True,False,False,False,0
43.0,5.0,36.0,3.0,3,1.0,2.0,True,False,False,False,False,False,False,0
34.0,5.0,36.0,4.0,3,3.0,2.0,True,False,False,False,False,False,True,0
46.0,5.0,25.0,1.0,1,1.0,2.0,True,False,False,False,False,True,False,0
68.0,4.0,36.0,3.0,6,1.0,2.0,True,True,False,False,False,False,False,0
79.0,4.0,36.0,3.0,1,1.0,2.0,True,True,False,False,False,False,False,0
51.0,3.0,48.0,1.0,3,1.0,2.0,False,True,False,False,False,False,False,0
66.0,2.0,36.0,3.0,1,1.0,2.0,True,True,False,False,False,False,False,0
67.0,2.0,36.0,3.0,2,1.0,2.0,False,True,False,False,False,False,False,0
41.0,5.0,45.0,1.0,3,1.0,2.0,True,False,False,True,False,False,False,0
39.0,3.0,45.0,1.0,3,1.0,2.0,False,False,False,True,False,False,False,0
24.0,5.0,25.0,1.0,3,1.0,2.0,True,False,False,True,False,False,False,0
22.0,5.0,36.0,3.0,3,1.0,1.0,True,False,False,False,True,False,False,0
61.0,2.0,36.0,3.0,1,1.0,2.0,True,False,False,True,False,False,False,0
52.0,1.0,40.0,1.0,1,1.0,2.0,False,False,False,False,True,False,False,0
50.0,1.0,36.0,3.0,2,1.0,2.0,True,False,False,False,False,True,False,0
20.0,5.0,36.0,3.0,3,1.0,1.0,True,False,False,False,True,False,False,0
19.0,5.0,36.0,3.0,3,1.0,1.0,False,False,False,False,True,False,False,0
41.0,2.0,0.0,1.0,1,1.0,2.0,False,False,False,True,False,False,False,0
41.0,2.0,48.0,1.0,2,1.0,2.0,True,False,False,True,False,False,False,0
9.0,5.0,36.0,4.0,3,1.0,1.0,False,False,False,False,False,False,False,0
3.0,5.0,36.0,4.0,3,2.0,1.0,True,False,False,False,False,False,True,0
66.0,5.0,36.0,3.0,1,1.0,2.0,True,False,False,False,False,True,False,0
14.0,5.0,36.0,3.0,3,1.0,1.0,True,False,True,False,False,False,False,0
20.0,5.0,40.0,1.0,1,1.0,2.0,False,True,False,False,False,False,False,0
18.0,5.0,36.0,3.0,8,1.0,2.0,False,False,True,False,False,False,False,0
10.0,5.0,36.0,3.0,3,1.0,1.0,False,False,False,False,False,False,False,0
18.0,5.0,15.0,1.0,3,1.0,2.0,False,False,False,True,False,False,False,0
65.0,1.0,36.0,3.0,1,1.0,2.0,False,True,False,False,False,False,False,0
55.0,2.0,24.0,1.0,1,1.0,2.0,False,True,False,False,False,False,False,0
58.0,2.0,36.0,3.0,2,1.0,2.0,True,True,False,False,False,False,False,0
22.0,5.0,36.0,2.0,3,1.0,2.0,True,False,False,True,False,False,False,0
52.0,5.0,50.0,1.0,1,1.0,2.0,True,False,False,False,False,True,False,0
9.0,5.0,36.0,4.0,5,1.0,1.0,True,False,False,False,False,False,False,0
92.0,4.0,36.0,3.0,1,1.0,2.0,True,True,False,False,False,False,False,0
68.0,3.0,36.0,3.0,3,1.0,2.0,True,True,False,False,False,False,False,0
36.0,5.0,46.0,1.0,5,1.0,2.0,True,False,True,False,False,False,False,0
25.0,1.0,40.0,1.0,1,1.0,2.0,False,False,True,False,False,False,False,0
28.0,1.0,36.0,3.0,2,1.0,2.0,True,False,True,False,False,False,False,0
3.0,5.0,36.0,4.0,3,1.0,1.0,False,False,False,False,False,False,True,0
2.0,5.0,36.0,4.0,3,2.0,3.0,True,False,False,False,False,False,True,0
41.0,1.0,48.0,1.0,1,1.0,2.0,False,False,False,True,False,False,False,0
32.0,1.0,36.0,3.0,2,1.0,2.0,True,False,False,True,False,False,False,0
15.0,5.0,36.0,3.0,3,1.0,1.0,True,False,True,False,False,False,False,0
9.0,5.0,36.0,4.0,3,1.0,1.0,False,False,False,False,False,False,False,0
66.0,1.0,36.0,3.0,1,1.0,2.0,False,False,False,False,True,False,False,0
62.0,1.0,36.0,3.0,2,1.0,2.0,True,False,False,False,False,True,False,0
62.0,2.0,36.0,3.0,1,1.0,2.0,False,True,False,False,False,False,False,0
58.0,2.0,30.0,1.0,2,1.0,2.0,True,False,False,True,False,False,False,0
28.0,1.0,40.0,1.0,1,1.0,2.0,False,False,False,True,False,False,False,0
21.0,1.0,48.0,1.0,2,1.0,2.0,True,False,False,True,False,False,False,0
38.0,5.0,41.0,1.0,1,1.0,2.0,True,False,False,False,False,True,False,0
32.0,5.0,30.0,1.0,10,1.0,2.0,False,False,False,False,False,True,False,0
40.0,3.0,48.0,1.0,1,1.0,2.0,True,False,False,True,False,False,False,0
19.0,5.0,36.0,3.0,3,1.0,1.0,False,False,True,False,False,False,False,0
16.0,5.0,48.0,1.0,3,1.0,1.0,True,False,True,False,False,False,False,0
52.0,2.0,36.0,3.0,1,1.0,2.0,True,False,False,True,False,False,False,0
52.0,2.0,0.0,1.0,2,1.0,2.0,False,False,False,True,False,False,False,0
28.0,5.0,30.0,1.0,3,1.0,2.0,False,False,False,True,False,False,False,0
26.0,5.0,36.0,3.0,3,1.0,2.0,True,False,False,False,True,False,False,0
20.0,5.0,36.0,3.0,3,1.0,1.0,True,False,False,False,True,False,False,0
96.0,2.0,36.0,3.0,1,1.0,2.0,False,True,False,False,False,False,False,0
95.0,2.0,36.0,3.0,2,1.0,2.0,True,True,False,False,False,False,False,0
60.0,3.0,40.0,1.0,3,1.0,2.0,False,False,False,True,False,False,False,0
8.0,5.0,36.0,4.0,3,1.0,1.0,False,False,False,False,False,False,False,0
2.0,5.0,36.0,4.0,3,2.0,3.0,True,False,False,False,False,False,True,0
42.0,1.0,24.0,1.0,1,1.0,2.0,True,True,False,False,False,False,False,0
54.0,1.0,40.0,1.0,2,1.0,2.0,False,True,False,False,False,False,False,0
23.0,5.0,36.0,3.0,3,1.0,1.0,True,False,False,False,True,False,False,0
32.0,1.0,36.0,3.0,1,1.0,2.0,True,False,False,False,True,False,False,0
34.0,1.0,36.0,1.0,2,1.0,2.0,False,False,False,True,False,False,False,0
13.0,5.0,36.0,3.0,3,1.0,1.0,False,False,True,False,False,False,False,0
12.0,5.0,36.0,3.0,3,1.0,1.0,False,False,False,False,False,False,False,0
69.0,3.0,36.0,3.0,1,1.0,2.0,True,False,False,False,True,False,False,0
27.0,3.0,35.0,1.0,1,1.0,2.0,True,False,True,False,False,False,False,0
16.0,5.0,36.0,3.0,5,1.0,1.0,False,False,True,False,False,False,False,0
62.0,4.0,36.0,3.0,1,1.0,2.0,True,True,False,False,False,False,False,0
55.0,5.0,50.0,1.0,8,1.0,2.0,False,False,False,False,False,False,False,0
69.0,5.0,8.0,1.0,1,1.0,2.0,True,True,False,False,False,False,False,0
42.0,5.0,40.0,1.0,3,1.0,2.0,False,True,False,False,False,False,False,0
47.0,2.0,28.0,1.0,1,1.0,2.0,True,False,False,True,False,False,False,0
21.0,1.0,12.0,1.0,1,1.0,2.0,True,False,True,False,False,False,False,0
25.0,1.0,48.0,1.0,2,1.0,2.0,False,False,True,False,False,False,False,0
3.0,5.0,36.0,4.0,3,2.0,3.0,True,False,False,False,False,False,True,0
10.0,5.0,36.0,3.0,3,1.0,1.0,False,False,False,False,False,False,False,0
10.0,5.0,36.0,3.0,3,1.0,1.0,False,False,False,False,False,False,False,0
8.0,5.0,36.0,4.0,3,1.0,1.0,False,False,False,False,False,False,False,0
45.0,2.0,36.0,3.0,1,1.0,1.0,True,False,False,False,True,False,False,0
17.0,5.0,36.0,3.0,3,1.0,1.0,True,False,True,False,False,False,False,0
42.0,3.0,40.0,1.0,3,1.0,2.0,False,False,True,False,False,False,False,0
30.0,5.0,8.0,1.0,5,1.0,2.0,False,False,True,False,False,False,False,0
27.0,5.0,16.0,1.0,5,1.0,1.0,True,False,False,False,True,False,False,0
53.0,2.0,48.0,1.0,1,1.0,2.0,False,False,False,True,False,False,False,0
51.0,2.0,36.0,3.0,2,1.0,2.0,True,False,False,True,False,False,False,0
24.0,5.0,6.0,1.0,3,1.0,2.0,True,False,False,True,False,False,False,0
60.0,2.0,48.0,1.0,1,1.0,2.0,False,True,False,False,False,False,False,0
59.0,2.0,48.0,1.0,2,1.0,2.0,True,True,False,False,False,False,False,0
33.0,5.0,40.0,1.0,3,1.0,2.0,True,False,False,False,False,True,False,0
77.0,4.0,36.0,3.0,1,1.0,2.0,False,True,False,False,False,False,False,0
18.0,5.0,36.0,3.0,3,1.0,1.0,True,False,False,False,True,False,False,0
10.0,5.0,36.0,3.0,3,1.0,1.0,False,False,False,False,False,False,False,0
60.0,5.0,25.0,1.0,1,1.0,2.0,True,False,False,True,False,False,False,0
25.0,5.0,36.0,3.0,3,1.0,2.0,True,False,False,True,False,False,False,0
8.0,5.0,36.0,4.0,5,1.0,1.0,False,False,False,False,False,False,False,0
58.0,4.0,32.0,1.0,1,1.0,2.0,False,False,False,True,False,False,False,0
68.0,2.0,40.0,1.0,1,1.0,2.0,False,False,False,True,False,False,False,0
66.0,2.0,36.0,3.0,2,1.0,2.0,True,False,False,True,False,False,False,0
32.0,5.0,6.0,1.0,3,1.0,2.0,False,True,False,False,False,False,False,0
69.0,2.0,36.0,3.0,1,1.0,2.0,False,False,False,False,False,False,False,0
59.0,2.0,36.0,3.0,2,1.0,2.0,True,False,True,False,False,False,False,0
20.0,5.0,36.0,3.0,3,1.0,2.0,False,False,True,False,False,False,False,0
8.0,5.0,36.0,4.0,3,1.0,1.0,False,False,False,False,False,False,False,0
1.0,5.0,36.0,4.0,3,3.0,2.0,True,False,False,False,False,False,True,0
47.0,3.0,36.0,1.0,1,1.0,2.0,True,False,False,False,False,False,False,0
32.0,5.0,36.0,2.0,3,1.0,1.0,True,False,False,False,True,False,False,0
11.0,5.0,36.0,3.0,5,1.0,1.0,True,False,True,False,False,False,False,0
40.0,1.0,48.0,1.0,1,1.0,2.0,False,False,True,False,False,False,False,0
38.0,1.0,44.0,1.0,2,1.0,2.0,True,False,False,True,False,False,False,0
80.0,1.0,36.0,3.0,2,1.0,2.0,True,True,False,False,False,False,False,0
30.0,1.0,45.0,1.0,1,1.0,2.0,False,False,False,False,False,True,False,0
23.0,1.0,42.0,1.0,2,1.0,2.0,True,False,False,True,False,False,False,0
57.0,5.0,40.0,1.0,1,1.0,2.0,True,False,False,True,False,False,False,0
32.0,1.0,36.0,3.0,3,1.0,2.0,True,True,False,False,False,False,False,0
12.0,5.0,36.0,3.0,5,1.0,1.0,True,False,True,False,False,False,False,0
9.0,5.0,36.0,4.0,5,1.0,1.0,False,False,False,False,False,False,False,0
36.0,1.0,36.0,3.0,4,1.0,2.0,False,False,True,False,False,False,False,0
44.0,2.0,30.0,1.0,2,1.0,2.0,False,False,False,True,False,False,False,0
16.0,5.0,36.0,3.0,3,1.0,1.0,True,False,True,False,False,False,False,0
13.0,5.0,36.0,3.0,3,1.0,1.0,False,False,True,False,False,False,False,0
38.0,1.0,24.0,1.0,1,1.0,2.0,False,False,True,False,False,False,False,0
37.0,1.0,20.0,1.0,2,1.0,2.0,True,False,False,True,False,False,False,0
12.0,5.0,36.0,3.0,3,1.0,1.0,False,False,True,False,False,False,False,0
8.0,5.0,36.0,4.0,3,1.0,1.0,False,False,False,False,False,False,False,0
45.0,2.0,45.0,1.0,1,1.0,2.0,False,False,False,True,False,False,False,0
39.0,2.0,54.0,1.0,2,1.0,2.0,True,False,False,True,False,False,False,0
35.0,1.0,36.0,3.0,1,1.0,2.0,True,False,True,False,False,False,False,0
34.0,1.0,40.0,1.0,2,1.0,2.0,False,False,True,False,False,False,False,0
16.0,5.0,36.0,3.0,3,1.0,1.0,False,False,True,False,False,False,False,0
13.0,5.0,36.0,3.0,3,1.0,1.0,False,False,True,False,False,False,False,0
9.0,5.0,36.0,4.0,3,1.0,1.0,True,False,False,False,False,False,False,0
3.0,5.0,36.0,4.0,3,2.0,1.0,True,False,False,False,False,False,True,0
27.0,1.0,33.0,1.0,1,1.0,2.0,True,False,False,True,False,False,False,0
29.0,1.0,30.0,1.0,2,1.0,2.0,False,False,False,True,False,False,False,0
36.0,3.0,66.0,1.0,1,1.0,2.0,True,False,False,False,False,True,False,0
13.0,5.0,36.0,3.0,3,1.0,1.0,False,False,True,False,False,False,False,0
7.0,5.0,36.0,4.0,3,1.0,1.0,False,False,False,False,False,False,False,0
29.0,3.0,17.0,1.0,1,1.0,2.0,True,False,True,False,False,False,False,0
24.0,5.0,48.0,1.0,8,1.0,2.0,False,False,False,True,False,False,False,0
10.0,5.0,36.0,3.0,3,1.0,1.0,False,False,False,False,False,False,False,0
3.0,5.0,36.0,4.0,3,2.0,3.0,True,False,False,False,False,False,True,0
62.0,5.0,36.0,3.0,1,1.0,2.0,True,False,False,True,False,False,False,0
46.0,2.0,36.0,2.0,1,1.0,2.0,False,False,False,True,False,False,False,0
30.0,1.0,36.0,3.0,3,1.0,2.0,True,False,True,False,False,False,False,0
40.0,1.0,18.0,1.0,4,1.0,2.0,False,False,False,False,False,False,False,0
1.0,5.0,36.0,4.0,5,3.0,2.0,False,False,False,False,False,False,True,0
85.0,4.0,36.0,3.0,1,1.0,2.0,False,True,False,False,False,False,False,0
49.0,1.0,35.0,1.0,3,1.0,2.0,True,False,False,True,False,False,False,0
72.0,5.0,36.0,3.0,1,1.0,2.0,True,False,False,False,False,True,False,0
83.0,1.0,36.0,3.0,1,1.0,2.0,False,True,False,False,False,False,False,0
84.0,5.0,36.0,3.0,1,1.0,2.0,True,True,False,False,False,False,False,0
82.0,5.0,36.0,3.0,8,1.0,2.0,True,True,False,False,False,False,False,0
45.0,1.0,48.0,1.0,1,1.0,2.0,False,False,True,False,False,False,False,0
28.0,1.0,42.0,1.0,2,1.0,2.0,True,False,False,True,False,False,False,0
28.0,1.0,21.0,1.0,1,1.0,1.0,False,False,False,False,True,False,False,0
29.0,1.0,49.0,1.0,2,1.0,2.0,True,False,False,False,False,True,False,0
71.0,4.0,36.0,3.0,1,1.0,2.0,True,False,True,False,False,False,False,0
69.0,2.0,36.0,3.0,1,1.0,2.0,False,False,False,True,False,False,False,0
66.0,2.0,36.0,3.0,2,1.0,2.0,True,False,False,True,False,False,False,0
43.0,5.0,72.0,1.0,3,1.0,2.0,False,False,False,True,False,False,False,0
75.0,4.0,36.0,3.0,1,1.0,2.0,True,False,False,True,False,False,False,0
45.0,3.0,48.0,1.0,3,1.0,2.0,False,False,False,True,False,False,False,0
46.0,1.0,18.0,1.0,2,1.0,2.0,True,True,False,False,False,False,False,0
47.0,1.0,48.0,1.0,1,1.0,2.0,False,False,False,True,False,False,False,0
80.0,5.0,36.0,3.0,6,1.0,2.0,True,False,False,True,False,False,False,0
19.0,5.0,36.0,3.0,3,1.0,1.0,True,False,False,False,True,False,False,0
4.0,5.0,36.0,4.0,3,1.0,1.0,True,False,False,False,False,False,True,0
26.0,5.0,30.0,1.0,3,1.0,2.0,False,False,False,True,False,False,False,0
14.0,5.0,36.0,3.0,3,1.0,1.0,True,False,True,False,False,False,False,0
13.0,5.0,36.0,3.0,3,1.0,1.0,True,False,True,False,False,False,False,0
51.0,1.0,40.0,1.0,1,1.0,2.0,False,False,False,False,False,False,False,0
78.0,4.0,36.0,3.0,1,1.0,2.0,True,False,False,False,False,False,False,0
22.0,5.0,36.0,3.0,5,1.0,1.0,True,False,False,False,True,False,False,0
58.0,2.0,0.0,1.0,1,1.0,2.0,False,False,False,False,False,True,False,0
56.0,2.0,36.0,3.0,2,1.0,2.0,True,False,False,False,True,False,False,0
27.0,5.0,30.0,1.0,3,1.0,2.0,False,False,False,False,False,True,False,0
52.0,1.0,14.0,1.0,2,1.0,2.0,False,False,True,False,False,False,False,0
20.0,5.0,36.0,3.0,3,1.0,1.0,False,False,False,False,True,False,False,0
15.0,5.0,36.0,3.0,3,1.0,1.0,False,False,True,False,False,False,False,0
45.0,2.0,48.0,1.0,2,1.0,2.0,True,False,False,True,False,False,False,0
23.0,5.0,38.0,1.0,3,1.0,2.0,False,False,False,False,False,True,False,0
12.0,5.0,36.0,3.0,3,1.0,1.0,False,False,False,False,False,False,False,0
43.0,5.0,36.0,2.0,1,1.0,2.0,False,False,False,True,False,False,False,0
46.0,1.0,36.0,3.0,1,1.0,2.0,True,False,False,False,True,False,False,0
63.0,1.0,30.0,1.0,2,1.0,2.0,False,False,False,False,True,False,False,0
16.0,5.0,36.0,3.0,3,1.0,1.0,True,False,True,False,False,False,False,0
51.0,1.0,36.0,3.0,1,1.0,2.0,True,False,False,False,False,True,False,0
74.0,2.0,12.0,1.0,1,1.0,2.0,False,False,False,False,False,True,False,0
71.0,2.0,36.0,3.0,2,1.0,2.0,True,False,False,False,False,True,False,0
47.0,1.0,35.0,1.0,4,1.0,2.0,False,False,False,True,False,False,False,0
36.0,2.0,51.0,1.0,1,1.0,2.0,False,False,False,False,True,False,False,0
36.0,2.0,36.0,3.0,2,1.0,2.0,True,False,True,False,False,False,False,0
19.0,5.0,36.0,3.0,3,1.0,2.0,True,False,False,True,False,False,False,0
7.0,5.0,36.0,4.0,3,1.0,1.0,True,False,False,False,False,False,False,0
82.0,2.0,36.0,3.0,1,1.0,2.0,True,True,False,False,False,False,False,0
81.0,2.0,36.0,3.0,2,1.0,2.0,False,False,False,False,False,False,False,0
42.0,1.0,30.0,1.0,1,1.0,2.0,False,False,False,False,False,True,False,0
35.0,1.0,35.0,1.0,2,1.0,2.0,True,False,False,False,False,True,False,0
11.0,5.0,36.0,3.0,3,1.0,1.0,False,False,True,False,False,False,False,0
1.0,5.0,36.0,4.0,3,3.0,2.0,True,False,False,False,False,False,True,0
43.0,5.0,4.0,1.0,3,1.0,2.0,False,False,True,False,False,False,False,0
55.0,3.0,32.0,1.0,1,1.0,2.0,True,False,False,False,False,True,False,0
25.0,5.0,32.0,1.0,3,1.0,1.0,False,False,False,False,True,False,False,0
22.0,5.0,28.0,1.0,3,1.0,1.0,True,False,False,False,True,False,False,0
48.0,2.0,60.0,1.0,1,1.0,2.0,False,False,False,True,False,False,False,0
43.0,2.0,40.0,1.0,1,1.0,2.0,False,False,False,False,False,True,False,0
43.0,2.0,36.0,3.0,2,1.0,2.0,True,False,False,True,False,False,False,0
16.0,5.0,36.0,3.0,3,1.0,2.0,False,False,False,False,False,False,False,0
14.0,5.0,36.0,3.0,3,1.0,2.0,False,False,False,False,False,False,False,0
60.0,5.0,0.0,1.0,1,1.0,2.0,False,False,False,False,True,False,False,0
31.0,1.0,36.0,3.0,1,1.0,1.0,True,False,True,False,False,False,False,0
50.0,1.0,30.0,1.0,2,1.0,1.0,False,False,False,False,True,False,False,0
10.0,5.0,36.0,3.0,3,1.0,1.0,False,False,False,False,False,False,False,0
8.0,5.0,36.0,4.0,3,1.0,1.0,False,False,False,False,False,False,False,0
5.0,5.0,36.0,4.0,3,1.0,1.0,True,False,False,False,False,False,True,0
61.0,2.0,0.0,1.0,1,1.0,2.0,False,False,True,False,False,False,False,0
60.0,2.0,0.0,1.0,2,1.0,2.0,True,False,False,False,False,True,False,0
32.0,5.0,36.0,2.0,3,1.0,2.0,False,False,False,True,False,False,False,0
36.0,5.0,48.0,1.0,3,1.0,2.0,False,False,False,True,False,False,False,0
43.0,1.0,30.0,1.0,1,1.0,2.0,False,False,False,True,False,False,False,0
42.0,1.0,24.0,1.0,2,1.0,2.0,True,False,False,False,True,False,False,0
9.0,5.0,36.0,4.0,3,1.0,1.0,False,False,False,False,False,False,False,0
5.0,5.0,36.0,4.0,3,1.0,1.0,False,False,False,False,False,False,True,0
43.0,1.0,30.0,1.0,2,1.0,2.0,True,False,False,True,False,False,False,0
68.0,2.0,36.0,3.0,1,1.0,2.0,False,False,False,True,False,False,False,0
67.0,2.0,36.0,3.0,2,1.0,2.0,True,False,False,False,False,True,False,0
32.0,5.0,36.0,2.0,3,1.0,2.0,True,False,False,False,False,True,False,0
76.0,4.0,36.0,3.0,1,1.0,2.0,False,True,False,False,False,False,False,0
75.0,5.0,36.0,3.0,8,1.0,2.0,True,True,False,False,False,False,False,0
52.0,1.0,84.0,1.0,1,1.0,2.0,False,False,False,False,False,True,False,0
47.0,1.0,12.0,1.0,2,1.0,2.0,True,False,False,False,False,True,False,0
42.0,1.0,36.0,2.0,1,1.0,2.0,False,True,False,False,False,False,False,0
41.0,1.0,0.0,1.0,2,1.0,2.0,True,False,False,True,False,False,False,0
21.0,5.0,36.0,3.0,3,1.0,2.0,True,False,False,False,True,False,False,0
10.0,5.0,36.0,3.0,3,1.0,1.0,True,False,False,False,False,False,False,0
40.0,2.0,30.0,1.0,2,1.0,2.0,True,False,False,False,False,True,False,0
51.0,2.0,45.0,1.0,1,1.0,2.0,False,False,False,False,False,True,False,0
41.0,2.0,20.0,1.0,1,1.0,1.0,True,False,False,False,True,False,False,0
38.0,2.0,40.0,1.0,2,1.0,2.0,False,False,True,False,False,False,False,0
18.0,5.0,36.0,3.0,3,1.0,2.0,True,False,False,True,False,False,False,0
21.0,5.0,36.0,3.0,1,1.0,1.0,False,False,False,False,True,False,False,0
62.0,2.0,36.0,3.0,1,1.0,2.0,False,True,False,False,False,False,False,0
59.0,2.0,40.0,1.0,2,1.0,2.0,True,False,True,False,False,False,False,0
45.0,1.0,40.0,1.0,1,1.0,2.0,True,False,False,False,False,True,False,0
8.0,5.0,36.0,4.0,3,1.0,1.0,False,False,False,False,False,False,False,0
44.0,1.0,44.0,1.0,2,1.0,1.0,False,False,True,False,False,False,False,0
39.0,1.0,30.0,1.0,1,1.0,1.0,True,False,False,False,True,False,False,0
34.0,5.0,36.0,4.0,3,3.0,2.0,False,False,False,False,False,False,True,0
50.0,2.0,40.0,1.0,1,1.0,2.0,False,False,False,True,False,False,False,0
50.0,2.0,0.0,1.0,2,1.0,2.0,True,False,False,False,False,True,False,0
83.0,1.0,36.0,3.0,1,1.0,2.0,False,True,False,False,False,False,False,0
78.0,1.0,36.0,3.0,2,1.0,2.0,True,False,True,False,False,False,False,0
20.0,1.0,65.0,1.0,1,1.0,2.0,False,False,False,True,False,False,False,0
20.0,1.0,56.0,1.0,2,1.0,2.0,True,False,False,True,False,False,False,0
34.0,5.0,36.0,4.0,3,3.0,2.0,True,False,False,False,False,False,True,0
60.0,4.0,36.0,3.0,1,1.0,2.0,True,False,False,True,False,False,False,0
34.0,5.0,36.0,2.0,3,1.0,2.0,True,False,False,True,False,False,False,0
37.0,5.0,36.0,2.0,3,1.0,2.0,False,False,False,True,False,False,False,0
76.0,2.0,36.0,3.0,1,1.0,2.0,False,False,False,True,False,False,False,0
81.0,2.0,36.0,3.0,2,1.0,2.0,False,False,False,False,False,True,False,0
19.0,5.0,36.0,3.0,5,1.0,1.0,False,False,False,False,True,False,False,0
28.0,1.0,52.0,1.0,5,1.0,2.0,False,False,True,False,False,False,False,0
2.0,5.0,36.0,4.0,9,2.0,3.0,True,False,False,False,False,False,True,0
24.0,1.0,3.0,1.0,10,1.0,2.0,True,False,True,False,False,False,False,0
72.0,4.0,36.0,3.0,1,1.0,2.0,True,False,True,False,False,False,False,0
49.0,5.0,36.0,3.0,3,2.0,2.0,True,False,False,False,False,False,False,0
44.0,2.0,36.0,3.0,2,1.0,2.0,True,False,False,True,False,False,False,0
14.0,5.0,36.0,3.0,3,1.0,1.0,False,False,True,False,False,False,False,0
74.0,4.0,36.0,3.0,1,1.0,2.0,True,True,False,False,False,False,False,0
45.0,5.0,30.0,1.0,1,1.0,2.0,False,False,False,False,False,True,False,0
21.0,5.0,40.0,1.0,3,1.0,2.0,False,False,False,True,False,False,False,0
44.0,1.0,44.0,1.0,1,1.0,2.0,False,False,False,False,True,False,False,0
58.0,5.0,0.0,1.0,1,1.0,2.0,True,False,False,False,False,True,False,0
28.0,5.0,48.0,1.0,3,1.0,2.0,False,False,False,True,False,False,False,0
26.0,5.0,40.0,1.0,3,1.0,2.0,False,False,False,True,False,False,False,0
53.0,1.0,25.0,1.0,4,1.0,2.0,True,True,False,False,False,False,False,0
81.0,1.0,36.0,3.0,1,1.0,2.0,False,False,False,False,False,True,False,0
71.0,1.0,36.0,3.0,2,1.0,2.0,True,False,False,False,False,True,False,0
17.0,5.0,36.0,3.0,4,1.0,2.0,True,False,False,True,False,False,False,0
1.0,5.0,36.0,4.0,5,3.0,2.0,False,False,False,False,False,False,True,0
47.0,4.0,0.0,1.0,1,1.0,2.0,True,False,False,False,False,True,False,0
26.0,5.0,24.0,1.0,3,1.0,2.0,False,False,True,False,False,False,False,0
18.0,5.0,45.0,1.0,3,1.0,2.0,False,False,True,False,False,False,False,0
19.0,5.0,72.0,1.0,3,1.0,1.0,False,False,True,False,False,False,False,0
9.0,5.0,36.0,4.0,3,1.0,1.0,True,False,False,False,False,False,False,0
7.0,5.0,36.0,4.0,3,1.0,1.0,False,False,False,False,False,False,False,0
74.0,4.0,5.0,1.0,1,1.0,2.0,False,True,False,False,False,False,False,0
55.0,1.0,40.0,1.0,3,1.0,2.0,False,True,False,False,False,False,False,0
45.0,1.0,40.0,1.0,1,1.0,2.0,True,False,False,False,False,True,False,0
45.0,1.0,35.0,1.0,2,1.0,2.0,False,False,False,False,False,True,False,0
11.0,5.0,36.0,3.0,3,1.0,1.0,False,False,False,False,False,False,False,0
21.0,5.0,40.0,1.0,3,1.0,1.0,False,False,False,False,True,False,False,0
62.0,1.0,24.0,1.0,1,1.0,2.0,True,False,False,False,True,False,False,0
67.0,1.0,36.0,3.0,2,1.0,2.0,False,False,False,True,False,False,False,0
86.0,4.0,36.0,3.0,1,1.0,2.0,True,False,False,True,False,False,False,0
34.0,5.0,36.0,4.0,3,3.0,2.0,False,False,False,False,False,False,True,0
28.0,5.0,36.0,3.0,1,1.0,2.0,True,False,True,False,False,False,False,0
11.0,5.0,36.0,3.0,3,1.0,2.0,True,False,False,False,False,False,False,0
8.0,5.0,36.0,4.0,3,1.0,2.0,False,False,False,False,False,False,False,0
41.0,1.0,70.0,1.0,2,1.0,2.0,False,False,False,False,True,False,False,0
60.0,2.0,36.0,3.0,1,1.0,2.0,False,False,False,False,False,True,False,0
60.0,2.0,36.0,2.0,2,1.0,2.0,True,False,False,False,False,True,False,0
20.0,5.0,36.0,3.0,3,1.0,2.0,True,False,False,False,True,False,False,0
43.0,5.0,36.0,3.0,1,1.0,2.0,False,False,False,False,True,False,False,0
32.0,5.0,50.0,1.0,1,1.0,2.0,False,False,False,False,True,False,False,0
35.0,5.0,63.0,1.0,3,1.0,1.0,False,False,False,False,True,False,False,0
23.0,5.0,36.0,3.0,3,1.0,2.0,False,False,True,False,False,False,False,0
56.0,2.0,36.0,3.0,1,1.0,2.0,False,False,False,False,True,False,False,0
56.0,2.0,36.0,3.0,2,1.0,2.0,True,False,False,False,False,True,False,0
19.0,5.0,36.0,3.0,3,1.0,1.0,True,False,False,False,True,False,False,0
61.0,3.0,36.0,3.0,1,1.0,2.0,True,False,False,True,False,False,False,0
76.0,5.0,36.0,3.0,1,1.0,2.0,True,False,False,False,False,True,False,0
67.0,5.0,36.0,3.0,8,1.0,2.0,True,False,False,False,False,True,False,0
48.0,1.0,36.0,3.0,2,1.0,2.0,True,False,False,True,False,False,False,0
24.0,5.0,48.0,1.0,3,1.0,2.0,False,False,False,True,False,False,False,0
21.0,5.0,36.0,3.0,3,1.0,1.0,True,False,False,False,True,False,False,0
11.0,5.0,36.0,3.0,3,1.0,1.0,True,False,False,False,False,False,False,0
47.0,1.0,40.0,1.0,1,2.0,3.0,False,False,False,False,False,False,True,0
72.0,1.0,36.0,3.0,1,1.0,2.0,True,True,False,False,False,False,False,0
75.0,1.0,36.0,3.0,2,1.0,2.0,False,True,False,False,False,False,False,0
27.0,5.0,48.0,1.0,3,1.0,2.0,True,False,True,False,False,False,False,0
30.0,1.0,28.0,1.0,4,1.0,2.0,True,False,False,True,False,False,False,0
32.0,1.0,40.0,1.0,3,1.0,2.0,False,False,True,False,False,False,False,0
37.0,5.0,36.0,3.0,9,1.0,2.0,False,False,False,False,False,False,False,0
50.0,1.0,36.0,2.0,1,1.0,2.0,True,False,False,True,False,False,False,0
49.0,1.0,9.0,1.0,2,1.0,2.0,True,False,False,False,True,False,False,0
18.0,5.0,36.0,3.0,3,1.0,1.0,False,False,True,False,False,False,False,0
63.0,2.0,58.0,1.0,1,1.0,2.0,False,False,False,False,True,False,False,0
61.0,2.0,36.0,3.0,2,1.0,2.0,True,False,False,True,False,False,False,0
26.0,1.0,30.0,1.0,1,1.0,2.0,False,False,False,False,False,True,False,0
22.0,1.0,24.0,1.0,2,1.0,1.0,True,False,False,False,True,False,False,0
41.0,1.0,30.0,1.0,1,1.0,2.0,False,False,False,True,False,False,False,0
33.0,1.0,36.0,3.0,2,1.0,2.0,True,False,False,True,False,False,False,0
9.0,5.0,36.0,4.0,3,1.0,1.0,False,False,False,False,False,False,False,0
60.0,3.0,0.0,1.0,1,1.0,2.0,True,False,False,True,False,False,False,0
25.0,5.0,3.0,1.0,3,1.0,2.0,True,False,False,False,False,True,False,0
50.0,1.0,60.0,1.0,1,1.0,2.0,True,False,False,False,False,True,False,0
54.0,1.0,60.0,1.0,2,1.0,2.0,False,False,False,True,False,False,False,0
16.0,5.0,36.0,3.0,3,1.0,1.0,False,False,True,False,False,False,False,0
71.0,3.0,36.0,3.0,1,1.0,2.0,True,False,False,False,True,False,False,0
76.0,4.0,36.0,3.0,1,1.0,2.0,True,False,False,False,False,True,False,0
84.0,5.0,36.0,3.0,10,1.0,2.0,True,False,False,False,False,True,False,0
11.0,5.0,36.0,3.0,3,1.0,1.0,False,False,False,False,False,False,False,0
37.0,4.0,20.0,1.0,1,1.0,2.0,False,True,False,False,False,False,False,0
20.0,5.0,24.0,1.0,3,1.0,1.0,False,False,False,False,True,False,False,0
22.0,5.0,24.0,1.0,3,1.0,2.0,True,False,False,True,False,False,False,0
47.0,1.0,36.0,1.0,1,1.0,2.0,False,True,False,False,False,False,False,0
46.0,1.0,36.0,3.0,2,1.0,2.0,True,False,False,True,False,False,False,0
17.0,5.0,36.0,3.0,3,1.0,1.0,False,False,True,False,False,False,False,0
15.0,5.0,36.0,3.0,3,1.0,1.0,True,False,True,False,False,False,False,0
13.0,5.0,36.0,3.0,3,1.0,1.0,False,False,True,False,False,False,False,0
61.0,2.0,36.0,3.0,1,1.0,2.0,False,False,False,False,False,True,False,0
56.0,2.0,0.0,1.0,2,1.0,2.0,True,False,False,False,False,True,False,0
22.0,5.0,0.0,1.0,3,1.0,1.0,True,False,False,False,True,False,False,0
5.0,5.0,36.0,4.0,3,2.0,1.0,True,False,False,False,False,False,True,0
3.0,5.0,36.0,4.0,3,2.0,1.0,True,False,False,False,False,False,True,0
11.0,5.0,36.0,3.0,3,1.0,1.0,False,False,False,False,False,False,False,0
41.0,2.0,30.0,1.0,1,1.0,2.0,False,False,False,True,False,False,False,0
48.0,2.0,20.0,1.0,2,1.0,2.0,True,False,False,True,False,False,False,0
42.0,2.0,50.0,1.0,1,1.0,2.0,False,True,False,False,False,False,False,0
41.0,2.0,36.0,3.0,2,1.0,2.0,True,True,False,False,False,False,False,0
18.0,5.0,36.0,3.0,3,1.0,2.0,True,False,False,True,False,False,False,0
15.0,5.0,36.0,3.0,3,1.0,1.0,True,False,True,False,False,False,False,0
14.0,5.0,36.0,3.0,3,1.0,2.0,False,True,False,False,False,False,False,0
9.0,5.0,36.0,4.0,3,1.0,1.0,True,False,False,False,False,False,False,0
7.0,5.0,36.0,4.0,3,1.0,1.0,True,False,False,False,False,False,False,0
28.0,5.0,20.0,1.0,1,1.0,2.0,True,False,False,False,False,True,False,0
44.0,1.0,40.0,1.0,1,1.0,2.0,False,False,False,False,False,True,False,0
34.0,1.0,30.0,1.0,2,1.0,2.0,True,False,False,False,False,True,False,0
53.0,2.0,56.0,1.0,1,1.0,2.0,True,False,False,False,False,True,False,0
51.0,2.0,36.0,1.0,2,1.0,2.0,True,False,False,True,False,False,False,0
64.0,3.0,50.0,1.0,1,1.0,2.0,True,False,False,False,False,True,False,0
32.0,5.0,40.0,1.0,3,1.0,2.0,False,False,False,False,False,True,False,0
39.0,2.0,36.0,1.0,1,1.0,2.0,False,False,True,False,False,False,False,0
24.0,5.0,30.0,1.0,3,1.0,2.0,True,False,False,False,False,True,False,0
62.0,2.0,18.0,1.0,1,1.0,2.0,False,False,False,True,False,False,False,0
61.0,2.0,9.0,1.0,2,1.0,2.0,True,False,False,True,False,False,False,0
31.0,5.0,36.0,3.0,3,1.0,2.0,False,False,False,False,False,False,False,0
29.0,5.0,36.0,3.0,3,1.0,1.0,True,False,False,False,True,False,False,0
68.0,1.0,36.0,3.0,1,1.0,2.0,False,False,True,False,False,False,False,0
71.0,1.0,36.0,3.0,2,1.0,2.0,True,False,True,False,False,False,False,0
73.0,4.0,36.0,3.0,1,1.0,2.0,True,False,True,False,False,False,False,0
33.0,5.0,40.0,1.0,1,2.0,1.0,True,False,False,False,False,False,False,0
16.0,5.0,36.0,3.0,3,1.0,1.0,True,False,True,False,False,False,False,0
7.0,5.0,36.0,4.0,3,1.0,1.0,True,False,False,False,False,False,False,0
10.0,5.0,36.0,3.0,3,1.0,1.0,False,False,False,False,False,False,False,0
5.0,5.0,36.0,4.0,3,1.0,1.0,True,False,False,False,False,False,False,0
44.0,1.0,18.0,1.0,2,1.0,2.0,False,False,False,False,False,False,False,0
68.0,1.0,36.0,3.0,1,1.0,2.0,False,False,False,False,False,False,False,0
69.0,2.0,30.0,1.0,8,1.0,2.0,False,False,False,False,False,True,False,0
57.0,2.0,36.0,3.0,9,1.0,2.0,True,False,False,False,False,True,False,0
42.0,1.0,9.0,1.0,1,1.0,2.0,True,False,False,True,False,False,False,0
22.0,5.0,48.0,1.0,3,1.0,2.0,False,False,False,True,False,False,False,0
20.0,5.0,36.0,2.0,3,1.0,1.0,False,False,True,False,False,False,False,0
13.0,5.0,36.0,3.0,3,1.0,1.0,True,False,True,False,False,False,False,0
10.0,5.0,36.0,3.0,3,1.0,1.0,True,False,False,False,False,False,False,0
73.0,3.0,36.0,3.0,1,1.0,2.0,True,False,False,False,False,True,False,0
44.0,5.0,0.0,1.0,1,1.0,1.0,True,False,False,False,True,False,False,0
21.0,5.0,36.0,3.0,3,1.0,1.0,False,False,False,False,True,False,False,0
20.0,5.0,36.0,3.0,3,1.0,1.0,True,False,False,False,True,False,False,0
63.0,4.0,8.0,1.0,1,1.0,2.0,True,False,True,False,False,False,False,0
35.0,1.0,36.0,3.0,3,1.0,2.0,True,False,False,True,False,False,False,0
33.0,5.0,0.0,1.0,3,1.0,2.0,True,False,True,False,False,False,False,0
35.0,1.0,10.0,1.0,4,1.0,2.0,False,False,False,True,False,False,False,0
36.0,1.0,50.0,1.0,2,1.0,2.0,False,False,True,False,False,False,False,0
24.0,5.0,36.0,2.0,3,1.0,2.0,False,False,True,False,False,False,False,0
71.0,2.0,36.0,3.0,1,1.0,2.0,False,True,False,False,False,False,False,0
77.0,2.0,36.0,3.0,2,1.0,2.0,True,True,False,False,False,False,False,0
60.0,1.0,56.0,1.0,1,1.0,2.0,False,False,False,True,False,False,False,0
55.0,1.0,35.0,1.0,2,1.0,2.0,True,False,False,False,False,True,False,0
28.0,5.0,0.0,1.0,3,1.0,2.0,True,False,False,False,False,True,False,0
21.0,5.0,48.0,1.0,3,1.0,2.0,False,False,False,True,False,False,False,0
47.0,1.0,25.0,1.0,1,1.0,2.0,False,False,True,False,False,False,False,0
80.0,4.0,36.0,3.0,6,1.0,2.0,True,True,False,False,False,False,False,0
47.0,1.0,24.0,1.0,2,1.0,2.0,True,False,False,True,False,False,False,0
19.0,5.0,36.0,3.0,3,1.0,1.0,True,False,True,False,False,False,False,0
3.0,5.0,36.0,4.0,5,2.0,3.0,True,False,False,False,False,False,True,0
68.0,2.0,36.0,3.0,1,1.0,2.0,False,False,False,True,False,False,False,0
60.0,2.0,44.0,1.0,2,1.0,2.0,True,False,False,True,False,False,False,0
7.0,5.0,36.0,4.0,5,1.0,1.0,False,False,False,False,False,False,False,0
35.0,3.0,24.0,1.0,3,1.0,2.0,False,True,False,False,False,False,False,0
57.0,2.0,44.0,1.0,1,1.0,2.0,False,False,False,False,False,True,False,0
58.0,2.0,36.0,3.0,2,1.0,2.0,True,False,False,False,False,True,False,0
28.0,5.0,24.0,1.0,3,1.0,2.0,False,False,True,False,False,False,False,0
56.0,3.0,0.0,1.0,1,1.0,2.0,False,False,False,True,False,False,False,0
63.0,2.0,24.0,1.0,1,1.0,2.0,False,True,False,False,False,False,False,0
60.0,2.0,36.0,3.0,2,1.0,2.0,True,True,False,False,False,False,False,0
35.0,5.0,36.0,2.0,3,1.0,2.0,False,False,True,False,False,False,False,0
53.0,2.0,30.0,1.0,2,1.0,2.0,True,False,False,False,False,True,False,0
25.0,5.0,0.0,1.0,3,1.0,1.0,False,False,False,False,True,False,False,0
23.0,5.0,36.0,3.0,3,1.0,1.0,True,False,False,False,True,False,False,0
75.0,4.0,36.0,3.0,1,1.0,2.0,True,False,True,False,False,False,False,0
50.0,5.0,45.0,1.0,3,1.0,2.0,True,False,False,False,True,False,False,0
42.0,1.0,25.0,1.0,1,1.0,2.0,True,False,False,False,False,True,False,0
43.0,1.0,40.0,1.0,2,1.0,2.0,False,False,False,False,False,True,False,0
22.0,5.0,12.0,1.0,3,1.0,2.0,False,False,False,True,False,False,False,0
53.0,2.0,40.0,1.0,1,1.0,2.0,False,False,False,False,False,True,False,0
47.0,1.0,36.0,1.0,1,1.0,2.0,False,False,False,True,False,False,False,0
38.0,1.0,36.0,3.0,2,1.0,2.0,True,False,False,True,False,False,False,0
12.0,5.0,36.0,3.0,3,1.0,1.0,True,False,True,False,False,False,False,0
73.0,2.0,36.0,3.0,1,1.0,2.0,True,True,False,False,False,False,False,0
69.0,2.0,11.0,1.0,2,1.0,2.0,False,True,False,False,False,False,False,0
82.0,2.0,36.0,3.0,1,1.0,2.0,False,False,False,True,False,False,False,0
81.0,2.0,36.0,3.0,2,1.0,2.0,True,False,False,True,False,False,False,0
9.0,5.0,36.0,4.0,3,1.0,1.0,False,False,False,False,False,False,False,0
66.0,2.0,36.0,3.0,1,1.0,2.0,False,True,False,False,False,False,False,0
66.0,2.0,36.0,3.0,2,1.0,2.0,True,True,False,False,False,False,False,0
20.0,5.0,40.0,1.0,5,1.0,2.0,True,False,False,True,False,False,False,0
45.0,1.0,4.0,1.0,1,1.0,2.0,True,True,False,False,False,False,False,0
46.0,1.0,30.0,1.0,2,1.0,2.0,False,True,False,False,False,False,False,0
12.0,5.0,36.0,2.0,3,1.0,1.0,False,False,False,False,False,False,False,0
18.0,5.0,36.0,3.0,4,1.0,2.0,False,False,False,True,False,False,False,0
66.0,3.0,36.0,3.0,1,1.0,2.0,True,True,False,False,False,False,False,0
53.0,2.0,25.0,1.0,1,1.0,2.0,False,True,False,False,False,False,False,0
52.0,2.0,36.0,3.0,2,1.0,2.0,True,True,False,False,False,False,False,0
22.0,5.0,48.0,1.0,3,1.0,2.0,True,False,False,False,True,False,False,0
26.0,5.0,36.0,2.0,3,1.0,2.0,False,False,False,True,False,False,False,0
59.0,1.0,40.0,1.0,1,1.0,2.0,True,True,False,False,False,False,False,0
58.0,1.0,40.0,1.0,2,1.0,2.0,False,False,True,False,False,False,False,0
38.0,2.0,18.0,1.0,2,1.0,2.0,True,False,False,True,False,False,False,0
4.0,5.0,36.0,4.0,3,2.0,1.0,True,False,False,False,False,False,True,0
11.0,5.0,36.0,3.0,3,1.0,1.0,True,False,False,False,False,False,False,0
68.0,2.0,56.0,1.0,1,1.0,2.0,False,False,False,True,False,False,False,0
64.0,2.0,30.0,1.0,2,1.0,2.0,True,False,False,True,False,False,False,0
30.0,5.0,45.0,1.0,1,1.0,2.0,True,False,False,False,False,True,False,0
28.0,5.0,36.0,3.0,8,1.0,1.0,True,False,False,False,True,False,False,0
27.0,1.0,36.0,3.0,1,1.0,2.0,True,True,False,False,False,False,False,0
40.0,1.0,40.0,1.0,2,1.0,2.0,False,False,False,True,False,False,False,0
21.0,5.0,54.0,1.0,3,1.0,1.0,True,False,False,False,True,False,False,0
11.0,5.0,36.0,3.0,3,1.0,1.0,False,False,False,False,False,False,False,0
4.0,5.0,36.0,4.0,3,2.0,1.0,False,False,False,False,False,False,True,0
2.0,5.0,36.0,4.0,3,2.0,3.0,False,False,False,False,False,False,True,0
39.0,2.0,36.0,1.0,1,1.0,2.0,True,False,False,True,False,False,False,0
40.0,2.0,35.0,1.0,2,1.0,2.0,False,False,False,True,False,False,False,0
8.0,5.0,36.0,4.0,3,1.0,1.0,False,False,False,False,False,False,False,0
12.0,5.0,36.0,3.0,3,1.0,1.0,False,False,True,False,False,False,False,0
71.0,1.0,36.0,3.0,2,1.0,2.0,True,False,False,False,False,False,False,0
21.0,5.0,36.0,3.0,3,1.0,1.0,True,False,False,False,True,False,False,0
60.0,2.0,30.0,1.0,1,1.0,2.0,False,False,False,False,False,True,False,0
50.0,2.0,30.0,1.0,2,1.0,2.0,True,False,False,False,False,True,False,0
28.0,5.0,36.0,3.0,3,1.0,1.0,False,False,False,False,True,False,False,0
37.0,1.0,56.0,1.0,4,1.0,2.0,False,False,False,True,False,False,False,0
12.0,5.0,36.0,3.0,5,1.0,1.0,True,False,True,False,False,False,False,0
66.0,2.0,36.0,3.0,1,1.0,2.0,False,False,False,True,False,False,False,0
63.0,2.0,30.0,1.0,2,1.0,2.0,True,False,False,True,False,False,False,0
33.0,1.0,40.0,1.0,3,1.0,2.0,True,False,False,False,False,True,False,0
6.0,5.0,36.0,4.0,5,1.0,1.0,True,False,False,False,False,False,False,0
2.0,5.0,36.0,4.0,5,2.0,3.0,True,False,False,False,False,False,True,0
23.0,5.0,36.0,3.0,3,1.0,2.0,False,False,False,True,False,False,False,0
46.0,1.0,72.0,1.0,1,1.0,2.0,False,False,True,False,False,False,False,0
32.0,1.0,36.0,3.0,2,1.0,2.0,True,False,False,True,False,False,False,0
15.0,5.0,36.0,3.0,3,1.0,1.0,False,False,True,False,False,False,False,0
10.0,5.0,36.0,3.0,3,1.0,1.0,False,False,False,False,False,False,False,0
7.0,5.0,36.0,4.0,3,1.0,1.0,False,False,False,False,False,False,False,0
58.0,4.0,36.0,3.0,1,1.0,2.0,True,True,False,False,False,False,False,0
44.0,5.0,48.0,1.0,1,1.0,2.0,True,True,False,False,False,False,False,0
63.0,5.0,15.0,1.0,9,1.0,2.0,False,True,False,False,False,False,False,0
47.0,5.0,24.0,1.0,8,1.0,2.0,False,False,False,True,False,False,False,0
77.0,4.0,36.0,3.0,1,1.0,2.0,True,True,False,False,False,False,False,0
46.0,5.0,48.0,1.0,9,1.0,2.0,False,True,False,False,False,False,False,0
20.0,5.0,36.0,3.0,3,1.0,1.0,False,False,False,False,True,False,False,0
43.0,1.0,48.0,1.0,1,1.0,2.0,False,False,False,True,False,False,False,0
43.0,1.0,36.0,3.0,2,1.0,2.0,True,True,False,False,False,False,False,0
22.0,5.0,48.0,1.0,3,1.0,2.0,False,False,False,True,False,False,False,0
9.0,5.0,36.0,4.0,3,1.0,1.0,True,False,False,False,False,False,False,0
16.0,5.0,36.0,3.0,3,1.0,1.0,True,False,True,False,False,False,False,0
45.0,5.0,36.0,3.0,1,1.0,2.0,False,False,False,True,False,False,False,0
56.0,2.0,36.0,3.0,2,1.0,2.0,True,False,False,False,False,True,False,0
23.0,5.0,15.0,1.0,3,1.0,1.0,False,False,False,False,True,False,False,0
21.0,5.0,36.0,3.0,3,1.0,1.0,False,False,False,False,True,False,False,0
19.0,5.0,36.0,3.0,3,1.0,1.0,False,False,False,False,True,False,False,0
93.0,4.0,36.0,3.0,7,1.0,2.0,True,True,False,False,False,False,False,0
23.0,3.0,36.0,2.0,3,1.0,2.0,True,False,False,True,False,False,False,0
5.0,5.0,36.0,4.0,5,2.0,1.0,True,False,False,False,False,False,True,0
56.0,2.0,40.0,1.0,1,1.0,2.0,False,False,False,False,False,True,False,0
30.0,5.0,58.0,1.0,1,1.0,2.0,False,False,False,True,False,False,False,0
28.0,5.0,20.0,1.0,8,1.0,2.0,True,False,False,False,True,False,False,0
85.0,4.0,36.0,3.0,1,1.0,2.0,True,False,False,True,False,False,False,0
12.0,5.0,36.0,3.0,3,1.0,1.0,False,False,False,False,False,False,False,0
10.0,5.0,36.0,3.0,3,1.0,1.0,True,False,False,False,False,False,False,0
63.0,1.0,40.0,1.0,1,1.0,2.0,False,False,False,True,False,False,False,0
60.0,1.0,36.0,3.0,2,1.0,2.0,True,False,True,False,False,False,False,0
31.0,5.0,25.0,1.0,3,1.0,2.0,False,False,False,False,False,True,False,0
27.0,5.0,36.0,3.0,3,1.0,1.0,False,False,False,False,True,False,False,0
24.0,5.0,36.0,3.0,3,1.0,1.0,True,False,False,False,True,False,False,0
22.0,5.0,36.0,3.0,3,1.0,1.0,True,False,False,False,True,False,False,0
40.0,2.0,40.0,1.0,2,1.0,2.0,False,False,False,False,False,True,False,0
23.0,5.0,36.0,3.0,1,1.0,1.0,True,False,False,False,True,False,False,0
19.0,5.0,24.0,1.0,10,1.0,1.0,True,False,False,False,True,False,False,0
38.0,2.0,40.0,1.0,1,1.0,2.0,True,False,False,False,False,True,False,0
24.0,5.0,36.0,3.0,3,1.0,1.0,False,False,False,False,True,False,False,0
23.0,5.0,9.0,1.0,3,1.0,1.0,True,False,False,False,True,False,False,0
21.0,5.0,30.0,1.0,3,1.0,2.0,False,False,False,True,False,False,False,0
16.0,5.0,36.0,3.0,3,1.0,1.0,True,False,True,False,False,False,False,0
51.0,2.0,44.0,1.0,1,1.0,2.0,False,False,False,False,True,False,False,0
49.0,2.0,0.0,1.0,2,1.0,2.0,True,False,False,False,False,True,False,0
60.0,4.0,36.0,3.0,1,1.0,2.0,True,False,False,False,False,False,False,0
41.0,1.0,36.0,3.0,3,1.0,2.0,True,False,False,True,False,False,False,0
39.0,1.0,44.0,1.0,4,1.0,2.0,False,False,False,True,False,False,False,0
13.0,5.0,36.0,3.0,5,1.0,1.0,False,False,False,False,False,False,False,0
8.0,5.0,36.0,4.0,5,1.0,1.0,False,False,False,False,False,False,False,0
52.0,1.0,12.0,1.0,1,1.0,2.0,True,False,False,False,True,False,False,0
53.0,1.0,40.0,1.0,2,1.0,2.0,False,False,False,False,False,False,False,0
32.0,5.0,40.0,1.0,3,1.0,2.0,False,False,True,False,False,False,False,0
30.0,5.0,56.0,1.0,3,1.0,2.0,False,False,True,False,False,False,False,0
19.0,5.0,36.0,2.0,3,1.0,2.0,True,False,False,True,False,False,False,0
72.0,5.0,36.0,3.0,1,1.0,2.0,True,False,False,False,False,False,False,0
31.0,5.0,40.0,1.0,3,1.0,2.0,False,False,True,False,False,False,False,0
28.0,5.0,36.0,3.0,3,1.0,1.0,True,False,True,False,False,False,False,0
12.0,5.0,36.0,3.0,5,1.0,1.0,False,False,True,False,False,False,False,0
67.0,3.0,36.0,3.0,1,1.0,2.0,True,True,False,False,False,False,False,0
43.0,5.0,36.0,3.0,3,1.0,2.0,True,False,False,True,False,False,False,0
42.0,5.0,36.0,3.0,3,1.0,2.0,True,False,False,True,False,False,False,0
55.0,3.0,30.0,1.0,1,1.0,2.0,True,False,False,True,False,False,False,0
70.0,4.0,36.0,3.0,1,1.0,2.0,False,False,False,False,False,False,False,0
44.0,2.0,48.0,1.0,3,1.0,2.0,False,False,False,True,False,False,False,0
20.0,5.0,36.0,3.0,3,1.0,2.0,False,False,False,True,False,False,False,0
41.0,2.0,45.0,1.0,4,1.0,2.0,True,False,True,False,False,False,False,0
18.0,5.0,36.0,3.0,3,1.0,2.0,False,False,False,True,False,False,False,0
52.0,3.0,48.0,1.0,1,1.0,2.0,False,False,False,True,False,False,False,0
18.0,5.0,36.0,3.0,3,1.0,1.0,True,False,False,False,True,False,False,0
37.0,2.0,35.0,1.0,1,1.0,2.0,False,False,False,False,False,True,False,0
51.0,2.0,40.0,1.0,2,1.0,2.0,True,False,False,False,False,True,False,0
20.0,5.0,40.0,1.0,3,1.0,2.0,True,False,False,False,True,False,False,0
8.0,5.0,36.0,4.0,3,1.0,1.0,False,False,False,False,False,False,False,0
48.0,3.0,48.0,1.0,1,1.0,2.0,True,False,False,False,False,True,False,0
21.0,5.0,36.0,3.0,3,1.0,1.0,False,False,False,False,True,False,False,0
23.0,5.0,36.0,2.0,3,1.0,1.0,True,False,False,False,True,False,False,0
32.0,5.0,0.0,1.0,1,1.0,2.0,False,False,False,True,False,False,False,0
32.0,5.0,0.0,1.0,8,1.0,2.0,True,False,False,True,False,False,False,0
23.0,5.0,42.0,1.0,8,1.0,2.0,False,False,False,True,False,False,False,0
25.0,5.0,40.0,1.0,8,1.0,2.0,False,False,False,True,False,False,False,0
24.0,5.0,30.0,1.0,8,1.0,2.0,False,False,False,True,False,False,False,0
23.0,5.0,30.0,1.0,2,1.0,2.0,True,False,False,True,False,False,False,0
59.0,2.0,30.0,1.0,1,1.0,2.0,True,False,False,True,False,False,False,0
59.0,2.0,21.0,1.0,2,1.0,2.0,False,False,False,True,False,False,False,0
26.0,5.0,24.0,1.0,3,1.0,2.0,False,False,False,False,False,True,False,0
33.0,2.0,18.0,1.0,1,1.0,2.0,False,False,True,False,False,False,False,0
32.0,2.0,54.0,1.0,2,1.0,2.0,True,False,True,False,False,False,False,0
14.0,5.0,36.0,3.0,3,1.0,1.0,False,False,True,False,False,False,False,0
12.0,5.0,36.0,3.0,3,1.0,1.0,False,False,True,False,False,False,False,0
53.0,2.0,48.0,1.0,2,1.0,2.0,True,False,False,False,False,True,False,0
17.0,5.0,36.0,3.0,3,1.0,1.0,True,False,False,False,True,False,False,0
19.0,5.0,36.0,3.0,3,1.0,1.0,True,False,False,False,True,False,False,0
19.0,5.0,36.0,3.0,3,1.0,1.0,True,False,False,False,True,False,False,0
55.0,2.0,48.0,1.0,1,1.0,2.0,False,False,False,False,False,True,False,0
47.0,1.0,8.0,1.0,1,1.0,2.0,True,True,False,False,False,False,False,0
51.0,1.0,16.0,1.0,2,1.0,2.0,False,True,False,False,False,False,False,0
28.0,5.0,36.0,3.0,3,1.0,2.0,True,False,False,False,False,False,False,0
45.0,5.0,0.0,1.0,1,1.0,2.0,True,False,False,False,False,True,False,0
85.0,4.0,36.0,3.0,1,1.0,2.0,True,True,False,False,False,False,False,0
29.0,1.0,20.0,1.0,1,1.0,1.0,False,False,False,False,True,False,False,0
28.0,1.0,8.0,1.0,2,1.0,2.0,True,False,False,False,True,False,False,0
62.0,3.0,36.0,3.0,1,1.0,2.0,True,True,False,False,False,False,False,0
52.0,2.0,48.0,1.0,1,1.0,2.0,False,False,False,False,False,True,False,0
51.0,2.0,30.0,1.0,2,1.0,2.0,True,False,False,False,False,True,False,0
22.0,5.0,36.0,3.0,3,1.0,1.0,False,False,False,False,True,False,False,0
19.0,5.0,36.0,3.0,3,1.0,1.0,False,False,False,False,True,False,False,0
2.0,5.0,36.0,4.0,5,2.0,3.0,True,False,False,False,False,False,True,0
76.0,2.0,36.0,3.0,1,1.0,2.0,False,False,False,True,False,False,False,0
77.0,2.0,36.0,3.0,2,1.0,2.0,True,False,False,True,False,False,False,0
26.0,5.0,36.0,3.0,3,1.0,1.0,False,False,False,False,True,False,False,0
55.0,2.0,40.0,1.0,1,1.0,2.0,False,False,False,True,False,False,False,0
54.0,2.0,20.0,1.0,2,1.0,2.0,True,False,False,True,False,False,False,0
28.0,5.0,25.0,1.0,3,1.0,2.0,True,False,False,False,False,True,False,0
72.0,3.0,40.0,1.0,1,1.0,2.0,True,False,False,True,False,False,False,0
26.0,5.0,36.0,2.0,1,1.0,1.0,False,False,False,False,True,False,False,0
84.0,4.0,36.0,3.0,7,1.0,2.0,True,True,False,False,False,False,False,0
79.0,4.0,36.0,3.0,1,1.0,2.0,True,True,False,False,False,False,False,0
29.0,5.0,48.0,1.0,1,1.0,2.0,False,False,True,False,False,False,False,0
29.0,5.0,48.0,1.0,8,1.0,2.0,True,False,False,True,False,False,False,0
8.0,5.0,36.0,4.0,9,1.0,1.0,False,False,False,False,False,False,False,0
2.0,5.0,36.0,4.0,9,2.0,3.0,False,False,False,False,False,False,True,0
48.0,3.0,0.0,1.0,1,1.0,2.0,True,False,False,False,True,False,False,0
19.0,5.0,18.0,1.0,3,1.0,1.0,True,False,False,False,False,True,False,0
60.0,4.0,36.0,3.0,1,1.0,2.0,False,False,False,True,False,False,False,0
21.0,5.0,36.0,3.0,3,1.0,1.0,False,False,False,False,True,False,False,0
64.0,4.0,56.0,1.0,1,1.0,2.0,False,True,False,False,False,False,False,0
72.0,5.0,36.0,3.0,1,1.0,2.0,False,False,False,False,False,False,False,0
40.0,5.0,30.0,1.0,3,1.0,2.0,True,False,True,False,False,False,False,0
41.0,5.0,30.0,1.0,3,1.0,2.0,False,False,True,False,False,False,False,0
55.0,2.0,48.0,1.0,1,1.0,2.0,False,False,False,True,False,False,False,0
46.0,2.0,36.0,3.0,2,1.0,2.0,True,False,True,False,False,False,False,0
26.0,1.0,48.0,1.0,3,1.0,2.0,True,False,False,False,False,True,False,0
6.0,5.0,36.0,4.0,3,1.0,1.0,False,False,False,False,False,False,False,0
7.0,5.0,36.0,4.0,5,1.0,1.0,True,False,False,False,False,False,False,0
30.0,1.0,48.0,1.0,4,1.0,2.0,False,False,False,False,False,True,False,0
82.0,4.0,36.0,3.0,1,1.0,2.0,True,False,False,False,False,False,False,0
8.0,5.0,36.0,4.0,5,1.0,1.0,True,False,False,False,False,False,False,0
74.0,2.0,36.0,3.0,1,1.0,2.0,False,True,False,False,False,False,False,0
64.0,2.0,36.0,3.0,2,1.0,2.0,True,True,False,False,False,False,False,0
14.0,5.0,36.0,3.0,3,1.0,1.0,False,False,True,False,False,False,False,0
9.0,5.0,36.0,4.0,3,1.0,1.0,True,False,False,False,False,False,False,0
29.0,2.0,32.0,1.0,3,1.0,2.0,False,False,False,False,False,False,False,0
31.0,2.0,36.0,3.0,4,1.0,2.0,True,False,True,False,False,False,False,0
35.0,5.0,0.0,1.0,1,1.0,2.0,True,False,False,False,False,True,False,0
6.0,5.0,36.0,4.0,3,1.0,1.0,False,False,False,False,False,False,False,0
90.0,4.0,36.0,3.0,1,1.0,2.0,True,False,False,False,False,True,False,0
68.0,5.0,36.0,3.0,1,1.0,2.0,False,True,False,False,False,False,False,0
60.0,5.0,48.0,1.0,8,1.0,2.0,False,True,False,False,False,False,False,0
67.0,5.0,36.0,3.0,8,1.0,2.0,False,True,False,False,False,False,False,0
88.0,4.0,36.0,3.0,1,2.0,3.0,True,False,False,False,False,False,True,0
55.0,2.0,30.0,1.0,1,1.0,2.0,True,False,False,False,False,True,False,0
53.0,2.0,30.0,1.0,2,1.0,2.0,False,False,False,False,False,True,False,0
18.0,1.0,36.0,3.0,1,1.0,2.0,True,False,False,True,False,False,False,0
21.0,1.0,46.0,1.0,2,1.0,2.0,False,False,True,False,False,False,False,0
66.0,5.0,36.0,3.0,1,1.0,2.0,False,False,False,True,False,False,False,0
56.0,3.0,36.0,2.0,1,1.0,2.0,False,False,True,False,False,False,False,0
30.0,5.0,36.0,3.0,1,1.0,1.0,False,False,False,False,True,False,False,0
69.0,4.0,36.0,3.0,6,1.0,2.0,True,False,False,False,False,False,False,0
44.0,1.0,48.0,1.0,1,1.0,2.0,False,False,False,True,False,False,False,0
34.0,1.0,20.0,1.0,2,1.0,2.0,True,False,False,False,False,True,False,0
65.0,2.0,36.0,3.0,1,1.0,2.0,False,True,False,False,False,False,False,0
61.0,2.0,21.0,1.0,2,1.0,2.0,True,False,True,False,False,False,False,0
66.0,3.0,36.0,3.0,1,1.0,2.0,True,False,True,False,False,False,False,0
49.0,3.0,35.0,1.0,1,1.0,2.0,True,False,False,True,False,False,False,0
21.0,5.0,40.0,1.0,3,1.0,2.0,False,False,False,True,False,False,False,0
18.0,5.0,36.0,3.0,3,1.0,2.0,False,False,True,False,False,False,False,0
60.0,3.0,56.0,1.0,1,1.0,2.0,False,False,False,True,False,False,False,0
29.0,5.0,36.0,2.0,3,1.0,2.0,True,False,False,True,False,False,False,0
39.0,5.0,40.0,1.0,3,1.0,2.0,False,False,False,True,False,False,False,0
8.0,5.0,36.0,4.0,3,1.0,1.0,False,False,False,False,False,False,False,0
65.0,2.0,36.0,3.0,2,1.0,2.0,False,False,False,True,False,False,False,0
24.0,5.0,36.0,3.0,3,1.0,1.0,False,False,False,False,True,False,False,0
61.0,3.0,36.0,3.0,1,1.0,2.0,True,False,False,False,False,True,False,0
58.0,3.0,42.0,1.0,2,1.0,2.0,False,False,False,True,False,False,False,0
60.0,2.0,40.0,1.0,1,1.0,2.0,True,False,False,False,False,True,False,0
67.0,3.0,30.0,1.0,1,1.0,2.0,True,False,False,True,False,False,False,0
38.0,5.0,30.0,1.0,3,1.0,2.0,False,False,True,False,False,False,False,0
89.0,4.0,36.0,3.0,1,1.0,2.0,True,False,False,False,False,False,False,0
50.0,5.0,36.0,3.0,3,1.0,2.0,False,False,True,False,False,False,False,0
17.0,5.0,36.0,3.0,3,1.0,1.0,False,False,True,False,False,False,False,0
11.0,5.0,36.0,3.0,3,1.0,1.0,False,False,False,False,False,False,False,0
56.0,3.0,20.0,1.0,1,1.0,2.0,True,True,False,False,False,False,False,0
35.0,4.0,36.0,3.0,3,1.0,2.0,True,True,False,False,False,False,False,0
5.0,5.0,36.0,4.0,5,1.0,1.0,True,False,False,False,False,False,True,0
42.0,1.0,36.0,3.0,1,1.0,2.0,True,False,False,True,False,False,False,0
41.0,1.0,40.0,1.0,2,1.0,2.0,False,False,True,False,False,False,False,0
19.0,3.0,36.0,3.0,3,1.0,1.0,False,False,True,False,False,False,False,0
51.0,2.0,49.0,1.0,1,1.0,2.0,False,False,False,True,False,False,False,0
33.0,2.0,56.0,1.0,1,1.0,2.0,False,False,False,True,False,False,False,0
30.0,2.0,36.0,1.0,2,1.0,2.0,True,False,False,True,False,False,False,0
7.0,5.0,36.0,4.0,3,1.0,1.0,False,False,False,False,False,False,False,0
42.0,2.0,48.0,1.0,1,1.0,2.0,False,True,False,False,False,False,False,0
48.0,2.0,36.0,3.0,2,1.0,2.0,True,False,True,False,False,False,False,0
26.0,5.0,36.0,3.0,3,1.0,1.0,False,False,False,False,True,False,False,0
12.0,5.0,36.0,3.0,5,1.0,1.0,True,False,True,False,False,False,False,0
7.0,5.0,36.0,4.0,5,1.0,1.0,False,False,False,False,False,False,False,0
50.0,4.0,0.0,1.0,1,1.0,2.0,False,False,False,True,False,False,False,0
24.0,1.0,0.0,1.0,3,1.0,1.0,True,False,False,False,True,False,False,0
24.0,1.0,40.0,1.0,4,1.0,2.0,False,False,False,True,False,False,False,0
35.0,1.0,27.0,1.0,1,1.0,2.0,False,False,False,False,False,True,False,0
30.0,1.0,24.0,1.0,2,1.0,2.0,True,False,False,False,False,True,False,0
53.0,2.0,70.0,1.0,1,1.0,2.0,False,False,False,False,False,True,False,0
54.0,2.0,40.0,1.0,2,1.0,2.0,True,False,False,True,False,False,False,0
43.0,3.0,2.0,1.0,1,1.0,2.0,True,False,False,False,False,False,False,0
25.0,5.0,36.0,3.0,3,1.0,1.0,False,False,False,False,True,False,False,0
16.0,5.0,36.0,3.0,3,1.0,1.0,False,False,True,False,False,False,False,0
27.0,5.0,48.0,1.0,5,1.0,2.0,True,False,False,True,False,False,False,0
23.0,5.0,36.0,3.0,5,1.0,2.0,True,False,False,True,False,False,False,0
12.0,5.0,36.0,3.0,9,1.0,1.0,False,False,True,False,False,False,False,0
43.0,5.0,40.0,1.0,1,1.0,2.0,True,False,False,True,False,False,False,0
23.0,5.0,36.0,3.0,3,1.0,1.0,True,False,True,False,False,False,False,0
20.0,5.0,36.0,3.0,3,1.0,1.0,True,False,True,False,False,False,False,0
3.0,5.0,36.0,4.0,5,2.0,1.0,False,False,False,False,False,False,True,0
70.0,1.0,9.0,1.0,1,1.0,2.0,False,False,False,False,False,False,False,0
63.0,1.0,36.0,3.0,2,1.0,2.0,True,False,False,False,False,False,False,0
20.0,5.0,36.0,3.0,5,1.0,1.0,False,False,False,False,True,False,False,0
68.0,1.0,36.0,3.0,1,1.0,2.0,False,False,True,False,False,False,False,0
70.0,1.0,36.0,3.0,2,1.0,2.0,True,False,True,False,False,False,False,0
27.0,5.0,44.0,1.0,3,1.0,1.0,True,False,False,False,True,False,False,0
77.0,4.0,36.0,3.0,1,1.0,2.0,True,True,False,False,False,False,False,0
67.0,3.0,40.0,1.0,1,1.0,2.0,False,False,False,False,False,True,False,0
49.0,2.0,36.0,3.0,2,1.0,2.0,True,False,False,True,False,False,False,0
16.0,5.0,36.0,3.0,3,1.0,1.0,False,False,True,False,False,False,False,0
81.0,2.0,36.0,3.0,1,1.0,1.0,False,False,True,False,False,False,False,0
75.0,2.0,36.0,3.0,2,1.0,2.0,True,True,False,False,False,False,False,0
51.0,2.0,45.0,1.0,1,1.0,2.0,False,False,False,False,True,False,False,0
57.0,1.0,35.0,1.0,2,1.0,2.0,True,False,False,True,False,False,False,0
24.0,5.0,48.0,1.0,3,1.0,2.0,True,False,False,True,False,False,False,0
69.0,5.0,36.0,3.0,1,1.0,2.0,True,True,False,False,False,False,False,0
68.0,4.0,36.0,3.0,1,1.0,2.0,True,True,False,False,False,False,False,0
38.0,5.0,49.0,1.0,3,1.0,2.0,True,False,False,False,False,True,False,0
58.0,1.0,30.0,1.0,1,1.0,2.0,False,False,False,True,False,False,False,0
47.0,1.0,48.0,1.0,1,1.0,2.0,True,False,False,True,False,False,False,0
50.0,1.0,48.0,1.0,2,1.0,2.0,False,False,False,True,False,False,False,0
22.0,5.0,24.0,1.0,3,1.0,1.0,False,False,False,False,True,False,False,0
24.0,5.0,36.0,3.0,1,1.0,1.0,True,False,False,False,True,False,False,0
68.0,4.0,36.0,3.0,1,1.0,2.0,True,False,False,True,False,False,False,0
33.0,1.0,0.0,1.0,3,1.0,2.0,False,False,False,True,False,False,False,0
26.0,1.0,35.0,1.0,4,1.0,2.0,True,False,False,True,False,False,False,0
73.0,2.0,36.0,3.0,1,1.0,2.0,False,False,False,False,True,False,False,0
71.0,2.0,36.0,3.0,2,1.0,2.0,True,False,False,False,False,True,False,0
49.0,2.0,40.0,1.0,2,1.0,2.0,True,False,False,False,False,True,False,0
20.0,5.0,36.0,3.0,3,1.0,1.0,False,False,False,False,True,False,False,0
16.0,5.0,36.0,3.0,3,1.0,1.0,False,False,True,False,False,False,False,0
15.0,5.0,36.0,3.0,3,1.0,1.0,False,False,True,False,False,False,False,0
25.0,5.0,70.0,1.0,9,1.0,2.0,False,False,False,True,False,False,False,0
45.0,1.0,48.0,1.0,1,1.0,2.0,False,False,False,False,True,False,False,0
41.0,1.0,36.0,1.0,2,1.0,2.0,True,False,False,False,True,False,False,0
54.0,2.0,47.0,1.0,1,1.0,2.0,False,False,True,False,False,False,False,0
56.0,2.0,24.0,1.0,2,1.0,2.0,True,False,False,True,False,False,False,0
27.0,5.0,46.0,1.0,3,1.0,2.0,True,False,False,True,False,False,False,0
15.0,5.0,36.0,3.0,3,1.0,1.0,True,False,True,False,False,False,False,0
6.0,5.0,36.0,4.0,3,1.0,1.0,True,False,False,False,False,False,False,0
56.0,1.0,30.0,1.0,1,1.0,2.0,False,True,False,False,False,False,False,0
44.0,5.0,0.0,1.0,1,1.0,2.0,True,False,False,True,False,False,False,0
20.0,5.0,36.0,3.0,3,1.0,2.0,True,False,True,False,False,False,False,0
23.0,5.0,48.0,1.0,3,1.0,2.0,True,False,False,True,False,False,False,0
3.0,5.0,36.0,4.0,5,2.0,3.0,False,False,False,False,False,False,True,0
21.0,5.0,8.0,1.0,3,1.0,2.0,False,False,True,False,False,False,False,0
74.0,4.0,36.0,3.0,1,1.0,2.0,True,False,False,False,False,False,False,0
60.0,5.0,35.0,1.0,1,1.0,2.0,True,False,False,False,True,False,False,0
30.0,5.0,44.0,1.0,3,1.0,2.0,False,False,False,False,True,False,False,0
27.0,2.0,60.0,1.0,1,1.0,2.0,False,False,True,False,False,False,False,0
31.0,2.0,6.0,1.0,2,1.0,2.0,True,False,True,False,False,False,False,0
14.0,5.0,36.0,3.0,3,1.0,1.0,True,False,True,False,False,False,False,0
10.0,5.0,36.0,3.0,3,1.0,1.0,False,False,False,False,False,False,False,0
26.0,1.0,40.0,1.0,1,1.0,2.0,True,False,False,False,False,True,False,0
27.0,1.0,40.0,1.0,2,1.0,2.0,False,False,False,True,False,False,False,0
10.0,5.0,36.0,3.0,3,1.0,1.0,False,False,False,False,False,False,False,0
61.0,3.0,36.0,3.0,1,1.0,2.0,True,False,False,False,True,False,False,0
31.0,5.0,42.0,1.0,3,1.0,2.0,False,False,False,False,False,True,False,0
28.0,5.0,40.0,1.0,3,1.0,2.0,True,False,False,False,False,True,False,0
29.0,5.0,36.0,3.0,3,1.0,2.0,True,False,False,False,False,True,False,0
29.0,5.0,36.0,2.0,3,1.0,2.0,True,False,True,False,False,False,False,0
9.0,5.0,36.0,4.0,5,1.0,1.0,True,False,False,False,False,False,False,0
4.0,5.0,36.0,4.0,5,2.0,1.0,False,False,False,False,False,False,True,0
58.0,3.0,12.0,1.0,1,1.0,2.0,True,True,False,False,False,False,False,0
39.0,5.0,30.0,1.0,3,1.0,2.0,False,False,False,False,True,False,False,0
24.0,5.0,12.0,1.0,3,1.0,2.0,False,False,True,False,False,False,False,0
52.0,5.0,36.0,1.0,1,1.0,2.0,False,False,False,False,False,True,False,0
51.0,2.0,36.0,1.0,1,1.0,2.0,False,False,False,False,True,False,False,0
47.0,2.0,26.0,1.0,2,1.0,2.0,True,False,False,True,False,False,False,0
18.0,5.0,36.0,3.0,3,1.0,1.0,False,False,False,False,True,False,False,0
15.0,5.0,36.0,3.0,3,1.0,1.0,False,False,True,False,False,False,False,0
10.0,5.0,36.0,3.0,3,1.0,1.0,False,False,False,False,False,False,False,0
86.0,4.0,36.0,3.0,1,1.0,2.0,True,False,False,True,False,False,False,0
63.0,1.0,48.0,1.0,1,1.0,2.0,True,False,False,False,True,False,False,0
63.0,1.0,48.0,1.0,2,1.0,2.0,False,False,False,True,False,False,False,0
34.0,5.0,30.0,1.0,3,1.0,2.0,False,True,False,False,False,False,False,0
33.0,5.0,20.0,1.0,3,1.0,2.0,False,True,False,False,False,False,False,0
61.0,2.0,40.0,1.0,1,1.0,2.0,False,False,True,False,False,False,False,0
59.0,2.0,36.0,3.0,2,1.0,2.0,True,False,False,True,False,False,False,0
34.0,5.0,40.0,1.0,3,1.0,2.0,True,False,False,True,False,False,False,0
64.0,3.0,35.0,1.0,1,1.0,2.0,False,True,False,False,False,False,False,0
84.0,4.0,36.0,3.0,6,1.0,2.0,False,False,False,False,False,False,False,0
64.0,2.0,15.0,1.0,1,1.0,2.0,False,False,True,False,False,False,False,0
62.0,2.0,42.0,1.0,2,1.0,2.0,True,False,True,False,False,False,False,0
53.0,2.0,10.0,1.0,1,1.0,2.0,False,False,False,False,False,True,False,0
60.0,2.0,20.0,1.0,2,1.0,2.0,True,False,True,False,False,False,False,0
55.0,2.0,36.0,1.0,1,1.0,2.0,True,False,True,False,False,False,False,0
53.0,2.0,40.0,1.0,2,1.0,2.0,False,False,True,False,False,False,False,0
72.0,2.0,36.0,3.0,1,1.0,2.0,False,False,False,True,False,False,False,0
67.0,2.0,36.0,3.0,2,1.0,2.0,True,False,False,True,False,False,False,0
3.0,5.0,36.0,4.0,5,2.0,3.0,False,False,False,False,False,False,True,0
50.0,5.0,36.0,3.0,1,1.0,2.0,True,True,False,False,False,False,False,0
31.0,5.0,36.0,2.0,3,1.0,2.0,True,False,True,False,False,False,False,0
28.0,5.0,2.0,1.0,3,1.0,2.0,False,False,True,False,False,False,False,0
15.0,5.0,36.0,3.0,3,1.0,1.0,False,False,True,False,False,False,False,0
8.0,5.0,36.0,4.0,3,1.0,1.0,True,False,False,False,False,False,False,0
11.0,5.0,36.0,3.0,5,1.0,1.0,False,False,False,False,False,False,False,0
9.0,5.0,36.0,4.0,5,1.0,1.0,False,False,False,False,False,False,False,0
52.0,2.0,40.0,1.0,1,1.0,2.0,True,False,False,False,False,True,False,0
58.0,2.0,40.0,1.0,2,1.0,2.0,False,False,False,False,False,True,False,0
18.0,5.0,36.0,3.0,3,1.0,1.0,True,False,False,False,True,False,False,0
44.0,1.0,36.0,2.0,1,1.0,2.0,False,True,False,False,False,False,False,0
44.0,1.0,36.0,3.0,2,1.0,2.0,True,True,False,False,False,False,False,0
20.0,1.0,36.0,3.0,3,1.0,2.0,True,False,True,False,False,False,False,0
28.0,1.0,24.0,1.0,4,1.0,2.0,False,False,False,True,False,False,False,0
8.0,5.0,36.0,4.0,3,1.0,1.0,True,False,False,False,False,False,False,0
56.0,1.0,28.0,1.0,1,1.0,2.0,False,False,False,True,False,False,False,0
58.0,1.0,38.0,1.0,2,1.0,2.0,True,False,False,True,False,False,False,0
47.0,5.0,36.0,3.0,1,2.0,2.0,True,False,False,False,False,False,False,0
38.0,5.0,48.0,1.0,1,1.0,2.0,True,False,False,False,True,False,False,0
10.0,5.0,36.0,3.0,3,1.0,1.0,False,False,False,False,False,False,False,0
9.0,5.0,36.0,4.0,3,1.0,1.0,False,False,False,False,False,False,False,0
46.0,1.0,32.0,1.0,1,1.0,2.0,False,False,False,True,False,False,False,0
33.0,1.0,0.0,1.0,2,1.0,2.0,True,False,False,False,False,True,False,0
10.0,5.0,36.0,3.0,3,1.0,1.0,True,False,False,False,False,False,False,0
8.0,5.0,36.0,4.0,3,1.0,1.0,False,False,False,False,False,False,False,0
45.0,3.0,20.0,1.0,1,1.0,2.0,True,True,False,False,False,False,False,0
18.0,1.0,20.0,1.0,3,1.0,2.0,True,False,False,True,False,False,False,0
38.0,1.0,49.0,1.0,1,1.0,2.0,False,True,False,False,False,False,False,0
27.0,1.0,48.0,1.0,2,1.0,2.0,True,False,True,False,False,False,False,0
54.0,2.0,0.0,1.0,2,1.0,2.0,True,False,False,False,False,True,False,0
24.0,5.0,36.0,3.0,3,1.0,2.0,False,False,False,True,False,False,False,0
11.0,5.0,36.0,3.0,3,1.0,2.0,False,False,False,False,False,False,False,0
92.0,4.0,36.0,3.0,1,1.0,2.0,True,True,False,False,False,False,False,0
67.0,2.0,0.0,1.0,1,1.0,2.0,False,False,False,False,False,True,False,0
20.0,5.0,36.0,3.0,3,1.0,1.0,False,False,False,False,True,False,False,0
61.0,2.0,36.0,3.0,2,1.0,2.0,True,False,False,False,True,False,False,0
55.0,2.0,45.0,1.0,1,1.0,2.0,False,False,False,False,False,True,False,0
44.0,1.0,40.0,1.0,1,1.0,2.0,False,False,False,False,False,True,False,0
34.0,1.0,42.0,1.0,1,1.0,2.0,False,False,False,True,False,False,False,0
35.0,1.0,36.0,3.0,2,1.0,2.0,True,False,False,True,False,False,False,0
18.0,5.0,36.0,3.0,3,1.0,1.0,False,False,False,False,True,False,False,0
15.0,5.0,36.0,3.0,3,1.0,1.0,True,False,True,False,False,False,False,0
39.0,3.0,60.0,1.0,1,1.0,2.0,False,False,False,True,False,False,False,0
15.0,5.0,36.0,3.0,3,1.0,1.0,True,False,True,False,False,False,False,0
33.0,5.0,48.0,1.0,10,1.0,2.0,False,False,False,True,False,False,False,0
47.0,1.0,40.0,1.0,1,1.0,2.0,True,False,False,False,False,True,False,0
45.0,1.0,55.0,1.0,2,1.0,2.0,False,False,True,False,False,False,False,0
40.0,2.0,40.0,1.0,1,1.0,2.0,False,False,False,False,False,True,False,0
39.0,2.0,48.0,1.0,2,1.0,2.0,True,False,False,False,False,True,False,0
22.0,1.0,36.0,3.0,4,1.0,2.0,True,False,False,False,True,False,False,0
34.0,5.0,36.0,4.0,5,3.0,2.0,False,False,False,False,False,False,True,0
80.0,4.0,36.0,3.0,1,1.0,2.0,True,False,False,False,False,True,False,0
45.0,5.0,0.0,1.0,3,1.0,2.0,False,False,False,True,False,False,False,0
56.0,4.0,10.0,1.0,1,1.0,2.0,True,False,False,False,False,True,False,0
22.0,1.0,66.0,1.0,3,1.0,2.0,False,False,False,False,True,False,False,0
30.0,5.0,48.0,1.0,1,1.0,2.0,True,False,False,False,False,True,False,0
25.0,5.0,50.0,1.0,8,1.0,2.0,False,False,False,True,False,False,False,0
53.0,4.0,46.0,1.0,6,1.0,2.0,True,False,False,False,False,True,False,0
52.0,2.0,30.0,1.0,1,1.0,2.0,True,False,False,False,False,True,False,0
57.0,2.0,25.0,1.0,2,1.0,2.0,False,False,False,False,False,True,False,0
44.0,1.0,78.0,1.0,1,1.0,2.0,True,False,False,True,False,False,False,0
47.0,1.0,80.0,1.0,2,1.0,2.0,False,True,False,False,False,False,False,0
24.0,5.0,36.0,3.0,3,1.0,1.0,True,False,False,False,True,False,False,0
22.0,1.0,84.0,1.0,4,1.0,2.0,False,False,False,True,False,False,False,0
50.0,2.0,56.0,1.0,1,1.0,2.0,False,False,False,False,True,False,False,0
47.0,2.0,35.0,1.0,2,1.0,2.0,True,False,False,False,False,True,False,0
21.0,5.0,36.0,3.0,3,1.0,1.0,True,False,False,False,True,False,False,0
15.0,5.0,36.0,3.0,3,1.0,1.0,True,False,True,False,False,False,False,0
81.0,4.0,36.0,3.0,1,1.0,2.0,True,False,False,False,False,True,False,0
65.0,2.0,36.0,3.0,2,1.0,2.0,True,False,True,False,False,False,False,0
18.0,5.0,36.0,3.0,3,1.0,2.0,False,False,False,True,False,False,False,0
65.0,2.0,36.0,3.0,1,1.0,2.0,False,False,False,False,False,False,False,0
61.0,2.0,36.0,3.0,2,1.0,2.0,True,False,False,False,False,False,False,0
27.0,1.0,6.0,1.0,3,1.0,2.0,False,False,True,False,False,False,False,0
25.0,5.0,72.0,1.0,3,1.0,2.0,False,False,True,False,False,False,False,0
27.0,1.0,40.0,1.0,5,1.0,1.0,True,False,False,False,True,False,False,0
67.0,2.0,36.0,3.0,1,1.0,2.0,False,False,True,False,False,False,False,0
68.0,2.0,36.0,3.0,1,1.0,2.0,False,False,False,False,False,False,False,0
86.0,4.0,36.0,3.0,1,1.0,2.0,False,False,False,False,False,True,False,0
23.0,1.0,51.0,1.0,1,1.0,2.0,False,False,False,True,False,False,False,0
24.0,1.0,40.0,1.0,2,1.0,2.0,True,False,False,True,False,False,False,0
34.0,5.0,36.0,4.0,3,3.0,2.0,False,False,False,False,False,False,True,0
34.0,5.0,36.0,4.0,3,3.0,2.0,False,False,False,False,False,False,True,0
26.0,5.0,48.0,1.0,1,1.0,1.0,True,False,False,False,True,False,False,0
35.0,5.0,56.0,1.0,8,1.0,2.0,False,False,False,True,False,False,False,0
60.0,1.0,40.0,1.0,1,1.0,2.0,True,False,False,False,False,True,False,0
63.0,5.0,36.0,3.0,1,1.0,2.0,False,False,False,True,False,False,False,0
50.0,2.0,35.0,1.0,1,1.0,2.0,False,False,False,False,False,True,False,0
68.0,1.0,36.0,3.0,1,1.0,2.0,True,True,False,False,False,False,False,0
71.0,1.0,36.0,3.0,2,1.0,2.0,False,True,False,False,False,False,False,0
31.0,5.0,30.0,1.0,3,1.0,1.0,True,False,False,False,True,False,False,0
70.0,2.0,5.0,1.0,1,1.0,2.0,False,False,False,True,False,False,False,0
64.0,2.0,44.0,1.0,2,1.0,2.0,True,False,False,True,False,False,False,0
70.0,3.0,36.0,3.0,1,1.0,2.0,True,False,False,False,True,False,False,0
43.0,5.0,42.0,1.0,3,1.0,2.0,False,False,False,False,True,False,False,0
30.0,5.0,36.0,2.0,3,1.0,2.0,False,False,False,True,False,False,False,0
34.0,1.0,40.0,1.0,1,1.0,2.0,True,False,False,False,False,True,False,0
60.0,3.0,36.0,1.0,1,1.0,2.0,True,False,False,False,True,False,False,0
28.0,5.0,30.0,1.0,3,1.0,2.0,False,False,False,False,False,True,False,0
65.0,3.0,42.0,1.0,1,1.0,2.0,False,False,False,True,False,False,False,0
27.0,5.0,56.0,1.0,3,1.0,2.0,False,False,False,True,False,False,False,0
46.0,1.0,6.0,1.0,1,1.0,2.0,True,True,False,False,False,False,False,0
21.0,5.0,20.0,1.0,3,1.0,2.0,False,False,True,False,False,False,False,0
26.0,5.0,36.0,2.0,3,1.0,2.0,True,False,False,True,False,False,False,0
16.0,5.0,36.0,3.0,3,1.0,1.0,True,False,True,False,False,False,False,0
51.0,1.0,25.0,1.0,2,1.0,2.0,False,False,True,False,False,False,False,0
60.0,2.0,18.0,1.0,1,1.0,2.0,False,False,False,False,True,False,False,0
50.0,2.0,40.0,1.0,2,1.0,2.0,True,False,True,False,False,False,False,0
21.0,5.0,32.0,1.0,3,1.0,2.0,False,False,True,False,False,False,False,0
65.0,4.0,36.0,3.0,1,2.0,3.0,False,False,False,False,False,False,True,0
74.0,1.0,42.0,1.0,2,1.0,2.0,False,False,False,False,False,True,False,0
65.0,1.0,42.0,1.0,1,1.0,2.0,True,False,False,False,False,True,False,0
75.0,2.0,36.0,3.0,1,1.0,2.0,False,False,False,True,False,False,False,0
54.0,2.0,36.0,3.0,2,1.0,2.0,True,False,False,True,False,False,False,0
70.0,2.0,36.0,3.0,1,1.0,2.0,False,False,False,True,False,False,False,0
66.0,1.0,36.0,3.0,1,1.0,2.0,True,False,False,True,False,False,False,0
69.0,1.0,36.0,3.0,2,1.0,2.0,False,True,False,False,False,False,False,0
32.0,1.0,36.0,3.0,3,1.0,2.0,True,False,False,True,False,False,False,0
35.0,1.0,32.0,1.0,4,1.0,2.0,False,False,False,True,False,False,False,0
5.0,5.0,36.0,4.0,5,1.0,1.0,False,False,False,False,False,False,False,0
65.0,2.0,36.0,3.0,2,1.0,2.0,True,False,False,False,False,False,False,0
55.0,3.0,36.0,3.0,1,1.0,2.0,True,False,True,False,False,False,False,0
24.0,5.0,10.0,1.0,3,1.0,2.0,True,False,False,False,False,True,False,0
46.0,2.0,36.0,1.0,1,1.0,2.0,False,False,False,True,False,False,False,0
47.0,2.0,35.0,1.0,2,1.0,2.0,True,False,False,True,False,False,False,0
16.0,5.0,36.0,3.0,3,1.0,1.0,True,False,True,False,False,False,False,0
16.0,5.0,36.0,3.0,3,1.0,1.0,True,False,True,False,False,False,False,0
54.0,5.0,72.0,1.0,1,1.0,2.0,False,False,False,True,False,False,False,0
34.0,5.0,66.0,1.0,3,1.0,2.0,False,True,False,False,False,False,False,0
48.0,3.0,30.0,1.0,1,1.0,2.0,True,False,False,False,False,True,False,0
19.0,5.0,6.0,1.0,3,1.0,1.0,False,False,False,False,True,False,False,0
49.0,2.0,36.0,3.0,2,1.0,2.0,True,False,True,False,False,False,False,0
18.0,5.0,36.0,3.0,3,1.0,1.0,False,False,False,False,True,False,False,0
11.0,5.0,36.0,3.0,3,1.0,1.0,False,False,False,False,False,False,False,0
24.0,1.0,36.0,3.0,1,1.0,2.0,True,False,False,True,False,False,False,0
3.0,5.0,36.0,4.0,3,2.0,3.0,True,False,False,False,False,False,True,0
24.0,1.0,12.0,1.0,2,1.0,2.0,False,False,False,True,False,False,False,0
46.0,1.0,36.0,2.0,1,1.0,2.0,True,False,False,False,False,True,False,0
50.0,1.0,48.0,1.0,2,1.0,2.0,False,True,False,False,False,False,False,0
37.0,1.0,0.0,1.0,2,1.0,2.0,False,False,False,False,True,False,False,0
60.0,3.0,36.0,2.0,1,1.0,2.0,True,False,False,False,False,True,False,0
51.0,5.0,35.0,1.0,1,1.0,2.0,True,True,False,False,False,False,False,0
17.0,5.0,36.0,3.0,3,1.0,1.0,True,False,True,False,False,False,False,0
15.0,5.0,36.0,3.0,3,1.0,1.0,True,False,True,False,False,False,False,0
55.0,2.0,36.0,3.0,1,1.0,2.0,False,False,False,False,False,True,False,0
43.0,2.0,35.0,1.0,2,1.0,2.0,True,False,False,True,False,False,False,0
12.0,5.0,36.0,3.0,3,1.0,1.0,True,False,True,False,False,False,False,0
23.0,5.0,36.0,3.0,3,1.0,1.0,True,False,False,False,True,False,False,0
37.0,2.0,36.0,3.0,2,1.0,2.0,True,False,False,True,False,False,False,0
16.0,5.0,36.0,3.0,3,1.0,1.0,True,False,True,False,False,False,False,0
13.0,5.0,36.0,3.0,3,1.0,1.0,False,False,True,False,False,False,False,0
7.0,5.0,36.0,4.0,3,1.0,1.0,False,False,False,False,False,False,False,0
50.0,2.0,56.0,1.0,1,1.0,2.0,False,False,False,False,False,True,False,0
45.0,2.0,0.0,1.0,2,1.0,2.0,True,False,False,False,False,True,False,0
51.0,1.0,60.0,1.0,1,1.0,2.0,False,False,False,False,True,False,False,0
46.0,1.0,0.0,1.0,2,1.0,2.0,True,False,False,False,False,True,False,0
18.0,5.0,36.0,3.0,3,1.0,1.0,True,False,False,False,True,False,False,0
15.0,5.0,36.0,3.0,3,1.0,1.0,True,False,True,False,False,False,False,0
37.0,2.0,40.0,1.0,1,1.0,2.0,False,False,True,False,False,False,False,0
61.0,4.0,36.0,3.0,1,1.0,2.0,True,False,False,False,False,False,False,0
37.0,1.0,30.0,1.0,3,1.0,2.0,False,False,False,True,False,False,False,0
30.0,1.0,36.0,3.0,4,1.0,2.0,True,False,False,True,False,False,False,0
10.0,5.0,36.0,3.0,5,1.0,1.0,True,False,False,False,False,False,False,0
8.0,5.0,36.0,4.0,5,1.0,1.0,False,False,False,False,False,False,False,0
2.0,5.0,36.0,4.0,5,2.0,1.0,False,False,False,False,False,False,True,0
43.0,3.0,24.0,1.0,1,1.0,2.0,True,False,False,True,False,False,False,0
22.0,5.0,20.0,1.0,3,1.0,2.0,True,False,False,True,False,False,False,0
47.0,5.0,30.0,1.0,3,1.0,2.0,False,False,True,False,False,False,False,0
67.0,2.0,36.0,3.0,2,1.0,2.0,True,True,False,False,False,False,False,0
44.0,5.0,36.0,3.0,3,1.0,2.0,False,False,True,False,False,False,False,0
33.0,5.0,0.0,1.0,3,1.0,2.0,False,False,True,False,False,False,False,0
78.0,4.0,36.0,3.0,1,1.0,2.0,True,True,False,False,False,False,False,0
39.0,1.0,0.0,1.0,1,1.0,2.0,True,False,False,False,False,True,False,0
39.0,1.0,0.0,1.0,2,1.0,2.0,False,False,False,False,False,True,False,0
10.0,5.0,36.0,3.0,3,1.0,1.0,True,False,False,False,False,False,False,0
65.0,5.0,48.0,1.0,1,1.0,2.0,False,False,False,True,False,False,False,0
60.0,2.0,36.0,3.0,1,1.0,2.0,False,True,False,False,False,False,False,0
50.0,2.0,48.0,1.0,2,1.0,2.0,True,False,False,False,False,False,False,0
18.0,2.0,36.0,2.0,3,1.0,2.0,True,False,False,True,False,False,False,0
20.0,2.0,40.0,1.0,4,1.0,2.0,False,False,False,True,False,False,False,0
56.0,5.0,30.0,1.0,1,1.0,2.0,False,False,False,True,False,False,False,0
30.0,5.0,42.0,1.0,3,1.0,2.0,False,False,False,True,False,False,False,0
53.0,2.0,48.0,1.0,1,1.0,2.0,False,False,False,True,False,False,False,0
52.0,2.0,36.0,3.0,2,1.0,2.0,True,False,False,True,False,False,False,0
25.0,1.0,36.0,3.0,1,1.0,2.0,True,False,False,False,False,False,False,0
28.0,1.0,60.0,1.0,2,1.0,2.0,False,False,False,False,False,False,False,0
7.0,5.0,36.0,4.0,3,1.0,1.0,True,False,False,False,False,False,False,0
6.0,5.0,36.0,4.0,3,1.0,1.0,False,False,False,False,False,False,False,0
10.0,5.0,36.0,3.0,3,1.0,1.0,True,False,False,False,False,False,False,0
2.0,5.0,36.0,4.0,3,2.0,3.0,True,False,False,False,False,False,True,0
65.0,2.0,36.0,3.0,1,1.0,2.0,False,True,False,False,False,False,False,0
60.0,2.0,36.0,3.0,2,1.0,2.0,True,False,True,False,False,False,False,0
39.0,5.0,48.0,1.0,3,1.0,2.0,True,False,False,True,False,False,False,0
13.0,5.0,36.0,3.0,3,1.0,1.0,False,False,True,False,False,False,False,0
23.0,2.0,40.0,1.0,3,1.0,2.0,True,False,False,True,False,False,False,0
50.0,1.0,45.0,1.0,1,1.0,2.0,False,False,True,False,False,False,False,0
47.0,1.0,30.0,1.0,2,1.0,2.0,True,False,True,False,False,False,False,0
25.0,5.0,60.0,1.0,3,1.0,2.0,False,False,False,True,False,False,False,0
23.0,5.0,40.0,1.0,3,1.0,2.0,False,False,False,True,False,False,False,0
6.0,5.0,36.0,4.0,3,2.0,1.0,True,False,False,False,False,False,False,0
59.0,2.0,49.0,1.0,2,1.0,2.0,False,False,False,True,False,False,False,0
16.0,5.0,36.0,3.0,3,1.0,1.0,False,False,True,False,False,False,False,0
87.0,4.0,36.0,3.0,1,1.0,2.0,True,False,False,False,True,False,False,0
55.0,2.0,0.0,1.0,1,1.0,2.0,True,False,False,False,False,True,False,0
46.0,5.0,16.0,1.0,1,1.0,2.0,True,False,False,False,True,False,False,0
17.0,5.0,36.0,3.0,3,1.0,1.0,True,False,True,False,False,False,False,0
75.0,4.0,36.0,3.0,1,1.0,2.0,True,False,False,False,True,False,False,0
29.0,5.0,30.0,1.0,3,1.0,2.0,False,False,True,False,False,False,False,0
28.0,5.0,30.0,1.0,3,1.0,2.0,True,False,True,False,False,False,False,0
22.0,5.0,32.0,1.0,3,1.0,2.0,True,False,False,True,False,False,False,0
9.0,5.0,36.0,4.0,5,1.0,1.0,True,False,False,False,False,False,False,0
63.0,2.0,72.0,1.0,1,1.0,2.0,False,False,False,False,True,False,False,0
54.0,2.0,36.0,3.0,2,1.0,2.0,True,False,False,True,False,False,False,0
64.0,3.0,36.0,3.0,1,1.0,2.0,True,False,False,False,False,True,False,0
26.0,5.0,20.0,1.0,3,1.0,2.0,True,False,False,False,False,True,False,0
88.0,4.0,36.0,3.0,1,1.0,2.0,False,False,False,False,False,False,False,0
17.0,5.0,36.0,3.0,3,1.0,1.0,True,False,False,False,True,False,False,0
12.0,5.0,36.0,3.0,3,1.0,1.0,True,False,True,False,False,False,False,0
41.0,1.0,84.0,1.0,1,1.0,2.0,False,False,False,True,False,False,False,0
37.0,1.0,50.0,1.0,2,1.0,2.0,True,False,False,True,False,False,False,0
17.0,5.0,36.0,3.0,3,1.0,1.0,False,False,True,False,False,False,False,0
14.0,5.0,36.0,3.0,3,1.0,1.0,False,False,True,False,False,False,False,0
13.0,5.0,36.0,3.0,3,1.0,1.0,True,False,True,False,False,False,False,0
5.0,5.0,36.0,4.0,3,2.0,1.0,False,False,False,False,False,False,True,0
78.0,2.0,36.0,3.0,1,1.0,2.0,False,True,False,False,False,False,False,0
73.0,2.0,36.0,3.0,2,1.0,2.0,True,True,False,False,False,False,False,0
45.0,5.0,30.0,1.0,3,1.0,2.0,False,False,False,True,False,False,False,0
36.0,1.0,40.0,1.0,2,1.0,2.0,True,False,False,True,False,False,False,0
15.0,5.0,36.0,3.0,3,1.0,1.0,False,False,True,False,False,False,False,0
16.0,5.0,36.0,3.0,3,1.0,1.0,True,False,True,False,False,False,False,0
8.0,5.0,36.0,4.0,3,1.0,1.0,True,False,False,False,False,False,False,0
37.0,1.0,40.0,1.0,1,1.0,2.0,False,False,False,False,False,True,False,0
33.0,2.0,10.0,1.0,1,1.0,2.0,False,False,False,True,False,False,False,0
38.0,2.0,10.0,1.0,2,1.0,2.0,True,False,False,True,False,False,False,0
78.0,4.0,36.0,3.0,9,1.0,2.0,True,True,False,False,False,False,False,0
82.0,4.0,36.0,3.0,1,1.0,2.0,True,False,True,False,False,False,False,0
39.0,5.0,24.0,1.0,3,1.0,2.0,True,False,False,False,False,True,False,0
34.0,5.0,30.0,1.0,3,1.0,2.0,True,False,False,False,False,True,False,0
76.0,5.0,36.0,3.0,8,1.0,2.0,True,False,True,False,False,False,False,0
68.0,4.0,36.0,3.0,1,1.0,2.0,False,False,False,True,False,False,False,0
29.0,5.0,36.0,3.0,3,1.0,2.0,False,False,False,True,False,False,False,0
28.0,5.0,25.0,1.0,3,1.0,2.0,True,False,False,True,False,False,False,0
19.0,5.0,36.0,3.0,3,1.0,2.0,True,False,False,True,False,False,False,0
15.0,5.0,36.0,3.0,3,1.0,1.0,True,False,True,False,False,False,False,0
36.0,1.0,25.0,1.0,1,1.0,2.0,False,False,False,True,False,False,False,0
33.0,1.0,40.0,1.0,2,1.0,2.0,True,False,False,False,False,True,False,0
2.0,5.0,36.0,4.0,3,2.0,3.0,True,False,False,False,False,False,True,0
39.0,5.0,0.0,1.0,1,1.0,2.0,True,False,False,False,False,True,False,0
79.0,4.0,36.0,3.0,1,1.0,2.0,True,False,False,False,False,False,False,0
30.0,1.0,40.0,1.0,1,1.0,1.0,False,False,False,False,True,False,False,0
30.0,1.0,8.0,1.0,2,1.0,1.0,True,False,False,False,True,False,False,0
7.0,5.0,36.0,4.0,3,1.0,1.0,False,False,False,False,False,False,False,0
64.0,2.0,40.0,1.0,1,1.0,2.0,False,False,False,False,False,True,False,0
61.0,2.0,36.0,3.0,2,1.0,2.0,True,False,False,False,True,False,False,0
23.0,5.0,20.0,1.0,3,1.0,1.0,True,False,False,False,True,False,False,0
16.0,5.0,36.0,3.0,3,1.0,1.0,True,False,True,False,False,False,False,0
62.0,3.0,36.0,3.0,1,1.0,2.0,True,False,False,True,False,False,False,0
30.0,5.0,42.0,1.0,3,1.0,2.0,True,True,False,False,False,False,False,0
12.0,5.0,36.0,3.0,5,1.0,1.0,False,False,False,False,False,False,False,0
46.0,1.0,40.0,1.0,1,1.0,2.0,False,True,False,False,False,False,False,0
35.0,1.0,48.0,1.0,2,1.0,2.0,True,True,False,False,False,False,False,0
67.0,2.0,40.0,1.0,1,1.0,2.0,True,False,False,False,False,True,False,0
68.0,2.0,36.0,3.0,2,1.0,2.0,False,False,False,False,False,True,False,0
17.0,5.0,36.0,3.0,3,1.0,1.0,True,False,True,False,False,False,False,0
27.0,1.0,48.0,1.0,2,1.0,2.0,True,False,False,False,False,True,False,0
26.0,1.0,48.0,1.0,1,1.0,2.0,False,False,False,True,False,False,False,0
41.0,3.0,10.0,1.0,1,1.0,2.0,True,False,False,True,False,False,False,0
19.0,5.0,36.0,3.0,3,1.0,2.0,True,False,False,True,False,False,False,0
4.0,5.0,36.0,4.0,3,2.0,1.0,True,False,False,False,False,False,True,0
25.0,1.0,36.0,2.0,3,1.0,2.0,False,False,False,True,False,False,False,0
40.0,1.0,36.0,3.0,1,1.0,2.0,True,False,True,False,False,False,False,0
47.0,1.0,36.0,2.0,2,1.0,2.0,False,True,False,False,False,False,False,0
15.0,5.0,36.0,3.0,3,1.0,1.0,False,False,True,False,False,False,False,0
8.0,5.0,36.0,4.0,3,1.0,1.0,True,False,False,False,False,False,False,0
57.0,1.0,25.0,1.0,1,1.0,2.0,False,True,False,False,False,False,False,0
48.0,1.0,8.0,1.0,2,1.0,2.0,True,True,False,False,False,False,False,0
61.0,3.0,48.0,1.0,1,1.0,2.0,False,False,False,False,True,False,False,0
42.0,2.0,45.0,1.0,1,1.0,2.0,True,False,True,False,False,False,False,0
35.0,2.0,84.0,1.0,2,1.0,2.0,False,False,False,True,False,False,False,0
35.0,2.0,18.0,1.0,1,1.0,2.0,True,False,False,False,True,False,False,0
39.0,2.0,72.0,1.0,2,1.0,2.0,False,False,False,False,False,True,False,0
81.0,3.0,36.0,3.0,1,1.0,2.0,False,False,True,False,False,False,False,0
38.0,1.0,30.0,1.0,1,1.0,2.0,True,False,False,False,False,True,False,0
7.0,5.0,36.0,4.0,3,1.0,1.0,True,False,False,False,False,False,False,0
28.0,1.0,36.0,3.0,2,1.0,2.0,True,False,False,True,False,False,False,0
5.0,5.0,36.0,4.0,3,1.0,1.0,False,False,False,False,False,False,True,0
8.0,5.0,36.0,4.0,3,1.0,1.0,True,False,False,False,False,False,False,0
11.0,5.0,36.0,3.0,3,1.0,1.0,False,False,False,False,False,False,False,0
33.0,1.0,48.0,1.0,1,1.0,2.0,False,False,False,True,False,False,False,0
54.0,5.0,28.0,1.0,9,1.0,2.0,False,True,False,False,False,False,False,0
58.0,5.0,36.0,2.0,1,1.0,2.0,True,False,False,False,False,True,False,0
82.0,5.0,36.0,3.0,1,1.0,2.0,True,False,False,True,False,False,False,0
67.0,5.0,36.0,3.0,10,1.0,2.0,True,True,False,False,False,False,False,0
67.0,5.0,36.0,3.0,10,1.0,2.0,True,True,False,False,False,False,False,0
62.0,5.0,36.0,3.0,10,1.0,2.0,True,True,False,False,False,False,False,0
50.0,2.0,40.0,1.0,2,1.0,2.0,False,False,False,False,False,True,False,0
24.0,5.0,16.0,1.0,3,1.0,1.0,True,False,False,False,True,False,False,0
18.0,5.0,36.0,3.0,3,1.0,1.0,False,False,False,False,True,False,False,0
54.0,2.0,40.0,1.0,1,1.0,2.0,True,False,False,False,False,True,False,0
78.0,1.0,40.0,1.0,1,1.0,2.0,False,False,False,False,True,False,False,0
77.0,1.0,36.0,3.0,2,1.0,2.0,True,False,False,True,False,False,False,0
34.0,3.0,21.0,1.0,1,1.0,2.0,False,False,False,False,False,True,False,0
70.0,2.0,36.0,3.0,2,1.0,2.0,True,False,False,False,True,False,False,0
55.0,2.0,40.0,1.0,1,1.0,2.0,False,False,False,False,False,True,False,0
61.0,2.0,25.0,1.0,2,1.0,2.0,True,False,False,False,False,True,False,0
68.0,2.0,7.0,1.0,1,1.0,2.0,False,False,False,False,False,True,False,0
58.0,5.0,36.0,3.0,1,1.0,2.0,True,False,False,False,False,True,False,0
38.0,1.0,50.0,1.0,1,1.0,2.0,False,False,True,False,False,False,False,0
26.0,1.0,28.0,1.0,2,1.0,2.0,True,False,True,False,False,False,False,0
8.0,5.0,36.0,4.0,3,1.0,1.0,True,False,False,False,False,False,False,0
4.0,5.0,36.0,4.0,3,2.0,1.0,True,False,False,False,False,False,True,0
58.0,3.0,36.0,3.0,1,1.0,2.0,False,False,False,True,False,False,False,0
82.0,5.0,36.0,3.0,1,1.0,2.0,True,False,False,True,False,False,False,0
68.0,2.0,36.0,3.0,2,1.0,2.0,True,True,False,False,False,False,False,0
49.0,5.0,36.0,3.0,3,1.0,2.0,True,False,False,True,False,False,False,0
41.0,5.0,40.0,1.0,3,1.0,2.0,False,False,True,False,False,False,False,0
27.0,5.0,36.0,1.0,3,1.0,2.0,False,False,False,True,False,False,False,0
55.0,2.0,40.0,1.0,1,1.0,2.0,False,False,False,False,False,True,False,0
54.0,2.0,40.0,1.0,2,1.0,2.0,True,False,False,False,False,True,False,0
53.0,1.0,36.0,3.0,1,1.0,2.0,False,True,False,False,False,False,False,0
43.0,1.0,36.0,2.0,2,1.0,2.0,True,False,True,False,False,False,False,0
17.0,5.0,36.0,3.0,3,1.0,1.0,False,False,True,False,False,False,False,0
20.0,5.0,72.0,1.0,3,1.0,2.0,False,False,False,True,False,False,False,0
11.0,5.0,36.0,3.0,3,1.0,1.0,True,False,False,False,False,False,False,0
72.0,2.0,0.0,1.0,1,1.0,2.0,False,True,False,False,False,False,False,0
59.0,2.0,40.0,1.0,1,1.0,2.0,False,False,False,False,False,True,False,0
60.0,2.0,40.0,1.0,2,1.0,2.0,True,False,False,False,False,True,False,0
28.0,5.0,6.0,1.0,3,1.0,2.0,False,False,False,False,False,True,False,0
30.0,5.0,0.0,1.0,3,1.0,2.0,True,False,False,False,False,True,False,0
26.0,5.0,36.0,2.0,3,1.0,2.0,False,False,False,False,False,True,False,0
24.0,5.0,0.0,1.0,3,1.0,1.0,True,False,False,False,True,False,False,0
61.0,5.0,40.0,1.0,1,1.0,2.0,True,False,False,False,False,True,False,0
35.0,5.0,40.0,1.0,3,1.0,2.0,True,False,False,True,False,False,False,0
29.0,1.0,36.0,2.0,2,1.0,2.0,True,False,False,True,False,False,False,0
27.0,1.0,36.0,3.0,4,1.0,2.0,True,False,False,True,False,False,False,0
10.0,5.0,36.0,3.0,5,1.0,1.0,False,False,False,False,False,False,False,0
2.0,5.0,36.0,4.0,5,2.0,3.0,False,False,False,False,False,False,True,0
48.0,1.0,30.0,1.0,1,1.0,2.0,False,False,False,True,False,False,False,0
45.0,1.0,25.0,1.0,2,1.0,2.0,True,False,False,False,False,True,False,0
5.0,5.0,36.0,4.0,3,2.0,1.0,True,False,False,False,False,False,True,0
3.0,5.0,36.0,4.0,3,2.0,3.0,False,False,False,False,False,False,True,0
19.0,5.0,36.0,3.0,3,1.0,1.0,True,False,False,False,True,False,False,0
66.0,4.0,36.0,3.0,1,1.0,2.0,False,True,False,False,False,False,False,0
26.0,5.0,72.0,1.0,3,1.0,2.0,False,False,True,False,False,False,False,0
68.0,4.0,36.0,3.0,1,1.0,2.0,True,True,False,False,False,False,False,0
33.0,5.0,45.0,1.0,3,1.0,1.0,False,False,False,False,True,False,False,0
41.0,1.0,40.0,1.0,1,1.0,2.0,False,False,False,True,False,False,False,0
83.0,4.0,36.0,3.0,1,1.0,2.0,True,False,False,True,False,False,False,0
10.0,5.0,36.0,3.0,3,1.0,1.0,False,False,False,False,False,False,False,0
62.0,3.0,40.0,1.0,1,1.0,2.0,True,False,False,False,False,True,False,0
38.0,5.0,36.0,3.0,3,1.0,2.0,False,False,False,True,False,False,False,0
39.0,1.0,50.0,1.0,1,1.0,2.0,False,False,False,True,False,False,False,0
39.0,1.0,30.0,1.0,2,1.0,2.0,True,False,False,False,False,True,False,0
54.0,2.0,20.0,1.0,1,1.0,2.0,True,False,False,True,False,False,False,0
50.0,2.0,18.0,1.0,2,1.0,2.0,False,True,False,False,False,False,False,0
24.0,5.0,36.0,2.0,3,1.0,2.0,True,False,False,False,False,True,False,0
20.0,5.0,36.0,3.0,3,1.0,1.0,True,False,False,False,True,False,False,0
44.0,5.0,20.0,1.0,1,1.0,2.0,True,False,False,True,False,False,False,0
14.0,5.0,36.0,3.0,3,1.0,1.0,True,False,True,False,False,False,False,0
69.0,3.0,36.0,3.0,1,1.0,2.0,True,True,False,False,False,False,False,0
30.0,5.0,10.0,1.0,3,1.0,2.0,True,False,False,False,False,True,False,0
65.0,2.0,10.0,1.0,7,1.0,2.0,True,True,False,False,False,False,False,0
4.0,5.0,36.0,4.0,3,2.0,1.0,False,False,False,False,False,False,True,0
5.0,5.0,36.0,4.0,3,2.0,1.0,True,False,False,False,False,False,True,0
50.0,1.0,25.0,1.0,2,1.0,2.0,False,False,False,True,False,False,False,0
23.0,1.0,36.0,3.0,3,1.0,2.0,True,False,False,True,False,False,False,0
2.0,5.0,36.0,4.0,5,2.0,3.0,True,False,False,False,False,False,True,0
2.0,5.0,36.0,4.0,5,2.0,3.0,True,False,False,False,False,False,True,0
26.0,1.0,32.0,1.0,4,1.0,2.0,False,False,False,True,False,False,False,0
30.0,1.0,36.0,3.0,4,1.0,2.0,True,False,False,True,False,False,False,0
53.0,1.0,28.0,1.0,1,1.0,2.0,False,False,True,False,False,False,False,0
56.0,1.0,46.0,1.0,2,1.0,2.0,True,True,False,False,False,False,False,0
30.0,5.0,28.0,1.0,3,1.0,2.0,False,False,True,False,False,False,False,0
3.0,5.0,36.0,4.0,3,2.0,1.0,True,False,False,False,False,False,True,0
50.0,3.0,4.0,1.0,1,1.0,2.0,True,False,False,False,False,True,False,0
10.0,5.0,36.0,3.0,3,1.0,1.0,True,False,False,False,False,False,False,0
37.0,2.0,36.0,3.0,1,1.0,2.0,True,False,False,True,False,False,False,0
36.0,2.0,63.0,1.0,2,1.0,2.0,False,False,False,True,False,False,False,0
5.0,5.0,36.0,4.0,3,1.0,1.0,False,False,False,False,False,False,True,0
22.0,5.0,54.0,1.0,3,1.0,2.0,False,False,False,True,False,False,False,0
62.0,1.0,36.0,1.0,1,1.0,2.0,False,False,False,True,False,False,False,0
60.0,1.0,36.0,2.0,2,1.0,2.0,True,False,False,True,False,False,False,0
73.0,4.0,36.0,3.0,1,1.0,2.0,True,False,True,False,False,False,False,0
50.0,5.0,48.0,1.0,3,1.0,2.0,False,False,False,True,False,False,False,0
64.0,3.0,0.0,1.0,1,1.0,2.0,False,False,False,False,False,True,False,0
5.0,5.0,36.0,4.0,3,2.0,1.0,True,False,False,False,False,False,True,0
35.0,5.0,48.0,1.0,1,1.0,2.0,False,False,False,True,False,False,False,0
80.0,4.0,36.0,3.0,6,1.0,2.0,True,False,True,False,False,False,False,0
71.0,3.0,36.0,3.0,1,1.0,2.0,True,False,False,True,False,False,False,0
51.0,3.0,22.0,1.0,1,1.0,2.0,True,False,False,True,False,False,False,0
31.0,5.0,36.0,1.0,3,1.0,2.0,False,True,False,False,False,False,False,0
33.0,1.0,52.0,1.0,1,1.0,2.0,False,False,True,False,False,False,False,0
29.0,1.0,52.0,1.0,2,1.0,2.0,True,False,False,True,False,False,False,0
63.0,2.0,40.0,1.0,1,1.0,2.0,False,False,False,False,False,True,False,0
56.0,2.0,20.0,1.0,2,1.0,2.0,True,False,False,False,False,True,False,0
58.0,2.0,40.0,1.0,1,1.0,2.0,False,False,False,False,False,True,False,0
55.0,1.0,0.0,1.0,1,1.0,2.0,True,False,False,False,False,True,False,0
56.0,1.0,0.0,1.0,2,1.0,2.0,False,False,False,False,False,True,False,0
22.0,5.0,0.0,1.0,3,1.0,1.0,True,False,False,False,True,False,False,0
54.0,2.0,36.0,3.0,2,1.0,2.0,True,True,False,False,False,False,False,0
43.0,5.0,30.0,1.0,1,1.0,2.0,True,True,False,False,False,False,False,0
20.0,5.0,36.0,3.0,3,1.0,2.0,False,False,True,False,False,False,False,0
71.0,2.0,36.0,3.0,1,1.0,2.0,False,True,False,False,False,False,False,0
46.0,1.0,8.0,1.0,1,1.0,2.0,True,False,False,True,False,False,False,0
20.0,5.0,36.0,3.0,3,1.0,2.0,True,False,False,True,False,False,False,0
69.0,2.0,36.0,3.0,2,1.0,2.0,True,True,False,False,False,False,False,0
33.0,5.0,24.0,1.0,3,1.0,2.0,True,False,False,False,True,False,False,0
23.0,5.0,40.0,1.0,5,1.0,2.0,True,False,False,False,False,True,False,0
59.0,1.0,20.0,1.0,1,1.0,2.0,False,False,False,True,False,False,False,0
71.0,1.0,36.0,3.0,2,1.0,2.0,True,True,False,False,False,False,False,0
69.0,2.0,40.0,1.0,1,1.0,2.0,False,False,False,True,False,False,False,0
45.0,5.0,54.0,1.0,1,1.0,2.0,True,True,False,False,False,False,False,0
20.0,5.0,24.0,1.0,3,1.0,2.0,False,False,False,True,False,False,False,0
71.0,2.0,36.0,3.0,1,1.0,2.0,True,False,False,True,False,False,False,0
75.0,2.0,36.0,3.0,2,1.0,2.0,False,False,False,True,False,False,False,0
72.0,4.0,36.0,3.0,1,1.0,2.0,True,False,False,False,False,True,False,0
12.0,5.0,36.0,3.0,3,1.0,1.0,True,False,False,False,False,False,False,0
90.0,4.0,36.0,3.0,1,1.0,2.0,True,True,False,False,False,False,False,0
82.0,4.0,36.0,3.0,1,1.0,2.0,True,False,False,True,False,False,False,0
53.0,5.0,8.0,1.0,3,1.0,2.0,False,False,False,False,False,True,False,0
81.0,4.0,36.0,3.0,1,1.0,2.0,True,True,False,False,False,False,False,0
44.0,1.0,36.0,3.0,3,1.0,2.0,True,False,True,False,False,False,False,0
47.0,1.0,48.0,1.0,4,1.0,2.0,False,False,False,True,False,False,False,0
12.0,5.0,36.0,3.0,5,1.0,1.0,False,False,True,False,False,False,False,0
20.0,5.0,36.0,3.0,5,1.0,1.0,False,False,False,False,True,False,False,0
43.0,1.0,40.0,1.0,1,1.0,2.0,False,False,False,True,False,False,False,0
40.0,1.0,25.0,1.0,2,1.0,2.0,True,False,True,False,False,False,False,0
12.0,5.0,36.0,3.0,3,1.0,1.0,False,False,True,False,False,False,False,0
11.0,5.0,36.0,3.0,3,1.0,1.0,False,False,False,False,False,False,False,0
38.0,1.0,35.0,1.0,1,1.0,1.0,False,False,False,False,True,False,False,0
35.0,1.0,0.0,1.0,2,1.0,2.0,True,False,False,False,False,True,False,0
51.0,2.0,38.0,1.0,1,1.0,2.0,False,False,True,False,False,False,False,0
55.0,2.0,40.0,1.0,2,1.0,2.0,True,False,True,False,False,False,False,0
21.0,5.0,48.0,1.0,3,1.0,2.0,True,False,True,False,False,False,False,0
22.0,5.0,48.0,1.0,3,1.0,1.0,True,False,False,False,True,False,False,0
3.0,5.0,36.0,4.0,3,1.0,1.0,False,False,False,False,False,False,True,0
50.0,1.0,70.0,1.0,1,1.0,2.0,False,True,False,False,False,False,False,0
38.0,1.0,36.0,3.0,2,1.0,2.0,True,False,False,True,False,False,False,0
14.0,5.0,36.0,3.0,3,1.0,1.0,False,False,True,False,False,False,False,0
20.0,5.0,36.0,3.0,3,1.0,1.0,False,False,False,False,True,False,False,0
45.0,1.0,36.0,3.0,1,1.0,2.0,True,False,True,False,False,False,False,0
49.0,1.0,60.0,1.0,2,1.0,2.0,False,True,False,False,False,False,False,0
16.0,5.0,36.0,3.0,3,1.0,1.0,False,False,True,False,False,False,False,0
37.0,2.0,36.0,3.0,1,1.0,1.0,True,False,False,False,True,False,False,0
37.0,2.0,40.0,1.0,2,1.0,2.0,False,False,False,True,False,False,False,0
59.0,3.0,36.0,2.0,1,1.0,2.0,True,False,False,False,False,True,False,0
85.0,4.0,36.0,3.0,1,1.0,2.0,True,True,False,False,False,False,False,0
45.0,5.0,36.0,3.0,3,1.0,2.0,False,False,False,False,False,False,False,0
45.0,1.0,36.0,2.0,2,1.0,2.0,False,False,True,False,False,False,False,0
21.0,5.0,36.0,3.0,3,1.0,2.0,False,False,False,True,False,False,False,0
9.0,5.0,36.0,4.0,3,1.0,1.0,True,False,False,False,False,False,False,0
42.0,5.0,36.0,2.0,3,1.0,2.0,False,False,False,True,False,False,False,0
63.0,3.0,48.0,1.0,1,1.0,2.0,False,False,False,False,False,True,False,0
52.0,1.0,20.0,1.0,1,1.0,2.0,False,False,True,False,False,False,False,0
45.0,1.0,7.0,1.0,2,1.0,2.0,True,False,True,False,False,False,False,0
33.0,5.0,36.0,2.0,3,1.0,1.0,True,False,False,False,True,False,False,0
24.0,5.0,36.0,1.0,3,1.0,2.0,True,False,False,False,False,True,False,0
21.0,5.0,36.0,3.0,3,1.0,2.0,True,False,True,False,False,False,False,0
11.0,5.0,36.0,3.0,3,1.0,1.0,False,False,False,False,False,False,False,0
1.0,5.0,36.0,4.0,5,3.0,2.0,False,False,False,False,False,False,True,0
41.0,1.0,0.0,1.0,1,1.0,2.0,True,False,True,False,False,False,False,0
33.0,2.0,36.0,3.0,2,1.0,2.0,True,False,False,True,False,False,False,0
14.0,5.0,36.0,3.0,3,1.0,1.0,True,False,True,False,False,False,False,0
2.0,5.0,36.0,4.0,3,2.0,3.0,False,False,False,False,False,False,True,0
1.0,5.0,36.0,4.0,3,3.0,2.0,False,False,False,False,False,False,True,0
50.0,5.0,36.0,1.0,3,1.0,2.0,True,False,False,True,False,False,False,0
33.0,5.0,30.0,1.0,3,1.0,2.0,False,False,False,False,False,True,False,0
33.0,2.0,40.0,1.0,1,1.0,2.0,False,False,False,True,False,False,False,0
57.0,1.0,15.0,1.0,2,1.0,2.0,True,False,True,False,False,False,False,0
62.0,3.0,36.0,3.0,1,1.0,2.0,True,False,False,False,False,True,False,0
58.0,2.0,36.0,3.0,2,1.0,2.0,True,False,False,False,False,True,False,0
26.0,5.0,36.0,3.0,3,2.0,2.0,True,False,False,False,False,False,False,0
29.0,5.0,40.0,1.0,3,1.0,2.0,False,False,False,False,False,True,False,0
24.0,5.0,36.0,3.0,3,1.0,1.0,False,False,False,False,True,False,False,0
63.0,1.0,36.0,2.0,1,1.0,2.0,False,True,False,False,False,False,False,0
25.0,5.0,48.0,1.0,3,1.0,1.0,True,False,False,False,True,False,False,0
22.0,5.0,36.0,3.0,3,1.0,1.0,True,False,False,False,True,False,False,0
20.0,5.0,36.0,3.0,3,1.0,1.0,True,False,False,False,True,False,False,0
61.0,4.0,36.0,3.0,1,1.0,2.0,True,False,True,False,False,False,False,0
33.0,5.0,6.0,1.0,3,1.0,2.0,True,False,False,True,False,False,False,0
13.0,5.0,36.0,3.0,5,1.0,1.0,False,False,True,False,False,False,False,0
51.0,1.0,12.0,1.0,1,1.0,2.0,True,True,False,False,False,False,False,0
54.0,1.0,36.0,3.0,2,1.0,2.0,False,False,False,False,False,False,False,0
17.0,5.0,36.0,3.0,3,1.0,2.0,True,False,True,False,False,False,False,0
16.0,5.0,36.0,3.0,3,1.0,1.0,False,False,True,False,False,False,False,0
14.0,5.0,36.0,3.0,3,1.0,1.0,True,False,True,False,False,False,False,0
11.0,5.0,36.0,3.0,3,1.0,1.0,False,False,False,False,False,False,False,0
21.0,5.0,28.0,1.0,3,1.0,2.0,False,False,True,False,False,False,False,0
2.0,5.0,36.0,4.0,5,2.0,3.0,True,False,False,False,False,False,True,0
51.0,1.0,36.0,2.0,2,1.0,2.0,False,True,False,False,False,False,False,0
34.0,5.0,36.0,4.0,5,3.0,2.0,True,False,False,False,False,False,True,0
29.0,5.0,36.0,3.0,3,1.0,1.0,False,False,False,False,True,False,False,0
37.0,1.0,0.0,1.0,1,1.0,1.0,False,False,False,False,True,False,False,0
35.0,1.0,0.0,1.0,2,1.0,2.0,True,False,False,True,False,False,False,0
14.0,5.0,36.0,3.0,3,1.0,1.0,True,False,True,False,False,False,False,0
5.0,5.0,36.0,4.0,3,2.0,1.0,True,False,False,False,False,False,True,0
78.0,5.0,36.0,3.0,1,1.0,2.0,True,False,False,False,False,False,False,0
50.0,5.0,0.0,1.0,3,1.0,2.0,False,False,True,False,False,False,False,0
49.0,2.0,50.0,1.0,1,1.0,2.0,False,False,False,False,False,True,False,0
48.0,2.0,40.0,1.0,2,1.0,2.0,True,False,False,False,False,True,False,0
17.0,5.0,36.0,3.0,3,1.0,2.0,True,False,False,False,False,False,False,0
9.0,5.0,36.0,4.0,3,1.0,1.0,True,False,False,False,False,False,False,0
50.0,2.0,30.0,1.0,2,1.0,2.0,True,False,False,False,True,False,False,0
15.0,5.0,36.0,3.0,3,1.0,1.0,True,False,True,False,False,False,False,0
22.0,5.0,40.0,1.0,3,1.0,1.0,False,False,False,False,True,False,False,0
51.0,2.0,45.0,1.0,1,1.0,2.0,False,False,False,False,False,True,False,0
11.0,5.0,36.0,3.0,3,1.0,1.0,True,False,False,False,False,False,False,0
41.0,2.0,48.0,1.0,1,1.0,2.0,False,False,False,False,True,False,False,0
37.0,2.0,48.0,1.0,2,1.0,2.0,True,False,False,False,False,True,False,0
3.0,5.0,36.0,4.0,3,2.0,1.0,False,False,False,False,False,False,True,0
1.0,5.0,36.0,4.0,3,3.0,2.0,False,False,False,False,False,False,True,0
51.0,3.0,24.0,1.0,1,1.0,2.0,True,False,False,False,False,True,False,0
12.0,5.0,36.0,3.0,3,1.0,1.0,False,False,False,False,False,False,False,0
54.0,2.0,40.0,1.0,1,1.0,2.0,False,True,False,False,False,False,False,0
39.0,2.0,5.0,1.0,2,1.0,2.0,True,False,True,False,False,False,False,0
20.0,5.0,36.0,3.0,3,1.0,1.0,True,False,False,False,True,False,False,0
16.0,5.0,36.0,3.0,3,1.0,1.0,True,False,True,False,False,False,False,0
13.0,5.0,36.0,3.0,3,1.0,1.0,True,False,True,False,False,False,False,0
55.0,3.0,30.0,1.0,1,1.0,2.0,False,False,False,True,False,False,False,0
36.0,1.0,48.0,1.0,3,1.0,2.0,False,False,False,True,False,False,False,0
70.0,1.0,0.0,1.0,2,1.0,2.0,True,False,False,False,False,True,False,0
44.0,3.0,36.0,2.0,3,1.0,2.0,True,False,True,False,False,False,False,0
25.0,3.0,36.0,2.0,5,1.0,2.0,True,False,False,True,False,False,False,0
68.0,1.0,36.0,3.0,1,1.0,2.0,False,False,False,False,False,False,True,0
60.0,2.0,36.0,3.0,1,1.0,2.0,True,False,False,True,False,False,False,0
68.0,2.0,36.0,3.0,2,1.0,2.0,False,False,False,True,False,False,False,0
67.0,5.0,36.0,3.0,1,1.0,2.0,False,False,False,True,False,False,False,0
78.0,4.0,36.0,3.0,1,1.0,2.0,True,False,False,False,False,True,False,0
25.0,5.0,20.0,1.0,3,1.0,2.0,False,False,False,False,False,False,False,0
43.0,3.0,47.0,1.0,3,1.0,2.0,True,False,False,True,False,False,False,0
11.0,5.0,36.0,3.0,5,1.0,1.0,False,False,True,False,False,False,False,0
47.0,2.0,45.0,1.0,1,1.0,2.0,False,False,False,True,False,False,False,0
43.0,2.0,56.0,1.0,2,1.0,2.0,True,False,False,False,False,True,False,0
16.0,5.0,36.0,3.0,3,1.0,1.0,False,False,True,False,False,False,False,0
55.0,2.0,0.0,1.0,1,1.0,2.0,False,False,False,False,False,True,False,0
51.0,2.0,0.0,1.0,2,1.0,2.0,True,False,False,False,False,True,False,0
14.0,5.0,36.0,3.0,3,1.0,1.0,True,False,True,False,False,False,False,0
12.0,5.0,36.0,3.0,3,1.0,1.0,True,False,True,False,False,False,False,0
73.0,4.0,36.0,3.0,1,1.0,2.0,True,False,False,True,False,False,False,0
54.0,2.0,35.0,1.0,1,1.0,2.0,True,True,False,False,False,False,False,0
26.0,5.0,36.0,3.0,3,1.0,2.0,True,False,False,False,True,False,False,0
20.0,5.0,36.0,3.0,3,1.0,1.0,True,False,False,False,True,False,False,0
13.0,5.0,36.0,3.0,3,1.0,1.0,True,False,True,False,False,False,False,0
34.0,5.0,36.0,4.0,5,3.0,2.0,False,False,False,False,False,False,True,0
36.0,1.0,36.0,3.0,1,1.0,2.0,False,False,False,False,False,True,False,0
37.0,1.0,36.0,3.0,2,1.0,2.0,False,False,False,False,True,False,False,0
63.0,3.0,36.0,3.0,1,1.0,2.0,False,False,False,True,False,False,False,0
78.0,2.0,36.0,3.0,2,1.0,2.0,True,True,False,False,False,False,False,0
64.0,2.0,25.0,1.0,1,1.0,2.0,False,False,True,False,False,False,False,0
66.0,2.0,36.0,3.0,2,1.0,2.0,True,False,False,True,False,False,False,0
52.0,3.0,0.0,1.0,1,1.0,2.0,True,False,False,True,False,False,False,0
21.0,2.0,36.0,2.0,3,1.0,1.0,True,False,False,False,True,False,False,0
21.0,2.0,26.0,1.0,4,1.0,2.0,False,False,False,True,False,False,False,0
34.0,5.0,36.0,4.0,5,3.0,2.0,False,False,False,False,False,False,True,0
58.0,3.0,30.0,1.0,1,1.0,2.0,True,False,False,False,False,True,False,0
81.0,2.0,36.0,3.0,1,1.0,2.0,False,True,False,False,False,False,False,0
40.0,2.0,70.0,1.0,1,1.0,2.0,False,False,False,True,False,False,False,0
36.0,2.0,42.0,1.0,2,1.0,2.0,True,False,True,False,False,False,False,0
17.0,5.0,36.0,3.0,3,1.0,1.0,False,False,True,False,False,False,False,0
9.0,5.0,36.0,4.0,3,1.0,1.0,False,False,False,False,False,False,False,0
5.0,5.0,36.0,4.0,3,2.0,1.0,False,False,False,False,False,False,True,0
10.0,5.0,36.0,3.0,3,1.0,1.0,False,False,False,False,False,False,False,0
44.0,1.0,24.0,1.0,1,1.0,2.0,False,False,False,False,False,False,False,0
28.0,1.0,31.0,1.0,2,1.0,2.0,True,False,False,True,False,False,False,0
11.0,5.0,36.0,3.0,3,1.0,1.0,False,False,False,False,False,False,False,0
9.0,5.0,36.0,4.0,3,1.0,1.0,True,False,False,False,False,False,False,0
46.0,2.0,40.0,1.0,1,1.0,2.0,False,False,False,False,True,False,False,0
43.0,2.0,36.0,3.0,2,1.0,2.0,True,False,False,False,True,False,False,0
23.0,5.0,28.0,1.0,3,1.0,2.0,False,False,False,True,False,False,False,0
16.0,5.0,36.0,3.0,3,1.0,1.0,False,False,True,False,False,False,False,0
41.0,1.0,38.0,1.0,1,1.0,2.0,True,False,False,False,True,False,False,0
47.0,1.0,37.0,1.0,2,1.0,2.0,False,False,False,True,False,False,False,0
12.0,5.0,36.0,3.0,3,1.0,1.0,False,False,True,False,False,False,False,0
32.0,1.0,36.0,1.0,4,1.0,2.0,True,False,False,True,False,False,False,0
12.0,5.0,36.0,3.0,5,1.0,1.0,True,False,True,False,False,False,False,0
38.0,1.0,40.0,1.0,1,1.0,2.0,False,False,False,False,False,True,False,0
44.0,1.0,48.0,1.0,2,1.0,2.0,True,False,False,False,False,True,False,0
12.0,5.0,36.0,3.0,3,1.0,1.0,False,False,False,False,False,False,False,0
11.0,5.0,36.0,3.0,3,1.0,1.0,False,False,False,False,False,False,False,0
6.0,5.0,36.0,4.0,3,1.0,1.0,False,False,False,False,False,False,False,0
76.0,2.0,36.0,3.0,1,1.0,2.0,True,False,False,False,True,False,False,0
77.0,2.0,36.0,3.0,2,1.0,2.0,False,False,True,False,False,False,False,0
48.0,5.0,36.0,3.0,3,1.0,1.0,True,False,False,False,True,False,False,0
63.0,3.0,15.0,1.0,1,1.0,2.0,True,False,False,False,False,False,False,0
56.0,2.0,40.0,1.0,1,1.0,2.0,True,False,False,False,True,False,False,0
54.0,2.0,45.0,1.0,2,1.0,2.0,False,False,False,False,True,False,False,0
25.0,5.0,40.0,1.0,3,1.0,1.0,True,False,False,False,True,False,False,0
16.0,5.0,36.0,3.0,3,1.0,1.0,True,False,True,False,False,False,False,0
41.0,1.0,35.0,1.0,1,1.0,2.0,True,False,False,False,False,True,False,0
40.0,1.0,60.0,1.0,2,1.0,2.0,False,False,False,True,False,False,False,0
18.0,5.0,36.0,3.0,3,1.0,1.0,True,False,False,False,True,False,False,0
75.0,4.0,36.0,3.0,6,1.0,2.0,False,False,True,False,False,False,False,0
48.0,3.0,40.0,1.0,1,1.0,2.0,True,False,False,True,False,False,False,0
14.0,5.0,36.0,3.0,3,1.0,1.0,True,False,True,False,False,False,False,0
10.0,5.0,36.0,3.0,3,1.0,1.0,False,False,False,False,False,False,False,0
95.0,3.0,36.0,3.0,1,1.0,2.0,True,False,False,False,False,False,False,0
11.0,5.0,36.0,3.0,3,1.0,1.0,False,False,False,False,False,False,False,0
19.0,1.0,56.0,1.0,4,1.0,2.0,False,False,False,True,False,False,False,0
32.0,5.0,48.0,1.0,1,1.0,1.0,True,False,False,False,True,False,False,0
16.0,1.0,36.0,3.0,3,1.0,1.0,True,False,True,False,False,False,False,0
12.0,5.0,36.0,3.0,3,1.0,1.0,True,False,False,False,False,False,False,0
41.0,1.0,40.0,1.0,1,1.0,2.0,False,False,False,True,False,False,False,0
31.0,1.0,20.0,1.0,2,1.0,2.0,True,False,False,False,False,True,False,0
81.0,4.0,36.0,3.0,1,1.0,2.0,True,False,False,False,False,True,False,0
58.0,3.0,40.0,1.0,3,1.0,2.0,False,False,False,True,False,False,False,0
77.0,2.0,36.0,3.0,1,1.0,2.0,True,False,False,True,False,False,False,0
74.0,2.0,36.0,3.0,2,1.0,2.0,False,False,False,True,False,False,False,0
23.0,1.0,36.0,2.0,1,1.0,2.0,True,False,False,True,False,False,False,0
4.0,5.0,36.0,4.0,3,2.0,1.0,True,False,False,False,False,False,True,0
59.0,2.0,30.0,1.0,1,1.0,2.0,False,False,True,False,False,False,False,0
56.0,2.0,16.0,1.0,2,1.0,2.0,True,False,False,True,False,False,False,0
43.0,1.0,45.0,1.0,1,1.0,2.0,False,False,True,False,False,False,False,0
33.0,1.0,36.0,3.0,2,1.0,2.0,True,False,True,False,False,False,False,0
7.0,5.0,36.0,4.0,3,1.0,1.0,True,False,False,False,False,False,False,0
34.0,5.0,36.0,4.0,3,3.0,2.0,True,False,False,False,False,False,True,0
81.0,4.0,16.0,1.0,7,1.0,2.0,False,True,False,False,False,False,False,0
69.0,4.0,36.0,3.0,1,1.0,2.0,True,False,True,False,False,False,False,0
53.0,3.0,30.0,1.0,1,1.0,2.0,False,False,False,True,False,False,False,0
50.0,2.0,44.0,1.0,1,1.0,2.0,True,False,False,True,False,False,False,0
49.0,2.0,36.0,2.0,2,1.0,2.0,False,False,False,True,False,False,False,0
19.0,5.0,36.0,3.0,3,1.0,1.0,False,False,False,False,True,False,False,0
17.0,5.0,36.0,3.0,3,1.0,1.0,True,False,True,False,False,False,False,0
14.0,5.0,36.0,3.0,3,1.0,1.0,False,False,True,False,False,False,False,0
39.0,3.0,8.0,1.0,1,1.0,2.0,True,False,False,True,False,False,False,0
15.0,5.0,36.0,3.0,3,1.0,1.0,True,False,True,False,False,False,False,0
7.0,5.0,36.0,4.0,3,1.0,1.0,True,False,False,False,False,False,False,0
54.0,2.0,40.0,1.0,2,1.0,2.0,True,False,False,False,False,True,False,0
24.0,5.0,28.0,1.0,3,1.0,2.0,True,False,False,False,False,True,False,0
22.0,5.0,36.0,3.0,3,1.0,1.0,False,False,False,False,True,False,False,0
59.0,2.0,30.0,1.0,1,1.0,2.0,False,False,False,False,False,True,False,0
33.0,1.0,48.0,1.0,1,1.0,2.0,False,False,False,False,False,True,False,0
31.0,1.0,36.0,1.0,2,1.0,2.0,True,False,False,False,False,True,False,0
29.0,3.0,30.0,1.0,1,1.0,2.0,False,False,False,True,False,False,False,0
3.0,5.0,36.0,4.0,3,2.0,3.0,False,False,False,False,False,False,True,0
64.0,3.0,36.0,3.0,1,1.0,2.0,True,False,False,False,False,True,False,0
40.0,5.0,30.0,1.0,3,1.0,2.0,True,False,False,False,False,True,False,0
82.0,4.0,36.0,3.0,1,2.0,3.0,True,False,False,False,False,False,True,0
76.0,3.0,36.0,3.0,1,1.0,2.0,True,False,False,True,False,False,False,0
32.0,5.0,20.0,1.0,3,1.0,2.0,True,False,False,False,False,True,False,0
27.0,5.0,29.0,1.0,3,1.0,2.0,False,False,False,True,False,False,False,0
64.0,2.0,48.0,1.0,1,1.0,2.0,False,True,False,False,False,False,False,0
65.0,2.0,36.0,3.0,2,1.0,2.0,True,True,False,False,False,False,False,0
65.0,2.0,14.0,1.0,1,1.0,2.0,False,False,True,False,False,False,False,0
77.0,2.0,36.0,3.0,2,1.0,2.0,True,False,False,False,False,True,False,0
68.0,5.0,36.0,3.0,1,1.0,2.0,True,False,False,False,False,False,False,0
30.0,5.0,48.0,1.0,9,1.0,2.0,True,False,False,True,False,False,False,0
80.0,2.0,50.0,1.0,1,1.0,2.0,False,False,False,False,False,True,False,0
75.0,2.0,36.0,3.0,2,1.0,2.0,True,False,False,False,False,True,False,0
48.0,5.0,36.0,1.0,1,1.0,2.0,True,False,False,True,False,False,False,0
11.0,5.0,36.0,3.0,3,1.0,1.0,False,False,True,False,False,False,False,0
50.0,5.0,40.0,1.0,1,1.0,2.0,True,False,False,True,False,False,False,0
8.0,5.0,36.0,4.0,5,1.0,1.0,False,False,False,False,False,False,False,0
5.0,5.0,36.0,4.0,5,2.0,1.0,False,False,False,False,False,False,False,0
68.0,2.0,40.0,1.0,1,1.0,2.0,False,True,False,False,False,False,False,0
61.0,2.0,12.0,1.0,2,1.0,2.0,True,False,True,False,False,False,False,0
25.0,3.0,30.0,1.0,3,1.0,2.0,True,False,True,False,False,False,False,0
60.0,3.0,42.0,1.0,1,1.0,2.0,False,False,False,False,False,True,False,0
63.0,2.0,36.0,3.0,1,1.0,2.0,False,False,True,False,False,False,False,0
57.0,2.0,36.0,3.0,2,1.0,2.0,True,False,False,False,True,False,False,0
34.0,5.0,40.0,1.0,3,1.0,2.0,False,False,False,False,False,True,False,0
64.0,5.0,36.0,3.0,1,1.0,1.0,True,False,False,False,True,False,False,0
72.0,2.0,6.0,1.0,1,1.0,2.0,False,True,False,False,False,False,False,0
72.0,2.0,36.0,3.0,2,1.0,2.0,True,True,False,False,False,False,False,0
36.0,5.0,15.0,1.0,3,1.0,2.0,False,False,True,False,False,False,False,0
29.0,5.0,9.0,1.0,3,1.0,2.0,True,False,False,True,False,False,False,0
27.0,1.0,36.0,3.0,2,1.0,2.0,False,False,False,True,False,False,False,0
47.0,2.0,36.0,3.0,1,1.0,2.0,True,False,True,False,False,False,False,0
53.0,2.0,18.0,1.0,2,1.0,2.0,False,False,False,True,False,False,False,0
13.0,5.0,36.0,3.0,3,1.0,1.0,True,False,True,False,False,False,False,0
26.0,5.0,15.0,1.0,3,1.0,2.0,True,False,False,False,False,True,False,0
24.0,5.0,18.0,1.0,3,1.0,1.0,True,False,False,False,True,False,False,0
62.0,3.0,36.0,3.0,1,1.0,2.0,True,False,False,True,False,False,False,0
84.0,4.0,36.0,3.0,1,1.0,2.0,True,False,True,False,False,False,False,0
41.0,2.0,29.0,1.0,1,1.0,2.0,False,False,False,False,False,True,False,0
45.0,2.0,36.0,3.0,2,1.0,2.0,True,False,False,False,False,True,False,0
10.0,5.0,36.0,3.0,3,1.0,1.0,False,False,False,False,False,False,False,0
8.0,5.0,36.0,4.0,3,1.0,1.0,False,False,False,False,False,False,False,0
3.0,5.0,36.0,4.0,3,2.0,3.0,True,False,False,False,False,False,True,0
7.0,5.0,36.0,4.0,5,2.0,1.0,True,False,False,False,False,False,False,0
5.0,5.0,36.0,4.0,5,2.0,1.0,False,False,False,False,False,False,True,0
59.0,2.0,36.0,2.0,1,1.0,2.0,False,True,False,False,False,False,False,0
54.0,2.0,36.0,3.0,2,2.0,3.0,True,False,False,False,False,False,True,0
35.0,5.0,36.0,3.0,3,1.0,2.0,False,False,True,False,False,False,False,0
27.0,5.0,36.0,3.0,3,1.0,2.0,False,False,False,True,False,False,False,0
25.0,5.0,36.0,3.0,3,1.0,2.0,True,False,True,False,False,False,False,0
22.0,5.0,36.0,3.0,3,1.0,2.0,False,True,False,False,False,False,False,0
20.0,5.0,20.0,1.0,3,1.0,2.0,False,False,True,False,False,False,False,0
17.0,5.0,36.0,3.0,3,1.0,1.0,True,False,True,False,False,False,False,0
75.0,4.0,36.0,3.0,1,1.0,2.0,True,False,False,False,False,True,False,0
31.0,2.0,45.0,1.0,1,1.0,2.0,False,False,False,True,False,False,False,0
31.0,2.0,36.0,2.0,2,1.0,2.0,True,False,False,False,False,True,False,0
68.0,2.0,36.0,3.0,1,1.0,2.0,False,False,False,False,False,True,False,0
73.0,2.0,45.0,1.0,2,1.0,2.0,False,False,False,False,False,True,False,0
34.0,5.0,36.0,4.0,5,3.0,2.0,True,False,False,False,False,False,True,0
64.0,3.0,0.0,1.0,1,1.0,2.0,True,False,False,True,False,False,False,0
35.0,5.0,0.0,1.0,3,1.0,2.0,True,False,False,False,False,True,False,0
45.0,2.0,45.0,1.0,1,1.0,2.0,False,False,False,False,False,True,False,0
42.0,2.0,36.0,3.0,2,1.0,2.0,True,False,False,False,False,True,False,0
11.0,5.0,36.0,3.0,3,1.0,1.0,True,False,False,False,False,False,False,0
14.0,5.0,36.0,3.0,3,1.0,1.0,False,False,True,False,False,False,False,0
13.0,5.0,36.0,3.0,3,1.0,1.0,False,False,True,False,False,False,False,0
6.0,5.0,36.0,4.0,3,2.0,1.0,False,False,False,False,False,False,False,0
43.0,4.0,60.0,1.0,1,1.0,1.0,True,False,False,False,True,False,False,0
18.0,5.0,36.0,3.0,3,1.0,1.0,True,False,True,False,False,False,False,0
14.0,5.0,36.0,3.0,3,1.0,1.0,True,False,True,False,False,False,False,0
47.0,2.0,44.0,1.0,3,1.0,2.0,False,False,False,False,False,True,False,0
47.0,2.0,40.0,1.0,4,1.0,2.0,True,False,False,True,False,False,False,0
15.0,2.0,36.0,3.0,5,1.0,1.0,True,False,True,False,False,False,False,0
11.0,5.0,36.0,3.0,5,1.0,1.0,False,False,False,False,False,False,False,0
66.0,3.0,36.0,3.0,1,1.0,2.0,True,True,False,False,False,False,False,0
51.0,3.0,0.0,1.0,1,1.0,2.0,True,False,False,False,False,True,False,0
19.0,5.0,36.0,3.0,3,1.0,1.0,False,False,True,False,False,False,False,0
43.0,1.0,25.0,1.0,1,1.0,2.0,False,True,False,False,False,False,False,0
52.0,1.0,6.0,1.0,2,1.0,2.0,True,False,False,True,False,False,False,0
52.0,2.0,60.0,1.0,1,1.0,2.0,False,False,False,False,False,True,False,0
50.0,2.0,60.0,1.0,2,1.0,2.0,True,False,False,False,False,True,False,0
23.0,5.0,36.0,3.0,3,1.0,1.0,True,False,False,False,True,False,False,0
16.0,5.0,36.0,3.0,3,1.0,1.0,False,False,True,False,False,False,False,0
41.0,2.0,35.0,1.0,1,1.0,2.0,False,False,False,True,False,False,False,0
35.0,2.0,30.0,1.0,2,1.0,2.0,True,False,False,True,False,False,False,0
10.0,5.0,36.0,3.0,3,1.0,1.0,False,False,False,False,False,False,False,0
15.0,5.0,36.0,3.0,3,1.0,1.0,False,False,True,False,False,False,False,0
29.0,5.0,36.0,1.0,3,1.0,1.0,True,False,False,False,True,False,False,0
71.0,4.0,36.0,3.0,1,1.0,2.0,True,True,False,False,False,False,False,0
1.0,5.0,36.0,4.0,5,3.0,2.0,True,False,False,False,False,False,True,0
66.0,2.0,30.0,1.0,1,1.0,2.0,False,True,False,False,False,False,False,0
64.0,2.0,40.0,1.0,2,1.0,2.0,True,True,False,False,False,False,False,0
40.0,5.0,36.0,1.0,3,1.0,2.0,True,False,False,True,False,False,False,0
21.0,5.0,36.0,3.0,5,1.0,1.0,True,False,False,False,True,False,False,0
10.0,5.0,36.0,3.0,5,1.0,1.0,True,False,False,False,False,False,False,0
52.0,5.0,15.0,1.0,1,1.0,2.0,True,False,True,False,False,False,False,0
28.0,5.0,22.0,1.0,3,1.0,2.0,True,False,False,True,False,False,False,0
56.0,2.0,15.0,1.0,1,1.0,2.0,True,True,False,False,False,False,False,0
57.0,2.0,35.0,1.0,2,1.0,2.0,False,True,False,False,False,False,False,0
57.0,2.0,36.0,1.0,1,1.0,2.0,False,True,False,False,False,False,False,0
50.0,2.0,0.0,1.0,2,1.0,2.0,True,False,False,True,False,False,False,0
30.0,5.0,36.0,1.0,3,1.0,2.0,False,False,False,True,False,False,False,0
47.0,1.0,32.0,1.0,1,1.0,2.0,False,False,True,False,False,False,False,0
52.0,1.0,36.0,3.0,2,1.0,2.0,True,False,False,False,True,False,False,0
22.0,5.0,36.0,2.0,3,1.0,2.0,False,False,True,False,False,False,False,0
61.0,4.0,24.0,1.0,1,1.0,2.0,True,False,True,False,False,False,False,0
33.0,5.0,18.0,1.0,3,1.0,2.0,False,False,True,False,False,False,False,0
52.0,3.0,52.0,1.0,1,1.0,2.0,True,True,False,False,False,False,False,0
26.0,5.0,52.0,1.0,3,1.0,2.0,False,False,False,False,True,False,False,0
56.0,2.0,36.0,3.0,2,1.0,2.0,True,False,False,True,False,False,False,0
53.0,2.0,48.0,1.0,1,1.0,2.0,False,False,False,True,False,False,False,0
23.0,1.0,40.0,1.0,1,1.0,2.0,False,False,False,False,False,True,False,0
20.0,1.0,36.0,3.0,2,1.0,2.0,True,False,False,False,True,False,False,0
36.0,1.0,48.0,1.0,1,1.0,2.0,False,False,False,False,False,True,False,0
32.0,1.0,45.0,1.0,2,1.0,2.0,True,False,False,False,False,True,False,0
34.0,1.0,36.0,3.0,1,1.0,2.0,True,False,False,True,False,False,False,0
12.0,5.0,36.0,3.0,3,1.0,1.0,True,False,True,False,False,False,False,0
44.0,1.0,60.0,1.0,2,1.0,2.0,False,True,False,False,False,False,False,0
34.0,5.0,36.0,4.0,3,3.0,2.0,False,False,False,False,False,False,True,0
56.0,5.0,24.0,1.0,1,1.0,2.0,True,False,False,True,False,False,False,0
35.0,5.0,12.0,1.0,3,1.0,2.0,True,False,False,True,False,False,False,0
70.0,3.0,36.0,3.0,1,1.0,2.0,False,False,False,False,False,True,False,0
63.0,1.0,42.0,1.0,1,1.0,2.0,False,False,False,False,False,False,False,0
68.0,1.0,36.0,3.0,2,1.0,2.0,True,False,False,False,False,False,False,0
43.0,1.0,36.0,1.0,1,1.0,2.0,False,False,False,True,False,False,False,0
43.0,1.0,36.0,3.0,2,1.0,2.0,True,False,True,False,False,False,False,0
15.0,5.0,36.0,3.0,3,1.0,1.0,True,False,True,False,False,False,False,0
8.0,5.0,36.0,4.0,3,1.0,1.0,True,False,False,False,False,False,False,0
5.0,5.0,36.0,4.0,3,2.0,1.0,True,False,False,False,False,False,True,0
3.0,5.0,36.0,4.0,3,2.0,3.0,True,False,False,False,False,False,True,0
35.0,1.0,36.0,3.0,1,1.0,2.0,True,False,False,True,False,False,False,0
55.0,1.0,40.0,1.0,2,1.0,2.0,False,False,False,True,False,False,False,0
14.0,5.0,36.0,3.0,3,1.0,1.0,True,False,True,False,False,False,False,0
12.0,5.0,36.0,3.0,3,1.0,1.0,True,False,True,False,False,False,False,0
10.0,5.0,36.0,3.0,3,1.0,1.0,False,False,False,False,False,False,False,0
6.0,5.0,36.0,4.0,3,1.0,1.0,True,False,False,False,False,False,False,0
29.0,5.0,36.0,3.0,3,1.0,2.0,True,False,True,False,False,False,False,0
24.0,1.0,40.0,1.0,4,1.0,2.0,True,False,False,True,False,False,False,0
49.0,2.0,36.0,3.0,1,1.0,2.0,True,False,True,False,False,False,False,0
52.0,2.0,72.0,1.0,2,1.0,2.0,False,False,False,True,False,False,False,0
22.0,1.0,48.0,1.0,3,1.0,2.0,False,False,False,True,False,False,False,0
19.0,5.0,36.0,3.0,3,1.0,2.0,False,False,True,False,False,False,False,0
78.0,4.0,36.0,3.0,1,1.0,2.0,True,False,False,True,False,False,False,0
35.0,5.0,48.0,1.0,3,1.0,2.0,True,False,False,True,False,False,False,0
15.0,5.0,36.0,3.0,5,1.0,1.0,True,False,True,False,False,False,False,0
62.0,3.0,36.0,3.0,1,1.0,2.0,True,False,False,False,False,True,False,0
69.0,5.0,49.0,1.0,1,1.0,2.0,False,False,True,False,False,False,False,0
47.0,3.0,75.0,1.0,1,1.0,2.0,False,True,False,False,False,False,False,0
27.0,5.0,24.0,1.0,3,1.0,2.0,False,False,True,False,False,False,False,0
23.0,5.0,48.0,1.0,3,1.0,2.0,False,False,True,False,False,False,False,0
78.0,5.0,36.0,3.0,1,1.0,2.0,True,False,False,False,False,True,False,0
53.0,1.0,0.0,1.0,2,1.0,2.0,False,False,False,False,False,True,False,0
63.0,1.0,0.0,1.0,1,1.0,2.0,False,False,False,False,False,True,False,0
19.0,5.0,36.0,3.0,3,1.0,1.0,False,False,False,False,True,False,False,0
15.0,5.0,36.0,3.0,3,1.0,1.0,False,False,True,False,False,False,False,0
54.0,1.0,45.0,1.0,1,1.0,2.0,False,False,False,False,False,True,False,0
52.0,1.0,24.0,1.0,2,1.0,2.0,True,False,False,False,False,True,False,0
47.0,5.0,44.0,1.0,1,1.0,2.0,False,False,False,True,False,False,False,0
59.0,2.0,36.0,3.0,1,1.0,2.0,False,False,False,False,True,False,False,0
62.0,2.0,36.0,3.0,2,1.0,2.0,True,False,False,False,False,True,False,0
31.0,5.0,20.0,1.0,3,1.0,1.0,True,False,False,False,True,False,False,0
25.0,5.0,36.0,3.0,3,1.0,2.0,True,False,False,True,False,False,False,0
28.0,5.0,36.0,3.0,3,1.0,2.0,True,False,False,True,False,False,False,0
34.0,1.0,36.0,2.0,4,1.0,2.0,True,False,False,True,False,False,False,0
15.0,5.0,36.0,3.0,5,1.0,1.0,False,False,True,False,False,False,False,0
58.0,3.0,36.0,3.0,1,1.0,2.0,False,False,False,False,False,True,False,0
15.0,5.0,36.0,3.0,3,1.0,1.0,False,False,True,False,False,False,False,0
46.0,2.0,36.0,1.0,1,1.0,2.0,False,True,False,False,False,False,False,0
49.0,2.0,49.0,1.0,2,1.0,2.0,True,True,False,False,False,False,False,0
16.0,5.0,36.0,3.0,3,1.0,1.0,True,False,True,False,False,False,False,0
12.0,5.0,36.0,3.0,3,1.0,1.0,True,False,False,False,False,False,False,0
62.0,3.0,30.0,1.0,1,1.0,2.0,True,False,False,False,True,False,False,0
65.0,3.0,36.0,3.0,1,1.0,2.0,True,False,False,True,False,False,False,0
39.0,1.0,20.0,1.0,3,1.0,2.0,False,False,True,False,False,False,False,0
33.0,5.0,40.0,1.0,3,1.0,2.0,False,False,False,True,False,False,False,0
31.0,5.0,40.0,1.0,3,1.0,2.0,False,False,False,True,False,False,False,0
29.0,5.0,40.0,1.0,3,1.0,2.0,True,False,False,True,False,False,False,0
27.0,5.0,40.0,1.0,3,1.0,2.0,False,False,False,True,False,False,False,0
13.0,5.0,36.0,3.0,3,1.0,1.0,True,False,True,False,False,False,False,0
12.0,5.0,36.0,3.0,3,1.0,1.0,True,False,True,False,False,False,False,0
5.0,5.0,36.0,4.0,5,2.0,1.0,True,False,False,False,False,False,True,0
8.0,5.0,36.0,4.0,5,1.0,1.0,False,False,False,False,False,False,False,0
7.0,5.0,36.0,4.0,5,1.0,1.0,False,False,False,False,False,False,False,0
2.0,5.0,36.0,4.0,5,2.0,3.0,True,False,False,False,False,False,True,0
27.0,5.0,6.0,1.0,3,1.0,2.0,False,False,True,False,False,False,False,0
29.0,1.0,24.0,1.0,3,1.0,2.0,True,False,False,False,True,False,False,0
29.0,1.0,60.0,1.0,4,1.0,2.0,False,False,False,True,False,False,False,0
8.0,5.0,36.0,4.0,5,1.0,1.0,True,False,False,False,False,False,False,0
55.0,2.0,40.0,1.0,1,1.0,2.0,False,False,False,False,False,True,False,0
46.0,5.0,24.0,1.0,1,1.0,2.0,True,False,True,False,False,False,False,0
57.0,3.0,40.0,1.0,1,1.0,2.0,False,False,False,False,True,False,False,0
19.0,5.0,36.0,2.0,3,1.0,2.0,False,False,False,True,False,False,False,0
10.0,5.0,36.0,3.0,5,1.0,1.0,False,False,False,False,False,False,False,0
48.0,2.0,36.0,3.0,1,1.0,2.0,False,False,True,False,False,False,False,0
44.0,2.0,36.0,3.0,2,1.0,2.0,True,False,True,False,False,False,False,0
25.0,1.0,36.0,1.0,3,1.0,2.0,True,False,False,True,False,False,False,0
21.0,5.0,40.0,1.0,3,1.0,2.0,False,False,False,True,False,False,False,0
72.0,1.0,36.0,3.0,2,1.0,2.0,True,True,False,False,False,False,False,0
51.0,5.0,40.0,1.0,3,1.0,2.0,False,False,False,True,False,False,False,0
19.0,5.0,36.0,3.0,5,1.0,1.0,False,False,False,False,True,False,False,0
89.0,1.0,36.0,3.0,1,1.0,2.0,False,False,False,True,False,False,False,0
42.0,5.0,34.0,1.0,1,1.0,2.0,False,False,False,False,True,False,False,0
21.0,5.0,36.0,3.0,1,1.0,2.0,True,False,True,False,False,False,False,0
85.0,3.0,36.0,3.0,1,1.0,2.0,True,False,True,False,False,False,False,0
57.0,3.0,0.0,1.0,3,1.0,2.0,False,False,False,False,False,True,False,0
53.0,1.0,60.0,1.0,1,1.0,2.0,False,False,False,False,False,True,False,0
39.0,1.0,40.0,1.0,2,1.0,2.0,True,False,False,False,False,True,False,0
33.0,1.0,44.0,1.0,1,1.0,2.0,False,False,False,False,False,True,False,0
33.0,1.0,40.0,1.0,2,1.0,2.0,True,False,False,False,False,True,False,0
77.0,4.0,36.0,3.0,1,1.0,2.0,True,True,False,False,False,False,False,0
53.0,3.0,0.0,1.0,3,1.0,2.0,False,False,False,True,False,False,False,0
45.0,5.0,30.0,1.0,1,1.0,2.0,True,True,False,False,False,False,False,0
7.0,5.0,36.0,4.0,3,1.0,1.0,True,False,False,False,False,False,False,0
55.0,2.0,24.0,1.0,1,1.0,2.0,False,False,False,False,False,True,False,0
55.0,2.0,15.0,1.0,2,1.0,2.0,True,False,False,False,False,True,False,0
23.0,5.0,36.0,3.0,3,1.0,1.0,False,False,False,False,True,False,False,0
28.0,5.0,24.0,1.0,3,1.0,2.0,True,False,False,False,False,True,False,0
61.0,2.0,36.0,3.0,1,1.0,2.0,False,False,False,True,False,False,False,0
59.0,2.0,30.0,1.0,2,1.0,2.0,True,False,False,True,False,False,False,0
55.0,2.0,40.0,1.0,2,1.0,2.0,True,False,True,False,False,False,False,0
24.0,5.0,36.0,1.0,3,1.0,2.0,False,False,False,True,False,False,False,0
59.0,3.0,70.0,1.0,1,1.0,2.0,False,False,True,False,False,False,False,0
22.0,5.0,24.0,1.0,3,1.0,2.0,False,False,True,False,False,False,False,0
21.0,5.0,60.0,1.0,3,1.0,2.0,True,False,True,False,False,False,False,0
61.0,2.0,54.0,1.0,1,1.0,2.0,False,False,False,False,False,False,False,0
62.0,2.0,40.0,1.0,1,1.0,2.0,False,False,False,True,False,False,False,0
65.0,2.0,36.0,3.0,2,1.0,2.0,True,False,False,True,False,False,False,0
28.0,5.0,36.0,3.0,3,1.0,1.0,False,False,False,False,True,False,False,0
33.0,5.0,25.0,1.0,3,1.0,2.0,True,False,False,False,False,True,False,0
76.0,2.0,36.0,3.0,1,1.0,2.0,False,False,False,True,False,False,False,0
75.0,2.0,36.0,3.0,2,1.0,2.0,True,False,True,False,False,False,False,0
58.0,2.0,36.0,3.0,1,1.0,2.0,False,False,False,True,False,False,False,0
47.0,2.0,36.0,3.0,2,1.0,2.0,True,False,False,True,False,False,False,0
26.0,5.0,12.0,1.0,3,1.0,2.0,True,False,False,True,False,False,False,0
24.0,5.0,36.0,3.0,3,1.0,1.0,True,False,False,False,True,False,False,0
6.0,5.0,36.0,4.0,5,1.0,1.0,False,False,False,False,False,False,False,0
64.0,3.0,40.0,1.0,1,1.0,2.0,False,False,False,False,True,False,False,0
14.0,5.0,36.0,3.0,5,1.0,1.0,True,False,False,False,False,False,False,0
7.0,5.0,36.0,4.0,5,1.0,1.0,True,False,False,False,False,False,False,0
78.0,2.0,36.0,3.0,1,1.0,2.0,False,True,False,False,False,False,False,0
85.0,2.0,36.0,3.0,2,1.0,2.0,True,True,False,False,False,False,False,0
59.0,2.0,45.0,1.0,1,1.0,2.0,False,True,False,False,False,False,False,0
55.0,2.0,0.0,1.0,2,1.0,2.0,True,False,False,False,False,True,False,0
16.0,5.0,36.0,3.0,3,1.0,1.0,True,False,True,False,False,False,False,0
6.0,5.0,36.0,4.0,3,1.0,1.0,False,False,False,False,False,False,True,0
46.0,1.0,0.0,1.0,1,1.0,2.0,False,False,False,False,False,True,False,0
41.0,1.0,0.0,1.0,2,1.0,2.0,True,False,False,False,True,False,False,0
11.0,5.0,36.0,3.0,3,1.0,1.0,False,False,False,False,False,False,False,0
55.0,2.0,40.0,1.0,2,1.0,2.0,True,False,False,False,False,True,False,0
22.0,5.0,6.0,1.0,3,1.0,2.0,True,False,False,False,False,True,False,0
18.0,5.0,36.0,3.0,3,1.0,1.0,False,False,False,False,True,False,False,0
47.0,2.0,72.0,1.0,1,1.0,2.0,False,False,False,False,True,False,False,0
43.0,2.0,30.0,1.0,2,1.0,2.0,True,False,False,False,False,True,False,0
13.0,5.0,36.0,3.0,3,1.0,1.0,False,False,True,False,False,False,False,0
9.0,5.0,36.0,4.0,3,1.0,1.0,True,False,False,False,False,False,False,0
45.0,1.0,30.0,1.0,1,1.0,2.0,False,False,False,False,True,False,False,0
38.0,1.0,50.0,1.0,2,1.0,2.0,True,False,False,False,False,True,False,0
9.0,5.0,36.0,4.0,3,1.0,1.0,False,False,False,False,False,False,False,0
9.0,5.0,36.0,4.0,3,1.0,1.0,True,False,False,False,False,False,False,0
24.0,5.0,40.0,1.0,3,1.0,2.0,False,False,False,True,False,False,False,0
10.0,5.0,36.0,3.0,5,1.0,1.0,False,False,False,False,False,False,False,0
8.0,5.0,36.0,4.0,5,1.0,1.0,False,False,False,False,False,False,False,0
7.0,5.0,36.0,4.0,5,1.0,1.0,False,False,False,False,False,False,False,0
48.0,3.0,5.0,1.0,1,1.0,2.0,True,False,True,False,False,False,False,0
27.0,3.0,6.0,1.0,3,1.0,2.0,True,False,True,False,False,False,False,0
70.0,2.0,36.0,3.0,1,1.0,2.0,False,False,False,True,False,False,False,0
44.0,2.0,35.0,1.0,2,1.0,2.0,True,False,False,True,False,False,False,0
57.0,5.0,36.0,3.0,1,1.0,2.0,True,False,False,False,True,False,False,0
25.0,5.0,45.0,1.0,3,1.0,2.0,False,False,True,False,False,False,False,0
16.0,5.0,36.0,3.0,3,1.0,1.0,True,False,True,False,False,False,False,0
34.0,5.0,10.0,1.0,3,1.0,2.0,False,False,False,True,False,False,False,0
24.0,5.0,12.0,1.0,3,1.0,2.0,False,False,False,True,False,False,False,0
27.0,1.0,40.0,1.0,4,1.0,2.0,False,False,False,True,False,False,False,0
4.0,5.0,36.0,4.0,5,2.0,1.0,True,False,False,False,False,False,True,0
24.0,1.0,36.0,2.0,3,1.0,2.0,False,False,False,True,False,False,False,0
21.0,1.0,36.0,3.0,4,1.0,2.0,True,False,False,True,False,False,False,0
5.0,5.0,36.0,4.0,5,2.0,1.0,False,False,False,False,False,False,True,0
42.0,3.0,20.0,1.0,1,1.0,2.0,True,False,False,True,False,False,False,0
17.0,5.0,36.0,3.0,3,1.0,1.0,False,False,True,False,False,False,False,0
13.0,5.0,36.0,3.0,3,1.0,1.0,True,False,True,False,False,False,False,0
11.0,5.0,36.0,3.0,3,1.0,1.0,False,False,True,False,False,False,False,0
58.0,3.0,12.0,1.0,1,1.0,2.0,True,False,False,True,False,False,False,0
46.0,5.0,54.0,1.0,8,1.0,2.0,True,False,False,False,False,True,False,0
29.0,5.0,40.0,1.0,3,1.0,2.0,True,False,False,False,False,True,False,0
30.0,1.0,0.0,1.0,1,1.0,2.0,False,False,True,False,False,False,False,0
26.0,1.0,72.0,1.0,2,1.0,2.0,True,False,False,True,False,False,False,0
59.0,1.0,40.0,1.0,1,1.0,2.0,False,True,False,False,False,False,False,0
57.0,1.0,36.0,2.0,2,1.0,2.0,True,True,False,False,False,False,False,0
70.0,2.0,50.0,1.0,1,1.0,2.0,False,False,False,False,False,True,False,0
68.0,2.0,25.0,1.0,2,1.0,2.0,True,False,False,False,False,True,False,0
46.0,2.0,20.0,1.0,1,1.0,2.0,True,False,False,False,False,True,False,0
46.0,2.0,30.0,1.0,2,1.0,2.0,False,False,False,False,True,False,False,0
13.0,5.0,36.0,3.0,3,1.0,1.0,False,False,True,False,False,False,False,0
10.0,5.0,36.0,3.0,3,1.0,1.0,True,False,False,False,False,False,False,0
10.0,5.0,36.0,3.0,3,1.0,1.0,True,False,False,False,False,False,False,0
62.0,3.0,50.0,1.0,1,1.0,2.0,False,False,False,False,False,True,False,0
30.0,5.0,36.0,1.0,3,1.0,2.0,False,False,False,False,True,False,False,0
25.0,5.0,36.0,3.0,3,1.0,1.0,True,False,False,False,True,False,False,0
84.0,4.0,36.0,3.0,1,1.0,2.0,True,True,False,False,False,False,False,0
69.0,4.0,36.0,3.0,1,1.0,2.0,True,False,False,True,False,False,False,0
46.0,3.0,12.0,1.0,3,1.0,2.0,False,False,False,True,False,False,False,0
49.0,1.0,36.0,3.0,1,1.0,2.0,True,False,False,True,False,False,False,0
55.0,1.0,40.0,1.0,2,1.0,2.0,False,False,False,False,False,True,False,0
7.0,5.0,36.0,4.0,3,1.0,1.0,True,False,False,False,False,False,False,0
39.0,2.0,34.0,1.0,2,1.0,2.0,True,False,False,False,False,True,False,0
11.0,5.0,36.0,3.0,3,1.0,1.0,False,False,False,False,False,False,False,0
6.0,5.0,36.0,4.0,3,1.0,1.0,False,False,False,False,False,False,False,0
95.0,2.0,40.0,1.0,1,1.0,2.0,False,False,False,False,False,True,False,0
77.0,4.0,8.0,1.0,1,1.0,2.0,True,False,False,True,False,False,False,0
73.0,2.0,44.0,1.0,1,1.0,2.0,False,True,False,False,False,False,False,0
65.0,2.0,36.0,3.0,2,1.0,2.0,True,True,False,False,False,False,False,0
43.0,5.0,36.0,2.0,3,1.0,2.0,True,False,True,False,False,False,False,0
13.0,5.0,36.0,3.0,3,1.0,1.0,True,False,False,False,False,False,False,0
61.0,2.0,35.0,1.0,1,1.0,2.0,False,True,False,False,False,False,False,0
51.0,2.0,12.0,1.0,2,1.0,2.0,True,True,False,False,False,False,False,0
16.0,5.0,36.0,3.0,3,1.0,1.0,True,False,True,False,False,False,False,0
12.0,5.0,36.0,3.0,9,1.0,1.0,False,False,True,False,False,False,False,0
22.0,5.0,36.0,3.0,5,1.0,1.0,True,False,False,False,True,False,False,0
8.0,5.0,36.0,4.0,5,1.0,1.0,False,False,False,False,False,False,False,0
39.0,2.0,20.0,1.0,4,1.0,2.0,True,False,False,False,True,False,False,0
73.0,2.0,36.0,3.0,1,1.0,2.0,False,True,False,False,False,False,False,0
65.0,2.0,36.0,3.0,2,1.0,2.0,True,False,False,False,False,False,False,0
43.0,2.0,42.0,1.0,3,1.0,2.0,False,False,False,True,False,False,False,0
24.0,5.0,10.0,1.0,3,1.0,2.0,False,False,False,True,False,False,False,0
84.0,4.0,36.0,3.0,6,1.0,2.0,True,True,False,False,False,False,False,0
53.0,5.0,40.0,1.0,1,1.0,2.0,True,False,False,True,False,False,False,0
52.0,3.0,25.0,1.0,1,1.0,2.0,True,False,False,False,False,True,False,0
66.0,2.0,45.0,1.0,1,1.0,2.0,False,False,False,False,False,True,False,0
65.0,2.0,36.0,3.0,2,1.0,2.0,True,False,False,False,False,True,False,0
32.0,5.0,30.0,1.0,3,1.0,2.0,False,False,False,False,False,True,False,0
62.0,4.0,44.0,1.0,1,1.0,2.0,False,True,False,False,False,False,False,0
36.0,5.0,36.0,2.0,3,1.0,2.0,False,False,False,False,False,True,False,0
26.0,5.0,36.0,3.0,3,1.0,2.0,False,False,False,True,False,False,False,0
51.0,3.0,40.0,1.0,1,1.0,2.0,False,False,True,False,False,False,False,0
78.0,4.0,36.0,3.0,6,1.0,2.0,True,True,False,False,False,False,False,0
33.0,5.0,10.0,1.0,3,1.0,2.0,False,False,True,False,False,False,False,0
48.0,5.0,0.0,1.0,1,1.0,2.0,True,False,False,True,False,False,False,0
23.0,5.0,45.0,1.0,3,1.0,2.0,False,False,False,True,False,False,False,0
33.0,1.0,44.0,1.0,1,1.0,2.0,False,False,False,True,False,False,False,0
34.0,1.0,0.0,1.0,2,1.0,2.0,True,False,False,False,False,True,False,0
2.0,5.0,36.0,4.0,3,2.0,3.0,False,False,False,False,False,False,True,0
64.0,3.0,0.0,1.0,1,1.0,2.0,True,False,False,False,False,True,False,0
23.0,5.0,36.0,3.0,3,1.0,1.0,False,False,False,False,True,False,False,0
44.0,1.0,40.0,1.0,1,1.0,2.0,False,False,False,False,True,False,False,0
50.0,1.0,30.0,1.0,2,1.0,2.0,True,False,False,False,False,True,False,0
26.0,5.0,40.0,1.0,3,1.0,2.0,False,False,False,True,False,False,False,0
9.0,5.0,36.0,4.0,3,1.0,1.0,False,False,False,False,False,False,False,0
65.0,3.0,36.0,3.0,1,1.0,2.0,False,True,False,False,False,False,False,0
35.0,5.0,15.0,1.0,1,1.0,2.0,True,False,True,False,False,False,False,0
15.0,5.0,36.0,3.0,3,1.0,1.0,False,False,True,False,False,False,False,0
9.0,5.0,36.0,4.0,3,1.0,1.0,False,False,False,False,False,False,False,0
21.0,5.0,25.0,1.0,8,1.0,2.0,False,False,True,False,False,False,False,0
72.0,2.0,36.0,3.0,1,1.0,2.0,False,False,False,True,False,False,False,0
57.0,2.0,68.0,1.0,2,1.0,2.0,True,True,False,False,False,False,False,0
39.0,2.0,60.0,1.0,3,1.0,2.0,False,False,False,False,True,False,False,0
43.0,2.0,36.0,3.0,4,1.0,2.0,True,False,False,True,False,False,False,0
40.0,5.0,60.0,1.0,3,1.0,2.0,False,False,False,False,True,False,False,0
35.0,5.0,72.0,1.0,3,1.0,1.0,True,False,False,False,True,False,False,0
13.0,5.0,36.0,3.0,5,1.0,1.0,True,False,True,False,False,False,False,0
75.0,2.0,36.0,3.0,1,1.0,2.0,False,True,False,False,False,False,False,0
72.0,2.0,36.0,3.0,2,1.0,2.0,True,True,False,False,False,False,False,0
49.0,2.0,36.0,3.0,3,1.0,2.0,True,True,False,False,False,False,False,0
44.0,2.0,0.0,1.0,4,1.0,2.0,False,True,False,False,False,False,False,0
70.0,2.0,36.0,3.0,1,1.0,2.0,False,False,True,False,False,False,False,0
65.0,2.0,36.0,3.0,2,1.0,2.0,True,False,True,False,False,False,False,0
35.0,5.0,40.0,1.0,3,1.0,2.0,False,False,False,True,False,False,False,0
36.0,2.0,20.0,1.0,1,1.0,2.0,True,False,False,False,False,True,False,0
21.0,5.0,14.0,1.0,5,1.0,1.0,False,False,True,False,False,False,False,0
17.0,5.0,36.0,3.0,5,1.0,1.0,False,False,True,False,False,False,False,0
37.0,2.0,44.0,1.0,1,1.0,2.0,False,False,False,False,False,True,False,0
42.0,2.0,36.0,3.0,2,1.0,2.0,True,False,False,False,False,True,False,0
17.0,5.0,36.0,3.0,3,1.0,1.0,False,False,False,False,True,False,False,0
11.0,5.0,36.0,3.0,3,1.0,1.0,False,False,False,False,False,False,False,0
71.0,3.0,24.0,1.0,1,1.0,2.0,True,False,False,True,False,False,False,0
52.0,5.0,48.0,1.0,3,1.0,2.0,False,False,True,False,False,False,False,0
48.0,1.0,72.0,1.0,1,1.0,2.0,False,False,False,True,False,False,False,0
48.0,1.0,3.0,1.0,2,1.0,2.0,True,False,False,True,False,False,False,0
22.0,5.0,36.0,2.0,3,1.0,2.0,True,False,False,False,True,False,False,0
20.0,5.0,36.0,3.0,9,1.0,2.0,True,False,False,True,False,False,False,0
27.0,5.0,30.0,1.0,3,1.0,1.0,False,False,False,False,True,False,False,0
24.0,5.0,36.0,1.0,3,1.0,1.0,False,False,False,False,True,False,False,0
44.0,5.0,39.0,1.0,1,1.0,1.0,False,False,False,False,True,False,False,0
78.0,2.0,36.0,3.0,1,1.0,2.0,True,False,False,False,False,False,False,0
55.0,3.0,9.0,1.0,1,1.0,2.0,True,False,True,False,False,False,False,0
30.0,5.0,9.0,1.0,3,1.0,2.0,False,False,False,False,False,True,False,0
38.0,1.0,72.0,1.0,1,1.0,2.0,False,False,True,False,False,False,False,0
36.0,1.0,36.0,3.0,2,1.0,2.0,True,False,False,True,False,False,False,0
1.0,5.0,36.0,4.0,3,3.0,2.0,False,False,False,False,False,False,True,0
56.0,4.0,12.0,1.0,1,1.0,2.0,True,False,True,False,False,False,False,0
20.0,1.0,48.0,1.0,3,1.0,2.0,False,False,True,False,False,False,False,0
52.0,2.0,40.0,1.0,1,1.0,2.0,False,False,False,False,False,True,False,0
18.0,5.0,36.0,3.0,3,1.0,1.0,False,False,False,False,True,False,False,0
73.0,2.0,36.0,3.0,1,1.0,2.0,False,True,False,False,False,False,False,0
67.0,2.0,36.0,3.0,2,1.0,2.0,True,True,False,False,False,False,False,0
41.0,5.0,9.0,1.0,3,1.0,2.0,True,False,False,True,False,False,False,0
65.0,3.0,36.0,3.0,1,1.0,2.0,True,False,False,False,False,True,False,0
30.0,5.0,36.0,3.0,3,1.0,1.0,False,False,False,False,True,False,False,0
29.0,5.0,36.0,3.0,3,1.0,1.0,False,False,False,False,True,False,False,0
22.0,5.0,36.0,3.0,3,1.0,1.0,True,False,False,False,True,False,False,0
65.0,1.0,36.0,3.0,1,1.0,2.0,True,False,False,False,False,True,False,0
65.0,1.0,48.0,1.0,2,1.0,2.0,False,False,False,True,False,False,False,0
25.0,5.0,40.0,1.0,5,1.0,2.0,True,False,False,True,False,False,False,0
18.0,5.0,36.0,3.0,3,1.0,1.0,False,False,True,False,False,False,False,0
54.0,1.0,50.0,1.0,1,1.0,2.0,False,True,False,False,False,False,False,0
47.0,1.0,20.0,1.0,2,1.0,2.0,True,True,False,False,False,False,False,0
19.0,5.0,30.0,1.0,3,1.0,2.0,True,False,False,True,False,False,False,0
64.0,3.0,37.0,1.0,1,1.0,2.0,False,False,False,False,True,False,False,0
21.0,5.0,2.0,1.0,3,1.0,2.0,False,False,False,True,False,False,False,0
55.0,3.0,24.0,1.0,1,1.0,2.0,True,False,False,False,False,True,False,0
23.0,5.0,16.0,1.0,3,1.0,1.0,True,False,False,False,True,False,False,0
21.0,5.0,36.0,2.0,3,1.0,1.0,False,False,False,False,True,False,False,0
38.0,2.0,36.0,1.0,1,1.0,2.0,True,False,False,False,False,True,False,0
41.0,2.0,25.0,1.0,2,1.0,2.0,False,False,False,True,False,False,False,0
14.0,5.0,36.0,3.0,3,1.0,1.0,True,False,True,False,False,False,False,0
12.0,5.0,36.0,3.0,3,1.0,1.0,True,False,False,False,False,False,False,0
2.0,5.0,36.0,4.0,3,2.0,1.0,False,False,False,False,False,False,True,0
75.0,2.0,36.0,3.0,1,1.0,2.0,False,False,True,False,False,False,False,0
57.0,2.0,36.0,3.0,2,1.0,2.0,True,False,False,True,False,False,False,0
69.0,5.0,50.0,1.0,1,1.0,2.0,False,False,False,True,False,False,False,0
65.0,2.0,42.0,1.0,1,1.0,2.0,False,False,False,True,False,False,False,0
50.0,2.0,36.0,3.0,2,1.0,2.0,True,True,False,False,False,False,False,0
59.0,1.0,40.0,1.0,1,1.0,2.0,False,False,False,False,False,True,False,0
72.0,2.0,36.0,3.0,1,1.0,2.0,False,True,False,False,False,False,False,0
72.0,2.0,36.0,3.0,2,1.0,2.0,True,False,False,False,False,False,False,0
20.0,5.0,48.0,1.0,5,1.0,2.0,False,False,False,True,False,False,False,0
70.0,5.0,36.0,3.0,1,1.0,2.0,False,False,True,False,False,False,False,0
31.0,5.0,0.0,1.0,3,1.0,2.0,True,False,False,False,False,True,False,0
76.0,2.0,60.0,1.0,2,1.0,2.0,False,True,False,False,False,False,False,0
46.0,5.0,60.0,1.0,3,1.0,2.0,False,False,False,False,False,True,False,0
21.0,1.0,8.0,1.0,4,1.0,1.0,True,False,False,False,True,False,False,0
50.0,2.0,36.0,2.0,2,1.0,2.0,True,False,False,False,False,True,False,0
21.0,5.0,36.0,3.0,3,1.0,1.0,True,False,False,False,True,False,False,0
76.0,2.0,36.0,3.0,1,1.0,2.0,False,False,False,False,True,False,False,0
71.0,2.0,36.0,3.0,2,1.0,2.0,True,False,False,False,False,True,False,0
36.0,2.0,7.0,1.0,1,1.0,1.0,True,False,False,False,True,False,False,0
60.0,5.0,70.0,1.0,1,1.0,2.0,True,False,False,True,False,False,False,0
28.0,5.0,36.0,3.0,1,1.0,2.0,False,False,False,False,False,True,False,0
78.0,4.0,36.0,3.0,1,1.0,2.0,False,False,False,False,False,True,False,0
49.0,5.0,18.0,1.0,1,1.0,2.0,False,False,False,False,True,False,False,0
48.0,5.0,24.0,1.0,2,1.0,2.0,False,False,True,False,False,False,False,0
19.0,5.0,20.0,1.0,10,1.0,2.0,False,False,False,True,False,False,False,0
78.0,4.0,36.0,3.0,1,1.0,2.0,True,False,False,False,False,False,False,0
61.0,4.0,36.0,3.0,1,1.0,2.0,False,False,False,False,False,True,False,0
35.0,5.0,72.0,1.0,3,1.0,2.0,False,False,False,True,False,False,False,0
30.0,5.0,15.0,1.0,3,1.0,2.0,True,False,False,False,False,True,False,0
40.0,2.0,48.0,1.0,1,1.0,2.0,False,True,False,False,False,False,False,0
40.0,2.0,48.0,1.0,2,1.0,2.0,True,False,True,False,False,False,False,0
12.0,5.0,36.0,3.0,3,1.0,1.0,True,False,True,False,False,False,False,0
11.0,5.0,36.0,3.0,3,1.0,1.0,True,False,False,False,False,False,False,0
58.0,3.0,16.0,1.0,1,1.0,2.0,True,True,False,False,False,False,False,0
52.0,1.0,46.0,1.0,1,1.0,2.0,False,False,True,False,False,False,False,0
47.0,1.0,8.0,1.0,2,1.0,2.0,True,True,False,False,False,False,False,0
20.0,5.0,36.0,3.0,3,1.0,1.0,True,False,False,False,True,False,False,0
17.0,5.0,48.0,1.0,3,1.0,1.0,True,False,False,False,True,False,False,0
16.0,5.0,36.0,3.0,3,1.0,1.0,True,False,True,False,False,False,False,0
33.0,5.0,72.0,1.0,1,1.0,2.0,True,False,True,False,False,False,False,0
68.0,2.0,16.0,1.0,1,1.0,2.0,False,False,False,True,False,False,False,0
67.0,2.0,36.0,3.0,2,1.0,2.0,True,False,False,True,False,False,False,0
10.0,5.0,36.0,3.0,3,1.0,1.0,True,False,False,False,False,False,False,0
37.0,2.0,60.0,1.0,2,1.0,2.0,False,False,False,True,False,False,False,0
17.0,5.0,36.0,3.0,3,1.0,1.0,True,False,True,False,False,False,False,0
8.0,5.0,36.0,4.0,3,1.0,1.0,True,False,False,False,False,False,False,0
7.0,5.0,36.0,4.0,3,1.0,1.0,True,False,False,False,False,False,False,0
64.0,2.0,36.0,3.0,1,1.0,2.0,False,False,False,True,False,False,False,0
58.0,2.0,15.0,1.0,2,1.0,2.0,True,False,False,True,False,False,False,0
49.0,1.0,36.0,1.0,1,1.0,2.0,True,False,False,True,False,False,False,0
51.0,1.0,36.0,1.0,2,1.0,2.0,False,False,False,True,False,False,False,0
29.0,3.0,8.0,1.0,3,1.0,2.0,True,False,False,True,False,False,False,0
22.0,3.0,36.0,2.0,3,1.0,2.0,False,False,False,True,False,False,False,0
18.0,3.0,45.0,1.0,3,1.0,2.0,False,False,False,True,False,False,False,0
66.0,3.0,24.0,1.0,9,1.0,2.0,False,False,False,True,False,False,False,0
54.0,1.0,36.0,3.0,2,1.0,1.0,True,False,False,False,True,False,False,0
50.0,1.0,40.0,1.0,2,1.0,2.0,True,False,False,False,False,True,False,0
18.0,5.0,36.0,3.0,3,1.0,1.0,True,False,False,False,True,False,False,0
14.0,5.0,36.0,3.0,3,1.0,1.0,False,False,True,False,False,False,False,0
30.0,5.0,16.0,1.0,1,1.0,2.0,False,False,True,False,False,False,False,0
67.0,4.0,30.0,1.0,6,1.0,2.0,False,True,False,False,False,False,False,0
47.0,5.0,20.0,1.0,1,1.0,2.0,True,False,False,True,False,False,False,0
48.0,5.0,40.0,1.0,8,1.0,2.0,False,False,True,False,False,False,False,0
86.0,4.0,36.0,3.0,1,1.0,2.0,True,True,False,False,False,False,False,0
50.0,5.0,36.0,3.0,1,1.0,2.0,True,False,False,True,False,False,False,0
24.0,5.0,24.0,1.0,3,1.0,2.0,False,False,False,True,False,False,False,0
18.0,5.0,30.0,1.0,3,1.0,2.0,False,False,True,False,False,False,False,0
35.0,2.0,36.0,1.0,2,1.0,2.0,False,False,False,True,False,False,False,0
6.0,5.0,36.0,4.0,3,2.0,1.0,False,False,False,False,False,False,False,0
5.0,5.0,36.0,4.0,3,2.0,1.0,False,False,False,False,False,False,True,0
19.0,5.0,36.0,3.0,1,1.0,1.0,False,False,False,False,True,False,False,0
51.0,1.0,40.0,1.0,3,1.0,2.0,False,False,False,False,False,True,False,0
48.0,1.0,36.0,1.0,4,1.0,2.0,True,False,False,True,False,False,False,0
84.0,5.0,36.0,3.0,1,1.0,2.0,True,False,False,False,False,False,False,0
22.0,5.0,32.0,1.0,5,1.0,2.0,False,True,False,False,False,False,False,0
70.0,3.0,36.0,3.0,1,1.0,2.0,True,False,False,False,False,True,False,0
36.0,5.0,36.0,3.0,3,1.0,2.0,False,False,True,False,False,False,False,0
59.0,3.0,36.0,3.0,1,1.0,2.0,True,False,False,False,False,True,False,0
22.0,5.0,24.0,1.0,3,1.0,1.0,True,False,False,False,True,False,False,0
80.0,4.0,36.0,3.0,1,1.0,2.0,False,False,False,True,False,False,False,0
40.0,5.0,36.0,3.0,3,1.0,2.0,False,True,False,False,False,False,False,0
25.0,5.0,36.0,2.0,5,1.0,2.0,False,False,True,False,False,False,False,0
59.0,1.0,36.0,3.0,1,1.0,2.0,True,False,False,False,False,True,False,0
66.0,3.0,36.0,3.0,1,1.0,2.0,False,True,False,False,False,False,False,0
26.0,5.0,48.0,1.0,3,1.0,2.0,False,False,True,False,False,False,False,0
35.0,5.0,20.0,1.0,3,1.0,2.0,False,False,True,False,False,False,False,0
65.0,3.0,40.0,1.0,1,1.0,2.0,True,False,False,False,False,True,False,0
24.0,5.0,36.0,3.0,3,1.0,1.0,False,False,False,False,True,False,False,0
24.0,5.0,36.0,3.0,3,1.0,1.0,False,False,False,False,True,False,False,0
42.0,5.0,45.0,1.0,3,1.0,2.0,True,False,False,False,False,True,False,0
60.0,3.0,16.0,1.0,1,1.0,2.0,True,False,False,False,True,False,False,0
82.0,4.0,36.0,3.0,9,1.0,2.0,True,False,True,False,False,False,False,0
68.0,3.0,36.0,3.0,1,2.0,2.0,True,False,False,False,False,False,False,0
38.0,5.0,40.0,1.0,3,1.0,2.0,False,False,False,True,False,False,False,0
49.0,5.0,36.0,2.0,3,1.0,2.0,False,False,False,True,False,False,False,0
34.0,5.0,36.0,2.0,3,1.0,2.0,False,False,False,True,False,False,False,0
23.0,5.0,45.0,1.0,3,1.0,2.0,True,False,True,False,False,False,False,0
17.0,5.0,36.0,2.0,3,1.0,1.0,False,False,True,False,False,False,False,0
29.0,5.0,36.0,3.0,3,1.0,2.0,False,False,True,False,False,False,False,0
56.0,3.0,36.0,2.0,1,1.0,2.0,False,False,False,False,False,True,False,0
57.0,3.0,30.0,1.0,1,1.0,2.0,True,False,False,True,False,False,False,0
27.0,5.0,45.0,1.0,3,1.0,2.0,False,False,True,False,False,False,False,0
55.0,3.0,6.0,1.0,1,1.0,2.0,True,False,False,False,False,True,False,0
23.0,5.0,36.0,1.0,3,1.0,2.0,False,False,True,False,False,False,False,0
40.0,2.0,36.0,3.0,1,1.0,2.0,True,False,False,False,False,True,False,0
40.0,2.0,55.0,1.0,2,1.0,2.0,False,False,False,True,False,False,False,0
10.0,5.0,36.0,3.0,3,1.0,1.0,True,False,False,False,False,False,False,0
4.0,5.0,36.0,4.0,3,2.0,1.0,True,False,False,False,False,False,True,0
79.0,4.0,36.0,3.0,1,1.0,2.0,True,True,False,False,False,False,False,0
51.0,3.0,30.0,1.0,3,1.0,2.0,True,False,False,False,False,True,False,0
23.0,5.0,6.0,1.0,5,1.0,2.0,True,False,False,True,False,False,False,0
20.0,5.0,32.0,1.0,5,1.0,2.0,True,False,True,False,False,False,False,0
16.0,5.0,36.0,3.0,5,1.0,1.0,False,False,True,False,False,False,False,0
80.0,4.0,36.0,3.0,1,1.0,2.0,True,True,False,False,False,False,False,0
38.0,5.0,27.0,1.0,3,1.0,2.0,False,True,False,False,False,False,False,0
31.0,1.0,48.0,1.0,2,1.0,2.0,False,True,False,False,False,False,False,0
3.0,5.0,36.0,4.0,3,2.0,1.0,True,False,False,False,False,False,True,0
46.0,2.0,40.0,1.0,1,1.0,2.0,False,False,False,True,False,False,False,0
50.0,2.0,35.0,1.0,2,1.0,2.0,True,False,False,False,False,True,False,0
20.0,5.0,36.0,3.0,3,1.0,1.0,False,False,False,False,True,False,False,0
25.0,1.0,48.0,1.0,1,1.0,2.0,True,False,False,True,False,False,False,0
10.0,5.0,36.0,3.0,3,1.0,1.0,False,False,False,False,False,False,False,0
48.0,3.0,36.0,3.0,1,1.0,2.0,True,False,False,False,False,True,False,0
32.0,5.0,66.0,1.0,3,1.0,2.0,False,False,False,True,False,False,False,0
23.0,5.0,36.0,2.0,3,1.0,1.0,False,False,True,False,False,False,False,0
22.0,5.0,20.0,1.0,3,1.0,2.0,False,False,True,False,False,False,False,0
58.0,2.0,36.0,3.0,1,1.0,2.0,False,False,False,True,False,False,False,0
58.0,2.0,36.0,3.0,2,1.0,2.0,True,False,False,True,False,False,False,0
17.0,5.0,18.0,1.0,3,1.0,1.0,False,False,True,False,False,False,False,0
17.0,5.0,36.0,3.0,3,1.0,1.0,False,False,True,False,False,False,False,0
43.0,5.0,36.0,2.0,1,1.0,2.0,True,False,False,True,False,False,False,0
23.0,5.0,46.0,1.0,3,1.0,2.0,False,False,False,True,False,False,False,0
22.0,5.0,36.0,2.0,3,1.0,2.0,False,False,False,True,False,False,False,0
15.0,5.0,36.0,3.0,3,1.0,1.0,False,False,True,False,False,False,False,0
45.0,5.0,48.0,1.0,9,1.0,2.0,False,False,False,True,False,False,False,0
20.0,5.0,36.0,3.0,3,1.0,1.0,False,False,False,False,True,False,False,0
62.0,1.0,0.0,1.0,1,1.0,2.0,False,True,False,False,False,False,False,0
84.0,4.0,36.0,3.0,1,1.0,2.0,True,False,False,True,False,False,False,0
52.0,3.0,45.0,1.0,3,1.0,2.0,True,False,True,False,False,False,False,0
23.0,5.0,36.0,3.0,3,1.0,1.0,False,False,False,False,True,False,False,0
16.0,5.0,36.0,3.0,3,1.0,1.0,True,False,True,False,False,False,False,0
59.0,3.0,36.0,3.0,1,1.0,2.0,True,False,False,False,False,True,False,0
55.0,3.0,0.0,1.0,1,1.0,2.0,True,False,False,True,False,False,False,0
26.0,5.0,36.0,2.0,3,1.0,2.0,True,False,True,False,False,False,False,0
2.0,5.0,36.0,4.0,5,2.0,3.0,False,False,False,False,False,False,True,0
66.0,4.0,36.0,3.0,1,1.0,2.0,True,False,True,False,False,False,False,0
36.0,3.0,36.0,3.0,3,1.0,2.0,True,False,False,False,True,False,False,0
33.0,5.0,40.0,1.0,3,1.0,2.0,False,False,False,False,False,True,False,0
29.0,5.0,36.0,2.0,3,1.0,1.0,False,False,False,False,True,False,False,0
11.0,5.0,36.0,3.0,5,1.0,1.0,True,False,False,False,False,False,False,0
52.0,4.0,44.0,1.0,1,1.0,2.0,True,False,False,False,False,True,False,0
26.0,5.0,8.0,1.0,3,1.0,1.0,False,False,False,False,True,False,False,0
19.0,5.0,36.0,3.0,3,1.0,1.0,False,False,False,False,True,False,False,0
60.0,1.0,72.0,1.0,2,1.0,2.0,False,False,False,False,False,True,False,0
28.0,5.0,50.0,1.0,3,1.0,2.0,True,False,False,False,False,True,False,0
65.0,3.0,36.0,3.0,1,1.0,2.0,True,False,False,False,True,False,False,0
44.0,3.0,24.0,1.0,3,1.0,2.0,False,False,False,False,True,False,False,0
85.0,4.0,36.0,3.0,1,1.0,2.0,True,True,False,False,False,False,False,0
49.0,3.0,25.0,1.0,3,1.0,2.0,True,False,False,True,False,False,False,0
24.0,5.0,16.0,1.0,5,1.0,1.0,False,False,False,False,True,False,False,0
12.0,5.0,36.0,3.0,5,1.0,1.0,False,False,True,False,False,False,False,0
15.0,5.0,36.0,3.0,5,1.0,1.0,False,False,True,False,False,False,False,0
15.0,5.0,36.0,3.0,5,1.0,1.0,True,False,True,False,False,False,False,0
75.0,4.0,36.0,3.0,1,1.0,2.0,True,True,False,False,False,False,False,0
26.0,5.0,36.0,3.0,5,1.0,1.0,False,False,False,False,True,False,False,0
4.0,5.0,36.0,4.0,9,2.0,1.0,False,False,False,False,False,False,True,0
70.0,2.0,36.0,3.0,1,1.0,2.0,False,True,False,False,False,False,False,0
24.0,5.0,25.0,1.0,1,1.0,2.0,True,False,False,False,True,False,False,0
29.0,2.0,40.0,1.0,8,1.0,2.0,True,False,False,False,True,False,False,0
19.0,5.0,50.0,1.0,8,1.0,2.0,False,False,True,False,False,False,False,0
26.0,1.0,48.0,1.0,1,1.0,2.0,False,False,False,True,False,False,False,0
24.0,1.0,25.0,1.0,2,1.0,1.0,True,False,False,False,True,False,False,0
8.0,5.0,36.0,4.0,5,1.0,1.0,False,False,False,False,False,False,False,0
6.0,5.0,36.0,4.0,5,2.0,1.0,False,False,False,False,False,False,False,0
63.0,4.0,36.0,3.0,1,1.0,2.0,True,True,False,False,False,False,False,0
43.0,5.0,40.0,1.0,3,1.0,2.0,False,False,False,True,False,False,False,0
42.0,5.0,36.0,3.0,3,1.0,2.0,True,False,False,True,False,False,False,0
36.0,1.0,36.0,3.0,3,1.0,2.0,True,True,False,False,False,False,False,0
37.0,1.0,16.0,1.0,4,1.0,2.0,False,True,False,False,False,False,False,0
12.0,5.0,36.0,3.0,5,1.0,1.0,False,False,False,False,False,False,False,0
10.0,5.0,36.0,3.0,5,1.0,1.0,False,False,False,False,False,False,False,0
50.0,5.0,34.0,1.0,1,1.0,2.0,True,False,False,True,False,False,False,0
9.0,5.0,36.0,4.0,5,1.0,1.0,True,False,False,False,False,False,False,0
6.0,5.0,36.0,4.0,5,1.0,2.0,True,False,False,False,False,False,False,0
23.0,5.0,42.0,1.0,3,1.0,2.0,False,False,False,True,False,False,False,0
2.0,5.0,36.0,4.0,5,2.0,3.0,True,False,False,False,False,False,True,0
36.0,1.0,48.0,1.0,1,1.0,2.0,False,False,False,True,False,False,False,0
34.0,1.0,28.0,1.0,2,1.0,2.0,True,False,False,False,False,True,False,0
9.0,5.0,36.0,4.0,3,1.0,1.0,True,False,False,False,False,False,False,0
19.0,5.0,36.0,3.0,3,1.0,1.0,True,False,False,False,True,False,False,0
18.0,5.0,36.0,3.0,3,1.0,1.0,True,False,False,False,True,False,False,0
42.0,5.0,15.0,1.0,1,1.0,2.0,True,False,False,True,False,False,False,0
25.0,2.0,48.0,1.0,3,1.0,2.0,True,False,True,False,False,False,False,0
29.0,2.0,48.0,1.0,4,1.0,2.0,False,False,True,False,False,False,False,0
15.0,5.0,36.0,3.0,3,1.0,1.0,True,False,True,False,False,False,False,0
55.0,2.0,48.0,1.0,2,1.0,2.0,True,False,False,True,False,False,False,0
32.0,1.0,36.0,2.0,3,1.0,2.0,True,False,False,True,False,False,False,0
29.0,1.0,40.0,1.0,4,1.0,2.0,False,False,False,True,False,False,False,0
6.0,5.0,36.0,4.0,5,1.0,1.0,True,False,False,False,False,False,False,0
27.0,5.0,40.0,1.0,3,1.0,2.0,True,False,False,True,False,False,False,0
80.0,4.0,36.0,3.0,1,1.0,2.0,True,True,False,False,False,False,False,0
53.0,3.0,9.0,1.0,3,1.0,2.0,True,False,False,False,True,False,False,0
59.0,2.0,48.0,1.0,1,1.0,2.0,False,True,False,False,False,False,False,0
67.0,3.0,36.0,3.0,1,1.0,2.0,True,False,False,False,False,True,False,0
28.0,5.0,12.0,1.0,3,1.0,2.0,True,False,False,False,False,True,False,0
69.0,3.0,36.0,3.0,1,1.0,2.0,True,True,False,False,False,False,False,0
46.0,5.0,40.0,1.0,3,1.0,1.0,True,False,False,False,True,False,False,0
40.0,4.0,20.0,1.0,4,1.0,2.0,True,False,True,False,False,False,False,0
18.0,5.0,18.0,1.0,5,1.0,2.0,False,False,False,True,False,False,False,0
61.0,2.0,25.0,1.0,1,1.0,2.0,False,True,False,False,False,False,False,0
59.0,2.0,20.0,1.0,2,1.0,2.0,True,False,False,False,False,True,False,0
34.0,5.0,64.0,1.0,3,1.0,2.0,False,False,False,False,False,True,False,0
28.0,5.0,64.0,1.0,3,1.0,2.0,False,False,False,False,False,True,False,0
61.0,2.0,0.0,1.0,1,1.0,2.0,False,False,False,True,False,False,False,0
61.0,2.0,36.0,3.0,2,1.0,2.0,True,False,False,True,False,False,False,0
30.0,5.0,36.0,1.0,3,1.0,2.0,False,False,False,True,False,False,False,0
50.0,3.0,50.0,1.0,1,1.0,2.0,False,False,True,False,False,False,False,0
14.0,5.0,36.0,3.0,5,1.0,1.0,True,False,True,False,False,False,False,0
31.0,5.0,25.0,1.0,1,1.0,1.0,False,False,False,False,True,False,False,0
47.0,3.0,48.0,1.0,1,9.0,2.0,False,False,False,True,False,False,False,0
19.0,5.0,60.0,1.0,3,1.0,2.0,True,False,False,True,False,False,False,0
28.0,1.0,36.0,3.0,1,1.0,2.0,True,False,False,False,True,False,False,0
27.0,1.0,50.0,1.0,2,1.0,2.0,False,False,False,True,False,False,False,0
6.0,5.0,36.0,4.0,3,2.0,1.0,False,False,False,False,False,False,False,0
34.0,5.0,36.0,4.0,3,3.0,2.0,False,False,False,False,False,False,True,0
34.0,5.0,36.0,4.0,5,3.0,2.0,True,False,False,False,False,False,True,0
36.0,2.0,45.0,1.0,1,1.0,2.0,False,False,False,True,False,False,False,0
60.0,2.0,48.0,1.0,2,1.0,2.0,True,False,False,True,False,False,False,0
25.0,5.0,16.0,1.0,3,1.0,2.0,True,False,False,False,True,False,False,0
23.0,5.0,45.0,1.0,3,1.0,2.0,True,False,False,False,True,False,False,0
21.0,5.0,10.0,1.0,3,1.0,2.0,True,False,False,True,False,False,False,0
58.0,4.0,40.0,1.0,1,1.0,2.0,False,False,False,True,False,False,False,0
38.0,5.0,40.0,1.0,3,1.0,2.0,True,False,False,False,False,True,False,0
28.0,5.0,36.0,3.0,3,1.0,2.0,True,False,False,True,False,False,False,0
26.0,5.0,36.0,3.0,3,1.0,2.0,False,False,True,False,False,False,False,0
22.0,5.0,48.0,1.0,3,1.0,2.0,True,False,False,True,False,False,False,0
6.0,5.0,36.0,4.0,5,2.0,1.0,False,False,False,False,False,False,False,0
19.0,5.0,36.0,2.0,5,1.0,2.0,True,False,False,True,False,False,False,0
6.0,5.0,36.0,4.0,5,2.0,1.0,True,False,False,False,False,False,False,0
35.0,5.0,36.0,1.0,1,1.0,1.0,False,False,False,False,False,True,False,0
68.0,3.0,36.0,3.0,1,1.0,2.0,True,False,False,True,False,False,False,0
36.0,2.0,36.0,3.0,1,1.0,2.0,True,True,False,False,False,False,False,0
30.0,5.0,36.0,3.0,3,1.0,2.0,False,False,False,True,False,False,False,0
38.0,5.0,40.0,1.0,3,1.0,2.0,False,False,False,True,False,False,False,0
50.0,1.0,36.0,3.0,1,1.0,2.0,True,True,False,False,False,False,False,0
17.0,5.0,24.0,1.0,3,1.0,2.0,False,False,False,False,False,False,False,0
12.0,5.0,36.0,3.0,3,1.0,1.0,True,False,False,False,False,False,False,0
5.0,5.0,36.0,4.0,3,2.0,1.0,True,False,False,False,False,False,True,0
55.0,3.0,0.0,1.0,1,1.0,2.0,True,False,False,False,False,True,False,0
21.0,5.0,36.0,3.0,3,1.0,1.0,True,False,False,False,True,False,False,0
17.0,5.0,36.0,3.0,3,1.0,1.0,True,False,True,False,False,False,False,0
29.0,5.0,30.0,1.0,1,1.0,2.0,True,False,False,True,False,False,False,0
74.0,4.0,36.0,3.0,1,1.0,2.0,True,True,False,False,False,False,False,0
22.0,5.0,24.0,1.0,3,1.0,2.0,True,False,False,True,False,False,False,0
12.0,5.0,36.0,3.0,3,1.0,1.0,False,False,True,False,False,False,False,0
32.0,5.0,36.0,3.0,9,2.0,3.0,True,False,False,False,False,False,True,0
55.0,1.0,36.0,3.0,1,1.0,2.0,False,False,True,False,False,False,False,0
50.0,1.0,56.0,1.0,2,1.0,2.0,True,True,False,False,False,False,False,0
18.0,5.0,36.0,3.0,5,1.0,1.0,True,False,False,False,True,False,False,0
46.0,5.0,30.0,1.0,1,1.0,2.0,True,False,False,False,True,False,False,0
11.0,5.0,36.0,3.0,3,1.0,1.0,True,False,False,False,False,False,False,0
56.0,3.0,24.0,1.0,1,1.0,1.0,True,False,True,False,False,False,False,0
34.0,5.0,28.0,1.0,3,1.0,2.0,False,False,False,True,False,False,False,0
18.0,5.0,48.0,1.0,3,1.0,1.0,True,False,True,False,False,False,False,0
31.0,5.0,40.0,1.0,1,1.0,2.0,False,True,False,False,False,False,False,0
76.0,2.0,36.0,3.0,1,1.0,2.0,False,False,False,False,False,True,False,0
75.0,2.0,36.0,3.0,2,1.0,2.0,True,False,False,False,False,True,False,0
48.0,1.0,36.0,2.0,1,1.0,2.0,False,True,False,False,False,False,False,0
46.0,1.0,36.0,3.0,2,1.0,2.0,True,True,False,False,False,False,False,0
21.0,5.0,36.0,3.0,3,1.0,1.0,True,False,False,False,True,False,False,0
17.0,5.0,36.0,3.0,3,1.0,1.0,False,False,True,False,False,False,False,0
14.0,5.0,36.0,3.0,3,1.0,1.0,True,False,True,False,False,False,False,0
22.0,5.0,45.0,1.0,3,1.0,2.0,False,False,True,False,False,False,False,0
50.0,2.0,30.0,1.0,1,1.0,2.0,False,False,False,False,False,True,False,0
48.0,2.0,35.0,1.0,2,1.0,2.0,True,False,False,False,False,True,False,0
9.0,5.0,36.0,4.0,3,1.0,1.0,True,False,False,False,False,False,False,0
23.0,5.0,35.0,1.0,3,1.0,1.0,True,False,False,False,True,False,False,0
60.0,3.0,36.0,3.0,1,1.0,2.0,True,False,False,False,False,True,False,0
33.0,5.0,36.0,2.0,3,1.0,2.0,True,False,False,False,False,True,False,0
56.0,2.0,84.0,1.0,1,1.0,2.0,False,False,False,True,False,False,False,0
53.0,2.0,48.0,1.0,2,1.0,2.0,True,True,False,False,False,False,False,0
28.0,5.0,36.0,3.0,3,1.0,2.0,True,False,False,True,False,False,False,0
10.0,5.0,36.0,3.0,5,1.0,1.0,False,False,False,False,False,False,False,0
7.0,5.0,36.0,4.0,5,1.0,1.0,False,False,False,False,False,False,False,0
53.0,2.0,30.0,1.0,1,1.0,2.0,False,False,False,True,False,False,False,0
57.0,2.0,0.0,1.0,2,1.0,2.0,True,False,False,False,False,True,False,0
17.0,5.0,36.0,3.0,3,1.0,1.0,True,False,True,False,False,False,False,0
25.0,5.0,36.0,3.0,3,1.0,1.0,False,False,False,False,True,False,False,0
66.0,2.0,36.0,3.0,1,1.0,2.0,False,True,False,False,False,False,False,0
64.0,2.0,36.0,3.0,2,1.0,2.0,True,False,True,False,False,False,False,0
27.0,5.0,36.0,3.0,3,1.0,2.0,True,False,False,True,False,False,False,0
72.0,3.0,36.0,2.0,1,1.0,1.0,False,False,False,False,True,False,False,0
41.0,2.0,36.0,2.0,1,1.0,2.0,True,False,False,True,False,False,False,0
43.0,2.0,48.0,1.0,2,1.0,2.0,False,False,False,True,False,False,False,0
16.0,5.0,36.0,3.0,3,1.0,1.0,True,False,True,False,False,False,False,0
9.0,5.0,36.0,4.0,3,1.0,1.0,True,False,False,False,False,False,False,0
19.0,5.0,36.0,3.0,3,1.0,1.0,True,False,False,False,True,False,False,0
58.0,4.0,48.0,1.0,1,1.0,2.0,False,False,False,True,False,False,False,0
20.0,5.0,36.0,3.0,3,2.0,2.0,False,False,False,False,False,False,False,0
16.0,5.0,36.0,3.0,3,1.0,1.0,False,False,True,False,False,False,False,0
35.0,2.0,25.0,1.0,2,1.0,2.0,True,False,False,True,False,False,False,0
5.0,5.0,36.0,4.0,3,2.0,1.0,True,False,False,False,False,False,True,0
15.0,5.0,36.0,3.0,3,1.0,1.0,False,False,True,False,False,False,False,0
58.0,2.0,36.0,3.0,1,1.0,2.0,False,False,False,False,False,True,False,0
60.0,2.0,40.0,1.0,2,1.0,2.0,True,False,False,False,False,True,False,0
22.0,5.0,36.0,3.0,3,1.0,1.0,False,False,False,False,True,False,False,0
51.0,1.0,45.0,1.0,1,1.0,2.0,True,False,False,False,False,True,False,0
52.0,1.0,12.0,1.0,2,1.0,2.0,False,False,False,False,False,True,False,0
61.0,3.0,40.0,1.0,1,1.0,2.0,False,False,False,False,True,False,False,0
5.0,5.0,36.0,4.0,3,2.0,1.0,False,False,False,False,False,False,True,0
1.0,5.0,36.0,4.0,3,3.0,2.0,True,False,False,False,False,False,True,0
37.0,2.0,35.0,1.0,1,1.0,2.0,False,False,False,False,False,True,False,0
37.0,2.0,40.0,1.0,2,1.0,2.0,True,False,False,False,False,True,False,0
26.0,5.0,20.0,1.0,3,1.0,2.0,True,False,False,True,False,False,False,0
8.0,5.0,36.0,4.0,5,1.0,1.0,True,False,False,False,False,False,False,0
12.0,5.0,36.0,3.0,3,1.0,1.0,False,False,False,False,False,False,False,0
22.0,3.0,36.0,3.0,3,1.0,2.0,False,True,False,False,False,False,False,0
36.0,2.0,32.0,1.0,2,1.0,2.0,False,False,False,False,False,False,False,0
18.0,5.0,36.0,2.0,3,1.0,2.0,True,False,False,False,False,False,False,0
13.0,5.0,36.0,3.0,3,1.0,1.0,True,False,False,False,False,False,False,0
10.0,5.0,36.0,3.0,3,1.0,1.0,True,False,False,False,False,False,False,0
3.0,5.0,36.0,4.0,3,2.0,3.0,False,False,False,False,False,False,True,0
17.0,5.0,36.0,2.0,9,1.0,2.0,True,False,True,False,False,False,False,0
40.0,5.0,56.0,1.0,1,1.0,2.0,False,False,False,True,False,False,False,0
21.0,5.0,56.0,1.0,9,1.0,2.0,False,False,True,False,False,False,False,0
51.0,3.0,20.0,1.0,1,1.0,2.0,True,False,False,True,False,False,False,0
14.0,5.0,36.0,3.0,3,1.0,1.0,True,False,True,False,False,False,False,0
39.0,1.0,24.0,1.0,2,1.0,2.0,False,True,False,False,False,False,False,0
48.0,5.0,9.0,1.0,1,1.0,2.0,True,False,False,False,False,False,False,0
28.0,5.0,36.0,3.0,3,2.0,1.0,False,False,False,False,False,False,False,0
26.0,5.0,20.0,1.0,3,1.0,2.0,True,False,False,True,False,False,False,0
25.0,5.0,40.0,1.0,3,1.0,2.0,False,False,False,True,False,False,False,0
14.0,5.0,36.0,3.0,3,1.0,2.0,False,False,True,False,False,False,False,0
31.0,5.0,35.0,1.0,1,1.0,2.0,False,False,False,True,False,False,False,0
54.0,3.0,18.0,1.0,1,1.0,2.0,True,False,False,True,False,False,False,0
25.0,5.0,36.0,3.0,3,1.0,2.0,False,False,True,False,False,False,False,0
20.0,5.0,36.0,3.0,3,1.0,2.0,True,False,True,False,False,False,False,0
57.0,2.0,48.0,1.0,1,1.0,2.0,False,False,False,False,False,False,False,0
54.0,2.0,36.0,3.0,2,1.0,2.0,True,True,False,False,False,False,False,0
66.0,2.0,24.0,1.0,1,1.0,2.0,False,False,False,False,True,False,False,0
47.0,5.0,40.0,1.0,1,1.0,2.0,True,False,False,False,False,True,False,0
24.0,5.0,36.0,3.0,3,1.0,1.0,False,False,False,False,True,False,False,0
15.0,5.0,36.0,3.0,3,1.0,1.0,False,False,True,False,False,False,False,0
30.0,1.0,25.0,1.0,1,1.0,2.0,True,False,False,True,False,False,False,0
30.0,1.0,25.0,1.0,2,1.0,1.0,False,False,False,False,True,False,False,0
60.0,2.0,30.0,1.0,1,1.0,2.0,True,False,False,False,False,True,False,0
60.0,2.0,30.0,1.0,2,1.0,2.0,False,False,False,False,False,True,False,0
86.0,4.0,36.0,3.0,1,1.0,2.0,False,True,False,False,False,False,False,0
79.0,2.0,36.0,3.0,1,1.0,2.0,False,False,False,False,True,False,False,0
81.0,2.0,36.0,3.0,2,1.0,2.0,True,True,False,False,False,False,False,0
38.0,5.0,18.0,1.0,3,1.0,2.0,False,False,False,True,False,False,False,0
34.0,1.0,72.0,1.0,1,1.0,2.0,False,False,False,True,False,False,False,0
48.0,1.0,36.0,3.0,2,1.0,2.0,True,True,False,False,False,False,False,0
21.0,5.0,56.0,1.0,3,1.0,2.0,False,False,True,False,False,False,False,0
15.0,5.0,36.0,3.0,3,1.0,1.0,True,False,True,False,False,False,False,0
24.0,5.0,36.0,3.0,3,1.0,1.0,False,False,False,False,True,False,False,0
71.0,4.0,36.0,3.0,1,1.0,2.0,True,False,False,False,False,False,False,0
44.0,5.0,30.0,1.0,3,1.0,2.0,False,True,False,False,False,False,False,0
63.0,3.0,49.0,1.0,1,1.0,2.0,True,False,False,True,False,False,False,0
36.0,5.0,40.0,1.0,1,1.0,2.0,False,False,False,False,True,False,False,0
51.0,5.0,36.0,3.0,1,1.0,2.0,True,False,True,False,False,False,False,0
27.0,5.0,36.0,3.0,3,1.0,1.0,True,False,False,False,True,False,False,0
51.0,2.0,36.0,3.0,1,1.0,2.0,True,False,True,False,False,False,False,0
58.0,2.0,40.0,1.0,2,1.0,2.0,False,False,False,False,False,False,False,0
7.0,5.0,36.0,4.0,3,1.0,2.0,True,False,False,False,False,False,False,0
49.0,1.0,40.0,1.0,1,1.0,2.0,False,True,False,False,False,False,False,0
47.0,1.0,84.0,1.0,2,1.0,2.0,True,False,True,False,False,False,False,0
17.0,5.0,36.0,3.0,3,1.0,1.0,False,False,True,False,False,False,False,0
20.0,5.0,36.0,3.0,3,1.0,1.0,True,False,False,False,True,False,False,0
24.0,5.0,42.0,1.0,3,1.0,2.0,True,False,False,True,False,False,False,0
3.0,5.0,36.0,4.0,5,2.0,1.0,True,False,False,False,False,False,True,0
57.0,2.0,48.0,1.0,1,1.0,2.0,True,False,False,False,False,True,False,0
15.0,5.0,36.0,3.0,3,1.0,1.0,False,False,True,False,False,False,False,0
23.0,5.0,36.0,3.0,3,1.0,1.0,True,False,False,False,True,False,False,0
2.0,5.0,36.0,4.0,5,2.0,3.0,False,False,False,False,False,False,True,0
63.0,4.0,24.0,1.0,1,1.0,2.0,True,False,False,True,False,False,False,0
20.0,5.0,9.0,1.0,3,1.0,1.0,True,False,False,False,True,False,False,0
9.0,5.0,36.0,4.0,3,1.0,1.0,True,False,False,False,False,False,False,0
72.0,4.0,36.0,3.0,1,1.0,2.0,True,False,True,False,False,False,False,0
41.0,1.0,54.0,1.0,1,1.0,1.0,False,False,False,False,True,False,False,0
35.0,1.0,45.0,1.0,2,1.0,1.0,True,False,False,False,True,False,False,0
3.0,5.0,36.0,4.0,3,2.0,3.0,False,False,False,False,False,False,True,0
65.0,3.0,36.0,3.0,6,1.0,2.0,True,False,False,False,False,True,False,0
72.0,5.0,36.0,3.0,1,1.0,2.0,True,False,False,False,False,True,False,0
38.0,5.0,30.0,1.0,3,1.0,2.0,False,False,False,True,False,False,False,0
30.0,1.0,36.0,3.0,1,1.0,1.0,False,False,False,False,True,False,False,0
27.0,1.0,48.0,1.0,2,1.0,2.0,True,False,False,True,False,False,False,0
55.0,4.0,36.0,3.0,6,1.0,1.0,True,False,False,False,True,False,False,0
10.0,5.0,36.0,3.0,3,2.0,1.0,True,False,False,False,False,False,False,0
69.0,5.0,36.0,3.0,1,1.0,2.0,True,True,False,False,False,False,False,0
28.0,5.0,36.0,2.0,3,1.0,2.0,False,False,False,True,False,False,False,0
24.0,5.0,36.0,1.0,5,1.0,2.0,False,False,True,False,False,False,False,0
14.0,5.0,36.0,3.0,5,1.0,1.0,False,False,True,False,False,False,False,0
80.0,4.0,36.0,3.0,1,1.0,2.0,True,False,False,True,False,False,False,0
32.0,5.0,15.0,1.0,3,1.0,2.0,True,False,True,False,False,False,False,0
17.0,5.0,36.0,3.0,3,1.0,1.0,False,False,True,False,False,False,False,0
14.0,5.0,36.0,3.0,3,1.0,1.0,False,False,True,False,False,False,False,0
11.0,5.0,36.0,3.0,5,1.0,1.0,False,False,False,False,False,False,False,0
9.0,5.0,36.0,4.0,5,1.0,1.0,False,False,False,False,False,False,False,0
5.0,5.0,36.0,4.0,5,1.0,1.0,True,False,False,False,False,False,True,0
3.0,5.0,36.0,4.0,5,2.0,1.0,True,False,False,False,False,False,True,0
61.0,2.0,40.0,1.0,2,1.0,2.0,True,False,False,False,False,True,False,0
91.0,2.0,36.0,3.0,1,1.0,2.0,False,True,False,False,False,False,False,0
89.0,2.0,36.0,3.0,2,1.0,2.0,True,True,False,False,False,False,False,0
70.0,3.0,36.0,3.0,1,1.0,2.0,True,False,False,False,True,False,False,0
6.0,5.0,36.0,4.0,3,1.0,1.0,True,False,False,False,False,False,False,0
37.0,2.0,40.0,1.0,1,1.0,2.0,True,False,False,False,False,True,False,0
38.0,2.0,40.0,1.0,2,1.0,2.0,False,False,False,False,False,True,False,0
79.0,2.0,36.0,3.0,1,1.0,2.0,True,False,False,False,False,True,False,0
85.0,2.0,36.0,3.0,2,1.0,2.0,False,False,False,False,False,True,False,0
56.0,2.0,36.0,3.0,1,1.0,2.0,False,True,False,False,False,False,False,0
63.0,2.0,36.0,3.0,2,1.0,2.0,True,True,False,False,False,False,False,0
21.0,5.0,24.0,1.0,3,1.0,1.0,False,False,True,False,False,False,False,0
9.0,5.0,36.0,4.0,3,1.0,1.0,True,False,False,False,False,False,False,0
11.0,5.0,36.0,3.0,5,1.0,1.0,False,False,False,False,False,False,False,0
8.0,5.0,36.0,4.0,5,1.0,1.0,True,False,False,False,False,False,False,0
39.0,2.0,60.0,1.0,1,1.0,2.0,False,False,False,True,False,False,False,0
38.0,2.0,18.0,1.0,2,1.0,2.0,True,False,False,True,False,False,False,0
15.0,5.0,36.0,3.0,3,1.0,1.0,False,False,True,False,False,False,False,0
7.0,5.0,36.0,4.0,3,1.0,1.0,False,False,False,False,False,False,False,0
55.0,3.0,6.0,1.0,1,1.0,2.0,True,True,False,False,False,False,False,0
30.0,5.0,40.0,1.0,3,1.0,2.0,True,False,False,True,False,False,False,0
13.0,5.0,36.0,3.0,5,1.0,1.0,True,False,True,False,False,False,False,0
31.0,2.0,25.0,1.0,1,1.0,2.0,True,False,False,True,False,False,False,0
43.0,2.0,35.0,1.0,2,1.0,2.0,False,True,False,False,False,False,False,0
3.0,5.0,36.0,4.0,3,1.0,1.0,False,False,False,False,False,False,True,0
24.0,5.0,10.0,1.0,3,1.0,2.0,False,False,False,True,False,False,False,0
51.0,3.0,36.0,2.0,1,1.0,2.0,False,False,True,False,False,False,False,0
50.0,5.0,36.0,3.0,1,1.0,2.0,True,False,False,True,False,False,False,0
73.0,4.0,30.0,1.0,1,1.0,2.0,True,False,False,False,False,True,False,0
67.0,2.0,36.0,3.0,1,1.0,2.0,False,True,False,False,False,False,False,0
65.0,2.0,36.0,3.0,2,1.0,2.0,True,True,False,False,False,False,False,0
39.0,5.0,40.0,1.0,3,1.0,2.0,False,False,True,False,False,False,False,0
34.0,5.0,36.0,2.0,3,1.0,2.0,False,False,True,False,False,False,False,0
30.0,5.0,48.0,1.0,3,1.0,2.0,False,False,False,True,False,False,False,0
28.0,5.0,40.0,1.0,3,1.0,2.0,True,False,False,False,False,True,False,0
77.0,2.0,36.0,3.0,1,1.0,2.0,False,False,False,True,False,False,False,0
69.0,2.0,36.0,3.0,2,1.0,2.0,True,False,False,False,False,True,False,0
56.0,4.0,36.0,3.0,1,1.0,2.0,True,False,False,True,False,False,False,0
89.0,4.0,36.0,3.0,1,1.0,2.0,False,False,False,True,False,False,False,0
50.0,1.0,33.0,1.0,3,1.0,2.0,False,False,False,True,False,False,False,0
64.0,4.0,36.0,3.0,1,1.0,2.0,False,False,True,False,False,False,False,0
68.0,2.0,36.0,3.0,1,1.0,2.0,False,False,False,True,False,False,False,0
69.0,2.0,36.0,3.0,2,1.0,2.0,True,False,False,False,False,True,False,0
47.0,1.0,8.0,1.0,1,1.0,2.0,False,True,False,False,False,False,False,0
41.0,1.0,25.0,1.0,2,1.0,2.0,True,False,False,True,False,False,False,0
6.0,5.0,36.0,4.0,3,1.0,1.0,False,False,False,False,False,False,False,0
80.0,3.0,36.0,3.0,1,1.0,2.0,False,True,False,False,False,False,False,0
27.0,5.0,36.0,3.0,3,1.0,2.0,False,False,False,False,False,False,False,0
22.0,5.0,16.0,1.0,3,1.0,2.0,True,False,False,True,False,False,False,0
15.0,5.0,36.0,3.0,3,1.0,1.0,True,False,True,False,False,False,False,0
47.0,3.0,22.0,1.0,1,1.0,2.0,True,True,False,False,False,False,False,0
54.0,2.0,15.0,1.0,1,1.0,2.0,True,False,False,True,False,False,False,0
60.0,2.0,0.0,1.0,2,1.0,2.0,False,False,False,True,False,False,False,0
20.0,5.0,24.0,1.0,3,1.0,2.0,False,False,False,True,False,False,False,0
68.0,3.0,8.0,1.0,1,1.0,2.0,False,False,False,True,False,False,False,0
34.0,5.0,32.0,1.0,3,1.0,2.0,False,False,False,False,False,True,False,0
85.0,1.0,36.0,3.0,1,1.0,2.0,False,False,False,True,False,False,False,0
33.0,5.0,25.0,1.0,3,1.0,1.0,True,False,False,False,True,False,False,0
64.0,1.0,8.0,1.0,2,1.0,2.0,True,False,False,False,False,False,False,0
32.0,5.0,0.0,1.0,1,1.0,2.0,False,False,False,False,False,True,False,0
22.0,5.0,36.0,3.0,8,1.0,1.0,True,False,False,False,True,False,False,0
60.0,5.0,36.0,3.0,1,1.0,2.0,True,True,False,False,False,False,False,0
39.0,5.0,24.0,1.0,3,1.0,2.0,False,True,False,False,False,False,False,0
28.0,5.0,36.0,2.0,3,1.0,2.0,False,True,False,False,False,False,False,0
87.0,4.0,36.0,3.0,1,1.0,2.0,False,False,False,False,True,False,False,0
69.0,4.0,36.0,3.0,1,1.0,2.0,False,False,False,False,False,True,False,0
37.0,5.0,30.0,1.0,3,1.0,2.0,False,False,False,False,True,False,False,0
31.0,5.0,40.0,1.0,3,1.0,2.0,True,False,False,False,False,True,False,0
55.0,3.0,36.0,3.0,1,1.0,2.0,False,False,False,True,False,False,False,0
39.0,1.0,36.0,3.0,1,1.0,2.0,True,False,False,True,False,False,False,0
45.0,1.0,0.0,1.0,2,1.0,2.0,False,False,False,False,True,False,False,0
15.0,5.0,36.0,3.0,3,1.0,1.0,False,False,True,False,False,False,False,0
42.0,1.0,84.0,1.0,1,1.0,2.0,False,False,False,True,False,False,False,0
36.0,1.0,44.0,1.0,2,1.0,2.0,True,False,False,True,False,False,False,0
15.0,5.0,36.0,3.0,3,1.0,1.0,False,False,True,False,False,False,False,0
59.0,4.0,36.0,3.0,9,1.0,2.0,True,False,False,True,False,False,False,0
83.0,4.0,36.0,3.0,7,1.0,2.0,False,True,False,False,False,False,False,0
33.0,5.0,36.0,3.0,8,1.0,2.0,False,False,False,True,False,False,False,0
49.0,1.0,46.0,1.0,1,1.0,2.0,True,False,False,False,True,False,False,0
51.0,1.0,40.0,1.0,2,1.0,2.0,False,False,False,False,True,False,False,0
86.0,4.0,36.0,3.0,1,1.0,2.0,True,True,False,False,False,False,False,0
63.0,5.0,45.0,1.0,3,1.0,2.0,True,False,False,True,False,False,False,0
28.0,1.0,24.0,1.0,1,1.0,2.0,True,False,False,True,False,False,False,0
32.0,1.0,40.0,1.0,2,1.0,2.0,False,False,False,False,False,True,False,0
10.0,5.0,36.0,3.0,3,1.0,1.0,False,False,False,False,False,False,False,0
34.0,5.0,36.0,4.0,3,3.0,2.0,True,False,False,False,False,False,True,0
59.0,2.0,81.0,1.0,1,1.0,2.0,True,False,False,False,True,False,False,0
26.0,5.0,50.0,1.0,1,1.0,2.0,False,False,False,False,False,True,False,0
47.0,1.0,36.0,3.0,2,1.0,2.0,True,False,True,False,False,False,False,0
24.0,1.0,72.0,1.0,1,1.0,2.0,True,False,False,True,False,False,False,0
40.0,1.0,72.0,1.0,2,1.0,2.0,False,True,False,False,False,False,False,0
5.0,5.0,36.0,4.0,3,1.0,1.0,False,False,False,False,False,False,True,0
48.0,5.0,48.0,1.0,1,1.0,2.0,True,True,False,False,False,False,False,0
50.0,5.0,36.0,3.0,8,1.0,2.0,True,True,False,False,False,False,False,0
47.0,1.0,48.0,1.0,1,1.0,2.0,False,True,False,False,False,False,False,0
25.0,5.0,10.0,1.0,1,1.0,1.0,True,False,False,False,True,False,False,0
67.0,2.0,36.0,3.0,1,1.0,2.0,False,False,False,False,False,True,False,0
63.0,2.0,36.0,3.0,2,1.0,2.0,True,False,False,False,False,True,False,0
77.0,4.0,36.0,3.0,1,1.0,2.0,True,False,False,False,False,True,False,0
20.0,5.0,36.0,3.0,1,1.0,2.0,False,False,False,False,True,False,False,0
25.0,5.0,40.0,1.0,1,1.0,2.0,True,False,False,True,False,False,False,0
69.0,2.0,36.0,3.0,1,1.0,2.0,True,False,True,False,False,False,False,0
43.0,5.0,50.0,1.0,3,1.0,2.0,False,False,False,True,False,False,False,0
67.0,2.0,36.0,3.0,2,1.0,2.0,False,True,False,False,False,False,False,0
45.0,1.0,49.0,1.0,1,1.0,2.0,False,False,False,True,False,False,False,0
44.0,1.0,36.0,3.0,2,1.0,2.0,True,False,False,True,False,False,False,0
76.0,2.0,36.0,3.0,1,1.0,2.0,True,False,False,False,False,True,False,0
75.0,2.0,36.0,3.0,2,1.0,2.0,False,False,False,False,False,True,False,0
76.0,4.0,36.0,3.0,1,1.0,2.0,True,False,False,True,False,False,False,0
32.0,1.0,48.0,1.0,1,1.0,2.0,False,False,True,False,False,False,False,0
27.0,1.0,36.0,3.0,2,1.0,2.0,True,False,False,False,False,True,False,0
34.0,5.0,36.0,4.0,3,3.0,2.0,False,False,False,False,False,False,True,0
66.0,1.0,24.0,1.0,1,1.0,2.0,False,False,False,True,False,False,False,0
50.0,1.0,36.0,3.0,2,1.0,2.0,True,False,False,True,False,False,False,0
96.0,5.0,36.0,3.0,6,1.0,2.0,True,True,False,False,False,False,False,0
88.0,4.0,36.0,3.0,1,1.0,2.0,True,True,False,False,False,False,False,0
83.0,5.0,36.0,3.0,1,1.0,2.0,False,False,False,False,False,True,False,0
43.0,1.0,40.0,1.0,1,1.0,1.0,True,False,False,False,True,False,False,0
46.0,1.0,36.0,3.0,2,1.0,2.0,False,False,True,False,False,False,False,0
24.0,5.0,12.0,1.0,3,1.0,2.0,False,False,True,False,False,False,False,0
20.0,5.0,30.0,1.0,3,1.0,2.0,False,False,True,False,False,False,False,0
12.0,5.0,36.0,3.0,3,1.0,1.0,True,False,True,False,False,False,False,0
11.0,5.0,36.0,3.0,3,1.0,1.0,False,False,False,False,False,False,False,0
24.0,1.0,12.0,1.0,9,1.0,2.0,True,False,False,True,False,False,False,0
49.0,2.0,36.0,2.0,1,1.0,2.0,True,False,True,False,False,False,False,0
52.0,2.0,70.0,1.0,2,1.0,2.0,False,False,False,True,False,False,False,0
22.0,5.0,40.0,1.0,3,1.0,2.0,False,False,False,True,False,False,False,0
55.0,2.0,0.0,1.0,2,1.0,2.0,False,False,False,False,False,True,False,0
49.0,2.0,40.0,1.0,1,1.0,2.0,True,False,False,False,False,True,False,0
76.0,5.0,36.0,3.0,1,1.0,2.0,False,False,False,False,True,False,False,0
33.0,5.0,36.0,3.0,1,1.0,1.0,False,False,False,False,True,False,False,0
9.0,5.0,36.0,4.0,3,1.0,1.0,False,False,False,False,False,False,False,0
7.0,5.0,36.0,4.0,3,1.0,1.0,True,False,False,False,False,False,False,0
48.0,2.0,40.0,1.0,1,1.0,2.0,False,False,False,False,False,True,False,0
48.0,2.0,40.0,1.0,2,1.0,2.0,True,False,False,False,False,True,False,0
21.0,5.0,36.0,3.0,3,1.0,1.0,False,False,False,False,True,False,False,0
18.0,5.0,36.0,3.0,3,1.0,1.0,True,False,False,False,True,False,False,0
51.0,2.0,24.0,1.0,1,1.0,2.0,False,False,False,False,False,True,False,0
46.0,2.0,12.0,1.0,2,1.0,2.0,True,False,False,False,False,True,False,0
16.0,5.0,36.0,3.0,3,1.0,1.0,False,False,True,False,False,False,False,0
11.0,5.0,36.0,3.0,3,1.0,1.0,True,False,False,False,False,False,False,0
33.0,1.0,52.0,1.0,1,1.0,2.0,True,False,False,True,False,False,False,0
32.0,1.0,36.0,1.0,2,1.0,2.0,False,False,False,False,True,False,False,0
7.0,5.0,36.0,4.0,9,1.0,1.0,False,False,False,False,False,False,False,0
68.0,2.0,36.0,3.0,1,1.0,2.0,False,False,False,True,False,False,False,0
70.0,2.0,36.0,3.0,2,1.0,2.0,True,True,False,False,False,False,False,0
62.0,2.0,36.0,1.0,2,1.0,2.0,False,False,True,False,False,False,False,0
23.0,5.0,36.0,3.0,3,1.0,1.0,True,False,False,False,True,False,False,0
33.0,5.0,36.0,3.0,3,1.0,2.0,False,False,False,True,False,False,False,0
56.0,3.0,30.0,1.0,1,1.0,2.0,True,False,False,True,False,False,False,0
25.0,5.0,36.0,1.0,3,1.0,2.0,False,False,False,True,False,False,False,0
27.0,5.0,42.0,1.0,3,1.0,2.0,False,False,False,False,False,True,False,0
46.0,3.0,48.0,1.0,1,1.0,2.0,True,False,True,False,False,False,False,0
23.0,5.0,40.0,1.0,3,1.0,2.0,False,False,True,False,False,False,False,0
18.0,5.0,20.0,1.0,3,1.0,1.0,False,False,True,False,False,False,False,0
15.0,5.0,36.0,3.0,3,1.0,1.0,True,False,True,False,False,False,False,0
64.0,2.0,36.0,3.0,2,1.0,2.0,True,True,False,False,False,False,False,0
12.0,5.0,36.0,3.0,5,1.0,1.0,True,False,True,False,False,False,False,0
10.0,5.0,36.0,3.0,5,1.0,1.0,True,False,False,False,False,False,False,0
35.0,1.0,36.0,1.0,4,1.0,2.0,True,True,False,False,False,False,False,0
59.0,2.0,36.0,3.0,1,1.0,2.0,False,True,False,False,False,False,False,0
64.0,2.0,24.0,1.0,2,1.0,2.0,True,True,False,False,False,False,False,0
33.0,5.0,24.0,1.0,3,1.0,2.0,False,True,False,False,False,False,False,0
25.0,1.0,15.0,1.0,3,1.0,2.0,True,False,False,True,False,False,False,0
32.0,1.0,44.0,1.0,4,1.0,2.0,False,False,False,True,False,False,False,0
8.0,5.0,36.0,4.0,5,1.0,1.0,True,False,False,False,False,False,False,0
16.0,5.0,36.0,3.0,5,1.0,1.0,True,False,True,False,False,False,False,0
69.0,2.0,36.0,3.0,1,1.0,2.0,False,True,False,False,False,False,False,0
34.0,4.0,8.0,1.0,3,1.0,2.0,True,True,False,False,False,False,False,0
40.0,1.0,36.0,1.0,3,1.0,2.0,False,True,False,False,False,False,False,0
31.0,5.0,0.0,1.0,1,1.0,2.0,True,False,False,False,True,False,False,0
53.0,2.0,40.0,1.0,1,1.0,2.0,False,False,False,True,False,False,False,0
51.0,2.0,36.0,1.0,2,1.0,2.0,True,False,False,False,False,True,False,0
30.0,5.0,36.0,1.0,3,1.0,1.0,True,False,False,False,True,False,False,0
29.0,5.0,48.0,1.0,3,1.0,2.0,False,False,False,True,False,False,False,0
17.0,5.0,36.0,3.0,3,1.0,1.0,False,False,False,False,True,False,False,0
16.0,5.0,36.0,3.0,3,1.0,1.0,True,False,True,False,False,False,False,0
20.0,5.0,48.0,1.0,3,1.0,2.0,True,False,False,True,False,False,False,0
60.0,1.0,48.0,1.0,1,1.0,2.0,False,False,False,True,False,False,False,0
50.0,1.0,48.0,1.0,2,1.0,2.0,True,False,True,False,False,False,False,0
63.0,2.0,36.0,3.0,2,1.0,2.0,True,False,False,False,False,True,False,0
32.0,5.0,35.0,1.0,3,1.0,2.0,False,False,False,True,False,False,False,0
27.0,5.0,36.0,3.0,3,1.0,1.0,True,False,False,False,True,False,False,0
53.0,2.0,28.0,1.0,1,1.0,2.0,False,False,False,False,False,True,False,0
68.0,2.0,36.0,3.0,1,1.0,2.0,False,False,False,False,False,True,False,0
51.0,2.0,20.0,1.0,2,1.0,2.0,False,True,False,False,False,False,False,0
20.0,5.0,20.0,1.0,3,1.0,2.0,True,False,False,True,False,False,False,0
20.0,5.0,36.0,3.0,3,1.0,2.0,True,False,True,False,False,False,False,0
18.0,5.0,36.0,3.0,3,1.0,2.0,True,False,False,True,False,False,False,0
59.0,2.0,60.0,1.0,1,1.0,2.0,False,False,True,False,False,False,False,0
49.0,2.0,36.0,3.0,2,1.0,2.0,True,False,True,False,False,False,False,0
13.0,5.0,36.0,3.0,3,1.0,1.0,True,False,True,False,False,False,False,0
34.0,1.0,44.0,1.0,1,1.0,2.0,False,False,False,False,True,False,False,0
28.0,1.0,36.0,2.0,2,1.0,2.0,True,False,False,True,False,False,False,0
1.0,5.0,36.0,4.0,3,3.0,2.0,False,False,False,False,False,False,True,0
34.0,5.0,36.0,4.0,3,3.0,2.0,False,False,False,False,False,False,True,0
52.0,2.0,20.0,1.0,1,1.0,2.0,True,False,True,False,False,False,False,0
67.0,2.0,30.0,1.0,1,1.0,2.0,False,False,False,False,True,False,False,0
70.0,2.0,36.0,3.0,2,1.0,2.0,True,False,False,False,False,True,False,0
28.0,5.0,25.0,1.0,3,1.0,2.0,False,False,False,False,False,True,False,0
9.0,5.0,36.0,4.0,3,1.0,1.0,False,False,False,False,False,False,False,0
57.0,1.0,40.0,1.0,1,1.0,2.0,False,False,True,False,False,False,False,0
43.0,1.0,36.0,3.0,2,1.0,2.0,True,False,True,False,False,False,False,0
15.0,5.0,36.0,3.0,3,1.0,1.0,False,False,True,False,False,False,False,0
13.0,5.0,36.0,3.0,3,1.0,1.0,False,False,True,False,False,False,False,0
11.0,5.0,36.0,3.0,3,1.0,1.0,False,False,False,False,False,False,False,0
64.0,2.0,36.0,3.0,1,1.0,2.0,False,True,False,False,False,False,False,0
57.0,2.0,36.0,3.0,2,1.0,2.0,True,True,False,False,False,False,False,0
47.0,3.0,4.0,1.0,1,1.0,2.0,True,False,True,False,False,False,False,0
23.0,5.0,24.0,1.0,3,1.0,1.0,True,False,False,False,True,False,False,0
19.0,5.0,36.0,3.0,3,1.0,1.0,False,False,True,False,False,False,False,0
16.0,5.0,36.0,3.0,3,1.0,1.0,True,False,True,False,False,False,False,0
44.0,3.0,40.0,1.0,1,1.0,2.0,False,False,True,False,False,False,False,0
61.0,2.0,70.0,1.0,1,1.0,2.0,False,False,False,True,False,False,False,0
57.0,2.0,40.0,1.0,2,1.0,2.0,True,False,False,False,False,True,False,0
50.0,3.0,40.0,1.0,1,1.0,2.0,True,False,False,False,True,False,False,0
53.0,5.0,40.0,1.0,8,1.0,2.0,False,False,True,False,False,False,False,0
20.0,5.0,48.0,1.0,3,1.0,2.0,False,False,True,False,False,False,False,0
43.0,2.0,40.0,1.0,1,1.0,2.0,True,False,False,False,False,True,False,0
44.0,2.0,40.0,1.0,2,1.0,2.0,False,False,False,False,True,False,False,0
8.0,5.0,36.0,4.0,3,1.0,1.0,True,False,False,False,False,False,False,0
10.0,5.0,36.0,3.0,3,1.0,1.0,True,False,False,False,False,False,False,0
42.0,2.0,0.0,1.0,1,1.0,2.0,False,False,False,True,False,False,False,0
63.0,2.0,48.0,1.0,1,1.0,2.0,False,False,True,False,False,False,False,0
61.0,2.0,36.0,3.0,2,1.0,2.0,True,False,True,False,False,False,False,0
29.0,5.0,50.0,1.0,3,1.0,2.0,False,False,False,True,False,False,False,0
22.0,5.0,36.0,3.0,3,1.0,1.0,True,False,False,False,True,False,False,0
48.0,5.0,36.0,3.0,1,1.0,2.0,False,False,False,False,True,False,False,0
68.0,2.0,36.0,3.0,1,1.0,2.0,True,False,True,False,False,False,False,0
77.0,2.0,20.0,1.0,2,1.0,2.0,False,True,False,False,False,False,False,0
86.0,2.0,36.0,3.0,1,1.0,2.0,True,True,False,False,False,False,False,0
77.0,2.0,36.0,3.0,2,1.0,2.0,False,True,False,False,False,False,False,0
43.0,3.0,30.0,1.0,1,1.0,2.0,True,False,False,False,False,True,False,0
9.0,5.0,36.0,4.0,3,1.0,1.0,True,False,False,False,False,False,False,0
71.0,2.0,36.0,3.0,1,1.0,2.0,True,False,False,False,False,True,False,0
40.0,5.0,36.0,2.0,3,1.0,2.0,True,False,False,True,False,False,False,0
16.0,5.0,36.0,3.0,5,1.0,1.0,True,False,True,False,False,False,False,0
63.0,1.0,6.0,1.0,1,1.0,2.0,False,False,False,True,False,False,False,0
58.0,1.0,20.0,1.0,2,1.0,2.0,True,False,True,False,False,False,False,0
30.0,2.0,0.0,1.0,1,1.0,2.0,True,False,False,False,False,True,False,0
29.0,2.0,55.0,1.0,2,1.0,2.0,False,False,False,False,True,False,False,0
34.0,5.0,36.0,4.0,3,3.0,2.0,True,False,False,False,False,False,True,0
5.0,5.0,36.0,4.0,5,1.0,1.0,False,False,False,False,False,False,False,0
55.0,5.0,24.0,1.0,1,1.0,2.0,True,False,False,True,False,False,False,0
32.0,5.0,18.0,1.0,3,1.0,2.0,True,False,True,False,False,False,False,0
5.0,5.0,36.0,4.0,3,1.0,1.0,False,False,False,False,False,False,True,0
57.0,3.0,42.0,1.0,1,1.0,2.0,False,False,False,False,True,False,False,0
82.0,4.0,36.0,3.0,6,1.0,2.0,True,True,False,False,False,False,False,0
59.0,2.0,36.0,2.0,1,1.0,2.0,True,True,False,False,False,False,False,0
56.0,2.0,78.0,1.0,2,1.0,2.0,False,False,False,False,False,False,False,0
53.0,2.0,36.0,3.0,2,1.0,2.0,True,True,False,False,False,False,False,0
19.0,5.0,36.0,3.0,3,1.0,1.0,True,False,False,False,True,False,False,0
75.0,2.0,36.0,3.0,6,1.0,2.0,True,False,False,False,False,False,False,0
49.0,3.0,0.0,1.0,1,1.0,2.0,False,False,True,False,False,False,False,0
80.0,4.0,20.0,1.0,1,1.0,2.0,False,True,False,False,False,False,False,0
55.0,2.0,36.0,3.0,1,1.0,2.0,False,False,True,False,False,False,False,0
83.0,4.0,36.0,3.0,1,1.0,2.0,True,False,True,False,False,False,False,0
53.0,5.0,60.0,1.0,3,1.0,2.0,True,False,False,False,True,False,False,0
20.0,5.0,36.0,3.0,3,1.0,1.0,True,False,False,False,True,False,False,0
18.0,5.0,36.0,3.0,3,1.0,1.0,True,False,False,False,True,False,False,0
48.0,2.0,48.0,1.0,2,1.0,2.0,True,False,False,False,False,True,False,0
27.0,5.0,48.0,1.0,3,1.0,2.0,False,False,False,True,False,False,False,0
19.0,5.0,36.0,3.0,3,1.0,1.0,False,False,False,False,True,False,False,0
30.0,2.0,30.0,1.0,1,1.0,2.0,True,False,False,True,False,False,False,0
30.0,2.0,16.0,1.0,2,1.0,2.0,False,False,False,True,False,False,False,0
21.0,5.0,40.0,1.0,8,1.0,2.0,True,False,False,True,False,False,False,0
34.0,5.0,36.0,4.0,3,3.0,2.0,False,False,False,False,False,False,True,0
54.0,2.0,45.0,1.0,1,1.0,2.0,False,False,False,False,False,True,False,0
50.0,2.0,30.0,1.0,2,1.0,2.0,True,False,False,False,False,True,False,0
24.0,5.0,72.0,1.0,3,1.0,2.0,False,False,False,True,False,False,False,0
26.0,5.0,48.0,1.0,3,1.0,2.0,False,False,False,False,False,True,False,0
25.0,5.0,48.0,1.0,3,1.0,2.0,False,False,False,False,False,True,False,0
21.0,5.0,36.0,2.0,3,1.0,2.0,False,False,False,False,False,True,False,0
10.0,5.0,36.0,3.0,3,1.0,1.0,True,False,False,False,False,False,False,0
56.0,5.0,48.0,1.0,1,1.0,2.0,False,False,True,False,False,False,False,0
32.0,5.0,40.0,1.0,3,1.0,2.0,False,False,True,False,False,False,False,0
29.0,5.0,25.0,1.0,3,1.0,2.0,False,False,True,False,False,False,False,0
36.0,1.0,3.0,1.0,1,1.0,2.0,True,False,True,False,False,False,False,0
38.0,1.0,36.0,2.0,2,1.0,2.0,False,False,True,False,False,False,False,0
18.0,5.0,36.0,3.0,3,1.0,1.0,False,False,True,False,False,False,False,0
5.0,5.0,36.0,4.0,3,2.0,1.0,False,False,False,False,False,False,True,0
74.0,2.0,36.0,3.0,1,1.0,2.0,False,True,False,False,False,False,False,0
69.0,2.0,36.0,3.0,2,1.0,2.0,True,True,False,False,False,False,False,0
26.0,5.0,44.0,1.0,3,1.0,1.0,False,False,False,False,True,False,False,0
37.0,2.0,25.0,1.0,1,1.0,2.0,False,False,False,False,False,True,False,0
38.0,2.0,50.0,1.0,2,1.0,2.0,True,False,False,False,False,True,False,0
53.0,2.0,36.0,1.0,1,1.0,2.0,False,False,False,True,False,False,False,0
58.0,2.0,54.0,1.0,2,1.0,2.0,True,False,False,True,False,False,False,0
30.0,5.0,36.0,3.0,3,1.0,2.0,True,False,True,False,False,False,False,0
22.0,5.0,40.0,1.0,3,1.0,2.0,False,False,False,True,False,False,False,0
12.0,5.0,36.0,3.0,3,1.0,1.0,True,False,False,False,False,False,False,0
27.0,5.0,40.0,1.0,1,1.0,2.0,False,False,True,False,False,False,False,0
2.0,5.0,36.0,4.0,3,2.0,3.0,False,False,False,False,False,False,True,0
33.0,5.0,36.0,2.0,8,1.0,2.0,True,False,False,False,True,False,False,0
4.0,5.0,36.0,4.0,9,2.0,1.0,True,False,False,False,False,False,True,0
43.0,2.0,36.0,3.0,2,1.0,2.0,True,False,False,False,True,False,False,0
20.0,5.0,36.0,3.0,3,1.0,1.0,True,False,False,False,True,False,False,0
8.0,5.0,36.0,4.0,3,1.0,1.0,False,False,False,False,False,False,False,0
27.0,5.0,30.0,1.0,1,1.0,2.0,False,False,False,False,False,True,False,0
69.0,2.0,36.0,3.0,1,1.0,2.0,False,False,False,False,True,False,False,0
71.0,2.0,36.0,3.0,2,1.0,2.0,True,False,False,True,False,False,False,0
52.0,5.0,0.0,1.0,1,1.0,2.0,True,False,False,False,False,True,False,0
87.0,4.0,36.0,3.0,1,1.0,2.0,True,False,False,False,False,True,False,0
35.0,2.0,30.0,1.0,1,1.0,2.0,False,False,False,False,False,True,False,0
32.0,2.0,20.0,1.0,2,1.0,2.0,True,False,False,False,False,True,False,0
56.0,2.0,16.0,1.0,1,1.0,2.0,True,False,True,False,False,False,False,0
56.0,2.0,40.0,1.0,2,1.0,2.0,False,True,False,False,False,False,False,0
22.0,5.0,36.0,1.0,3,1.0,2.0,False,False,False,True,False,False,False,0
14.0,5.0,36.0,3.0,3,1.0,1.0,True,False,True,False,False,False,False,0
45.0,2.0,36.0,1.0,1,1.0,2.0,True,False,False,False,False,True,False,0
46.0,2.0,48.0,1.0,2,1.0,2.0,False,False,False,False,False,True,False,0
10.0,5.0,36.0,3.0,3,1.0,1.0,False,False,False,False,False,False,False,0
77.0,2.0,36.0,3.0,1,1.0,2.0,False,False,False,True,False,False,False,0
77.0,2.0,36.0,3.0,2,1.0,2.0,True,False,True,False,False,False,False,0
26.0,3.0,35.0,1.0,1,1.0,2.0,False,False,False,True,False,False,False,0
61.0,1.0,15.0,1.0,1,1.0,2.0,False,False,False,False,False,True,False,0
51.0,1.0,25.0,1.0,2,1.0,2.0,True,False,False,False,False,True,False,0
32.0,5.0,28.0,1.0,3,1.0,1.0,False,False,False,False,True,False,False,0
50.0,5.0,36.0,2.0,3,1.0,2.0,True,False,False,False,True,False,False,0
26.0,5.0,60.0,1.0,1,1.0,2.0,False,False,False,True,False,False,False,0
91.0,5.0,36.0,3.0,1,1.0,2.0,True,False,False,False,False,False,False,0
71.0,2.0,36.0,3.0,1,1.0,2.0,False,False,False,False,True,False,False,0
14.0,5.0,36.0,3.0,3,1.0,1.0,False,False,True,False,False,False,False,0
63.0,1.0,36.0,2.0,1,1.0,2.0,False,False,True,False,False,False,False,0
37.0,1.0,18.0,1.0,2,1.0,2.0,True,False,True,False,False,False,False,0
2.0,5.0,36.0,4.0,3,2.0,3.0,False,False,False,False,False,False,True,0
10.0,5.0,36.0,3.0,3,1.0,1.0,True,False,False,False,False,False,False,0
58.0,1.0,36.0,3.0,1,1.0,2.0,False,False,False,False,False,True,False,0
51.0,1.0,40.0,1.0,2,1.0,2.0,True,False,False,False,False,True,False,0
23.0,5.0,36.0,3.0,3,1.0,1.0,False,False,False,False,True,False,False,0
19.0,5.0,36.0,3.0,3,1.0,1.0,False,False,False,False,True,False,False,0
21.0,5.0,36.0,3.0,3,1.0,1.0,False,False,False,False,True,False,False,0
29.0,5.0,36.0,3.0,3,1.0,1.0,True,False,False,False,True,False,False,0
37.0,3.0,48.0,1.0,1,1.0,2.0,True,False,False,True,False,False,False,0
19.0,5.0,72.0,1.0,3,1.0,2.0,True,False,False,True,False,False,False,0
13.0,5.0,36.0,3.0,3,1.0,1.0,False,False,True,False,False,False,False,0
73.0,4.0,36.0,3.0,1,1.0,2.0,False,False,True,False,False,False,False,0
28.0,5.0,36.0,3.0,3,1.0,2.0,False,False,False,True,False,False,False,0
72.0,4.0,36.0,3.0,1,1.0,2.0,True,False,False,True,False,False,False,0
58.0,3.0,50.0,1.0,1,1.0,2.0,False,True,False,False,False,False,False,0
95.0,4.0,36.0,3.0,1,1.0,2.0,True,True,False,False,False,False,False,0
72.0,4.0,36.0,3.0,3,1.0,2.0,True,False,False,True,False,False,False,0
41.0,3.0,36.0,2.0,3,1.0,2.0,False,False,False,False,False,True,False,0
32.0,5.0,48.0,1.0,1,1.0,2.0,False,False,False,True,False,False,False,0
38.0,5.0,22.0,1.0,1,1.0,2.0,False,False,True,False,False,False,False,0
16.0,5.0,36.0,3.0,3,1.0,1.0,True,False,True,False,False,False,False,0
10.0,5.0,36.0,3.0,3,1.0,1.0,False,False,False,False,False,False,False,0
60.0,5.0,6.0,1.0,1,1.0,2.0,True,True,False,False,False,False,False,0
30.0,5.0,20.0,1.0,3,1.0,2.0,True,False,False,True,False,False,False,0
60.0,4.0,36.0,3.0,1,1.0,2.0,True,True,False,False,False,False,False,0
31.0,5.0,36.0,1.0,3,1.0,2.0,True,False,False,True,False,False,False,0
32.0,5.0,48.0,1.0,3,1.0,2.0,False,True,False,False,False,False,False,0
11.0,5.0,36.0,3.0,5,1.0,1.0,True,False,False,False,False,False,False,0
8.0,5.0,36.0,4.0,5,1.0,1.0,True,False,False,False,False,False,False,0
6.0,5.0,36.0,4.0,5,2.0,1.0,True,False,False,False,False,False,False,0
47.0,2.0,60.0,1.0,1,1.0,2.0,False,False,False,False,True,False,False,0
43.0,2.0,0.0,1.0,2,1.0,1.0,True,False,False,False,True,False,False,0
13.0,5.0,36.0,3.0,3,1.0,1.0,False,False,True,False,False,False,False,0
49.0,1.0,40.0,1.0,1,1.0,2.0,False,False,False,False,False,True,False,0
44.0,1.0,36.0,1.0,2,1.0,2.0,True,False,False,False,False,True,False,0
72.0,2.0,60.0,1.0,1,1.0,2.0,False,False,False,True,False,False,False,0
69.0,2.0,36.0,3.0,2,1.0,2.0,True,False,False,False,False,True,False,0
53.0,2.0,36.0,3.0,1,1.0,2.0,False,True,False,False,False,False,False,0
48.0,2.0,36.0,3.0,2,1.0,2.0,True,False,False,True,False,False,False,0
26.0,5.0,30.0,1.0,3,1.0,2.0,False,False,True,False,False,False,False,0
25.0,5.0,12.0,1.0,3,1.0,2.0,False,False,True,False,False,False,False,0
16.0,5.0,36.0,3.0,3,1.0,1.0,False,False,True,False,False,False,False,0
21.0,5.0,36.0,3.0,3,1.0,2.0,True,False,True,False,False,False,False,0
30.0,5.0,9.0,1.0,3,1.0,2.0,False,False,True,False,False,False,False,0
34.0,5.0,36.0,4.0,3,3.0,2.0,True,False,False,False,False,False,True,0
65.0,4.0,36.0,2.0,1,1.0,2.0,True,True,False,False,False,False,False,0
30.0,2.0,36.0,3.0,3,1.0,2.0,True,False,False,True,False,False,False,0
11.0,5.0,36.0,3.0,5,1.0,2.0,True,True,False,False,False,False,False,0
6.0,5.0,36.0,4.0,5,1.0,2.0,True,False,False,False,False,False,False,0
4.0,5.0,36.0,4.0,5,2.0,1.0,False,False,False,False,False,False,True,0
40.0,5.0,30.0,1.0,3,1.0,2.0,True,False,False,False,False,True,False,0
9.0,5.0,36.0,4.0,5,1.0,1.0,False,False,False,False,False,False,False,0
64.0,2.0,36.0,2.0,1,1.0,2.0,False,False,False,True,False,False,False,0
62.0,2.0,15.0,1.0,2,1.0,2.0,True,False,False,False,False,True,False,0
41.0,3.0,36.0,3.0,1,1.0,2.0,True,False,False,True,False,False,False,0
19.0,5.0,36.0,3.0,3,1.0,1.0,False,False,False,False,True,False,False,0
72.0,4.0,36.0,3.0,1,1.0,2.0,False,True,False,False,False,False,False,0
53.0,2.0,25.0,1.0,1,1.0,2.0,True,False,False,True,False,False,False,0
57.0,2.0,36.0,1.0,2,1.0,2.0,False,True,False,False,False,False,False,0
82.0,4.0,36.0,3.0,6,1.0,2.0,True,True,False,False,False,False,False,0
31.0,5.0,24.0,1.0,3,1.0,2.0,False,False,True,False,False,False,False,0
25.0,5.0,36.0,3.0,3,1.0,1.0,True,False,False,False,True,False,False,0
68.0,2.0,36.0,3.0,2,1.0,2.0,True,False,False,False,True,False,False,0
40.0,2.0,40.0,1.0,3,1.0,2.0,False,False,False,False,True,False,False,0
42.0,2.0,18.0,1.0,4,1.0,2.0,True,False,False,False,False,True,False,0
2.0,5.0,36.0,4.0,5,1.0,1.0,True,False,False,False,False,False,True,0
38.0,1.0,24.0,1.0,1,1.0,2.0,True,False,True,False,False,False,False,0
63.0,1.0,36.0,3.0,2,1.0,2.0,False,True,False,False,False,False,False,0
53.0,3.0,18.0,1.0,1,1.0,2.0,True,False,False,True,False,False,False,0
18.0,5.0,48.0,1.0,3,1.0,2.0,False,False,False,True,False,False,False,0
22.0,5.0,36.0,2.0,3,1.0,1.0,True,False,False,False,True,False,False,0
36.0,5.0,36.0,3.0,1,1.0,2.0,False,False,False,False,True,False,False,0
42.0,5.0,36.0,3.0,8,1.0,1.0,False,False,False,False,True,False,False,0
47.0,5.0,20.0,1.0,3,1.0,2.0,True,False,False,False,True,False,False,0
68.0,5.0,34.0,1.0,9,1.0,2.0,False,False,False,True,False,False,False,0
21.0,5.0,15.0,1.0,3,1.0,2.0,True,False,False,True,False,False,False,0
18.0,5.0,36.0,3.0,5,1.0,2.0,False,False,False,True,False,False,False,0
63.0,2.0,36.0,3.0,1,1.0,2.0,True,False,False,True,False,False,False,0
70.0,2.0,36.0,3.0,2,1.0,2.0,False,False,False,True,False,False,False,0
46.0,4.0,30.0,1.0,1,1.0,2.0,True,True,False,False,False,False,False,0
24.0,5.0,12.0,1.0,3,1.0,2.0,True,False,False,True,False,False,False,0
61.0,2.0,36.0,3.0,1,1.0,2.0,True,True,False,False,False,False,False,0
54.0,2.0,48.0,1.0,2,1.0,2.0,False,True,False,False,False,False,False,0
73.0,4.0,7.0,1.0,1,1.0,2.0,True,False,True,False,False,False,False,0
65.0,3.0,42.0,1.0,1,1.0,2.0,False,True,False,False,False,False,False,0
38.0,5.0,36.0,3.0,3,1.0,2.0,True,False,False,True,False,False,False,0
40.0,1.0,36.0,3.0,3,1.0,2.0,False,False,False,True,False,False,False,0
36.0,1.0,36.0,1.0,4,1.0,2.0,True,True,False,False,False,False,False,0
10.0,5.0,36.0,3.0,5,1.0,1.0,True,False,False,False,False,False,False,0
43.0,2.0,30.0,1.0,1,1.0,2.0,True,False,False,True,False,False,False,0
43.0,2.0,30.0,1.0,2,1.0,2.0,False,True,False,False,False,False,False,0
19.0,5.0,20.0,1.0,3,1.0,2.0,True,False,False,True,False,False,False,0
17.0,5.0,36.0,3.0,3,1.0,2.0,False,False,True,False,False,False,False,0
44.0,5.0,36.0,3.0,1,1.0,2.0,False,False,False,True,False,False,False,0
73.0,3.0,36.0,3.0,6,1.0,2.0,False,True,False,False,False,False,False,0
33.0,5.0,25.0,1.0,3,1.0,1.0,True,False,False,False,True,False,False,0
14.0,5.0,36.0,3.0,5,1.0,1.0,True,False,True,False,False,False,False,0
8.0,5.0,36.0,4.0,5,1.0,1.0,False,False,False,False,False,False,False,0
13.0,5.0,36.0,3.0,5,1.0,1.0,True,False,True,False,False,False,False,0
12.0,5.0,36.0,3.0,3,1.0,1.0,True,False,False,False,False,False,False,0
54.0,2.0,36.0,2.0,1,1.0,2.0,True,False,False,True,False,False,False,0
48.0,2.0,40.0,1.0,2,1.0,2.0,False,True,False,False,False,False,False,0
17.0,5.0,36.0,3.0,3,1.0,1.0,False,False,True,False,False,False,False,0
34.0,5.0,72.0,1.0,1,1.0,2.0,True,False,False,False,True,False,False,0
62.0,3.0,36.0,2.0,1,1.0,2.0,False,True,False,False,False,False,False,0
29.0,1.0,45.0,1.0,3,1.0,1.0,False,False,True,False,False,False,False,0
28.0,1.0,36.0,3.0,4,1.0,2.0,True,False,True,False,False,False,False,0
1.0,5.0,36.0,4.0,5,3.0,2.0,False,False,False,False,False,False,True,0
53.0,2.0,36.0,2.0,1,1.0,2.0,True,False,False,False,True,False,False,0
51.0,2.0,44.0,1.0,2,1.0,2.0,False,False,True,False,False,False,False,0
25.0,5.0,36.0,2.0,3,1.0,2.0,False,False,False,False,False,True,False,0
21.0,5.0,48.0,1.0,3,1.0,2.0,False,False,False,True,False,False,False,0
52.0,5.0,9.0,1.0,1,1.0,2.0,True,False,False,False,False,False,False,0
26.0,5.0,36.0,1.0,3,1.0,2.0,False,True,False,False,False,False,False,0
35.0,3.0,16.0,1.0,1,1.0,2.0,True,False,False,True,False,False,False,0
15.0,5.0,36.0,3.0,3,1.0,1.0,True,False,True,False,False,False,False,0
13.0,5.0,36.0,3.0,3,1.0,1.0,True,False,True,False,False,False,False,0
19.0,5.0,36.0,3.0,3,1.0,1.0,True,False,False,False,True,False,False,0
65.0,2.0,36.0,3.0,1,1.0,2.0,False,False,False,False,False,True,False,0
59.0,2.0,36.0,3.0,2,1.0,2.0,True,False,False,False,False,True,False,0
33.0,5.0,32.0,1.0,3,1.0,1.0,True,False,False,False,True,False,False,0
58.0,2.0,50.0,1.0,1,1.0,2.0,False,False,False,False,False,True,False,0
55.0,2.0,50.0,1.0,2,1.0,2.0,True,False,False,False,False,True,False,0
26.0,5.0,45.0,1.0,3,1.0,2.0,False,False,False,False,False,True,False,0
24.0,5.0,45.0,1.0,3,1.0,2.0,True,False,False,False,False,True,False,0
72.0,2.0,36.0,3.0,1,1.0,2.0,False,False,False,False,True,False,False,0
70.0,2.0,20.0,1.0,2,1.0,2.0,True,False,False,False,True,False,False,0
51.0,2.0,18.0,1.0,1,1.0,2.0,False,False,False,True,False,False,False,0
50.0,2.0,10.0,1.0,2,1.0,2.0,True,False,False,True,False,False,False,0
26.0,5.0,24.0,1.0,3,1.0,2.0,False,False,False,True,False,False,False,0
18.0,5.0,36.0,3.0,3,1.0,1.0,False,False,False,False,True,False,False,0
33.0,5.0,40.0,1.0,1,1.0,2.0,False,False,False,True,False,False,False,0
30.0,1.0,36.0,3.0,1,1.0,2.0,True,False,True,False,False,False,False,0
30.0,1.0,40.0,1.0,2,1.0,2.0,True,False,False,True,False,False,False,0
11.0,5.0,36.0,3.0,3,1.0,1.0,False,False,False,False,False,False,False,0
8.0,5.0,36.0,4.0,3,1.0,1.0,True,False,False,False,False,False,False,0
40.0,2.0,36.0,3.0,1,1.0,2.0,True,False,True,False,False,False,False,0
35.0,1.0,24.0,1.0,1,1.0,2.0,False,False,False,False,False,True,False,0
24.0,1.0,36.0,3.0,2,1.0,1.0,True,False,False,False,True,False,False,0
10.0,5.0,36.0,3.0,3,1.0,1.0,False,False,False,False,False,False,False,0
34.0,5.0,36.0,4.0,3,3.0,2.0,True,False,False,False,False,False,True,0
25.0,5.0,32.0,1.0,1,1.0,2.0,False,False,False,False,False,False,False,0
76.0,1.0,36.0,3.0,1,1.0,2.0,False,False,False,False,False,True,False,0
68.0,1.0,16.0,1.0,2,1.0,2.0,False,False,False,False,False,True,False,0
45.0,1.0,48.0,1.0,1,1.0,2.0,False,True,False,False,False,False,False,0
44.0,1.0,24.0,1.0,2,1.0,2.0,True,False,False,True,False,False,False,0
16.0,5.0,36.0,3.0,3,1.0,1.0,True,False,True,False,False,False,False,0
12.0,5.0,36.0,3.0,3,1.0,1.0,True,False,False,False,False,False,False,0
44.0,3.0,60.0,1.0,1,1.0,2.0,True,True,False,False,False,False,False,0
20.0,5.0,36.0,1.0,3,1.0,2.0,False,False,False,True,False,False,False,0
13.0,5.0,36.0,3.0,3,1.0,1.0,False,False,True,False,False,False,False,0
9.0,5.0,36.0,4.0,3,1.0,1.0,True,False,False,False,False,False,False,0
80.0,2.0,36.0,3.0,2,1.0,2.0,True,False,False,False,False,True,False,0
45.0,5.0,59.0,1.0,3,1.0,2.0,False,False,False,True,False,False,False,0
33.0,1.0,56.0,1.0,1,1.0,2.0,True,False,False,True,False,False,False,0
33.0,1.0,48.0,1.0,2,1.0,2.0,False,False,False,True,False,False,False,0
10.0,5.0,36.0,3.0,3,1.0,1.0,True,False,False,False,False,False,False,0
2.0,5.0,36.0,4.0,3,2.0,3.0,True,False,False,False,False,False,True,0
65.0,2.0,36.0,3.0,1,1.0,2.0,True,False,True,False,False,False,False,0
58.0,2.0,15.0,1.0,2,1.0,2.0,False,False,True,False,False,False,False,0
29.0,1.0,12.0,1.0,3,1.0,2.0,True,False,True,False,False,False,False,0
8.0,5.0,36.0,4.0,5,1.0,1.0,True,False,False,False,False,False,False,0
6.0,5.0,36.0,4.0,5,1.0,1.0,True,False,False,False,False,False,False,0
51.0,5.0,48.0,1.0,1,1.0,2.0,False,False,True,False,False,False,False,0
78.0,2.0,36.0,3.0,1,1.0,2.0,False,True,False,False,False,False,False,0
73.0,2.0,36.0,3.0,2,1.0,2.0,True,True,False,False,False,False,False,0
75.0,2.0,36.0,3.0,1,1.0,2.0,False,True,False,False,False,False,False,0
76.0,2.0,36.0,3.0,2,1.0,2.0,True,False,False,False,False,True,False,0
52.0,5.0,36.0,3.0,1,1.0,2.0,False,True,False,False,False,False,False,0
45.0,1.0,36.0,2.0,1,1.0,2.0,False,True,False,False,False,False,False,0
43.0,1.0,36.0,3.0,2,1.0,1.0,True,False,True,False,False,False,False,0
18.0,5.0,36.0,3.0,3,1.0,2.0,False,False,False,True,False,False,False,0
8.0,5.0,36.0,4.0,3,1.0,1.0,True,False,False,False,False,False,False,0
46.0,3.0,30.0,1.0,1,1.0,2.0,False,False,False,True,False,False,False,0
13.0,5.0,36.0,3.0,3,1.0,1.0,False,False,True,False,False,False,False,0
78.0,4.0,36.0,3.0,9,1.0,2.0,True,True,False,False,False,False,False,0
80.0,1.0,36.0,3.0,1,1.0,2.0,False,False,False,True,False,False,False,0
78.0,1.0,36.0,3.0,2,1.0,2.0,True,False,False,True,False,False,False,0
45.0,1.0,56.0,1.0,1,1.0,2.0,False,False,False,False,False,False,False,0
47.0,1.0,40.0,1.0,2,1.0,2.0,True,False,False,True,False,False,False,0
26.0,5.0,20.0,1.0,3,1.0,2.0,True,False,False,True,False,False,False,0
24.0,5.0,36.0,3.0,3,1.0,2.0,False,False,False,True,False,False,False,0
10.0,5.0,36.0,3.0,3,1.0,1.0,False,False,False,False,False,False,False,0
50.0,1.0,42.0,1.0,1,1.0,2.0,False,False,True,False,False,False,False,0
46.0,1.0,36.0,1.0,2,1.0,2.0,True,False,False,True,False,False,False,0
55.0,2.0,36.0,3.0,2,1.0,2.0,True,True,False,False,False,False,False,0
24.0,5.0,40.0,1.0,3,1.0,2.0,True,False,False,False,False,True,False,0
23.0,5.0,35.0,1.0,4,1.0,2.0,True,False,False,False,False,True,False,0
28.0,5.0,48.0,1.0,3,1.0,2.0,False,False,False,True,False,False,False,0
25.0,5.0,18.0,1.0,3,1.0,2.0,False,False,False,True,False,False,False,0
49.0,3.0,45.0,1.0,1,1.0,2.0,True,False,False,False,False,True,False,0
19.0,5.0,14.0,1.0,3,1.0,2.0,False,False,False,True,False,False,False,0
22.0,5.0,60.0,1.0,3,1.0,2.0,False,False,False,True,False,False,False,0
63.0,4.0,36.0,3.0,1,1.0,2.0,True,False,False,False,False,True,False,0
75.0,2.0,36.0,3.0,1,1.0,3.0,False,False,False,False,False,False,True,0
67.0,2.0,36.0,3.0,2,1.0,2.0,True,False,False,True,False,False,False,0
28.0,5.0,42.0,1.0,3,1.0,2.0,False,False,False,False,False,True,False,0
60.0,2.0,8.0,1.0,1,1.0,2.0,True,False,False,False,False,False,False,0
52.0,2.0,36.0,1.0,1,1.0,2.0,False,False,False,True,False,False,False,0
50.0,2.0,0.0,1.0,2,1.0,2.0,True,False,False,False,False,True,False,0
21.0,5.0,36.0,3.0,3,1.0,1.0,True,False,False,False,True,False,False,0
23.0,5.0,36.0,3.0,3,1.0,2.0,False,False,False,True,False,False,False,0
90.0,2.0,36.0,3.0,1,1.0,2.0,False,False,False,False,False,True,False,0
72.0,2.0,36.0,3.0,2,1.0,2.0,True,False,False,True,False,False,False,0
20.0,5.0,36.0,3.0,1,1.0,1.0,True,False,False,False,True,False,False,0
52.0,2.0,40.0,1.0,1,1.0,2.0,False,False,False,True,False,False,False,0
49.0,2.0,40.0,1.0,2,1.0,2.0,True,False,False,True,False,False,False,0
17.0,5.0,36.0,3.0,3,1.0,1.0,True,False,True,False,False,False,False,0
53.0,5.0,34.0,1.0,1,1.0,2.0,True,True,False,False,False,False,False,0
16.0,5.0,36.0,3.0,3,1.0,1.0,True,False,True,False,False,False,False,0
35.0,2.0,20.0,1.0,1,1.0,2.0,False,False,False,False,False,True,False,0
28.0,2.0,25.0,1.0,2,1.0,2.0,True,False,False,False,False,True,False,0
46.0,2.0,30.0,1.0,2,1.0,2.0,False,False,True,False,False,False,False,0
16.0,5.0,36.0,3.0,3,1.0,1.0,True,False,True,False,False,False,False,0
14.0,5.0,36.0,3.0,3,1.0,1.0,False,False,True,False,False,False,False,0
10.0,5.0,36.0,3.0,3,1.0,1.0,False,False,False,False,False,False,False,0
2.0,5.0,36.0,4.0,3,2.0,3.0,False,False,False,False,False,False,True,0
21.0,5.0,36.0,3.0,3,1.0,2.0,True,False,True,False,False,False,False,0
5.0,5.0,36.0,4.0,5,1.0,1.0,False,False,False,False,False,False,True,0
64.0,3.0,0.0,1.0,1,1.0,2.0,False,False,False,False,False,True,False,0
60.0,1.0,40.0,1.0,1,1.0,2.0,False,False,False,True,False,False,False,0
56.0,1.0,40.0,1.0,2,1.0,2.0,True,True,False,False,False,False,False,0
36.0,1.0,40.0,1.0,3,1.0,2.0,False,False,False,True,False,False,False,0
30.0,1.0,36.0,3.0,4,1.0,1.0,True,False,False,False,True,False,False,0
42.0,2.0,40.0,1.0,1,1.0,2.0,True,False,False,False,False,True,False,0
47.0,2.0,68.0,1.0,2,1.0,2.0,False,False,False,True,False,False,False,0
16.0,5.0,36.0,3.0,3,1.0,1.0,False,False,True,False,False,False,False,0
13.0,5.0,36.0,3.0,3,1.0,1.0,False,False,True,False,False,False,False,0
30.0,5.0,12.0,1.0,1,1.0,2.0,False,False,False,False,True,False,False,0
58.0,2.0,36.0,3.0,1,1.0,2.0,False,False,False,True,False,False,False,0
55.0,2.0,45.0,1.0,2,1.0,2.0,True,False,False,False,True,False,False,0
26.0,1.0,18.0,1.0,4,1.0,2.0,False,True,False,False,False,False,False,0
45.0,5.0,50.0,1.0,3,1.0,2.0,False,False,True,False,False,False,False,0
1.0,5.0,36.0,4.0,5,3.0,2.0,False,False,False,False,False,False,True,0
42.0,1.0,25.0,1.0,2,1.0,2.0,True,False,True,False,False,False,False,0
72.0,3.0,60.0,1.0,1,1.0,2.0,True,False,False,True,False,False,False,0
42.0,5.0,60.0,1.0,3,2.0,1.0,False,False,False,False,False,False,False,0
35.0,1.0,15.0,1.0,3,1.0,2.0,True,False,False,True,False,False,False,0
35.0,1.0,45.0,1.0,4,1.0,2.0,False,False,False,True,False,False,False,0
8.0,5.0,36.0,4.0,5,1.0,1.0,False,False,False,False,False,False,False,0
7.0,5.0,36.0,4.0,5,1.0,1.0,True,False,False,False,False,False,False,0
63.0,2.0,48.0,1.0,2,1.0,2.0,False,False,False,False,False,False,False,0
26.0,5.0,36.0,2.0,3,1.0,2.0,True,False,False,False,False,True,False,0
67.0,2.0,36.0,3.0,1,1.0,2.0,True,False,False,False,False,True,False,0
70.0,2.0,36.0,3.0,2,1.0,2.0,False,False,False,False,False,True,False,0
37.0,5.0,48.0,1.0,3,1.0,2.0,True,False,False,False,True,False,False,0
52.0,3.0,40.0,1.0,1,1.0,2.0,False,False,True,False,False,False,False,0
30.0,1.0,36.0,3.0,3,1.0,2.0,False,False,True,False,False,False,False,0
25.0,5.0,36.0,2.0,3,1.0,2.0,True,False,False,False,True,False,False,0
22.0,5.0,36.0,3.0,3,1.0,2.0,True,False,True,False,False,False,False,0
19.0,5.0,36.0,2.0,3,1.0,2.0,True,False,False,True,False,False,False,0
24.0,1.0,30.0,1.0,1,1.0,1.0,False,False,False,False,True,False,False,0
37.0,1.0,30.0,1.0,2,1.0,2.0,True,False,False,False,False,True,False,0
60.0,1.0,36.0,3.0,1,1.0,2.0,True,False,False,False,False,False,False,0
60.0,1.0,36.0,1.0,2,1.0,2.0,False,True,False,False,False,False,False,0
26.0,5.0,48.0,1.0,3,1.0,2.0,True,True,False,False,False,False,False,0
7.0,5.0,36.0,4.0,5,1.0,1.0,True,False,False,False,False,False,False,0
34.0,5.0,36.0,4.0,5,3.0,2.0,False,False,False,False,False,False,True,0
63.0,4.0,36.0,3.0,1,1.0,2.0,True,False,False,True,False,False,False,0
55.0,1.0,36.0,3.0,1,1.0,2.0,False,False,False,False,True,False,False,0
50.0,1.0,9.0,1.0,2,1.0,2.0,True,True,False,False,False,False,False,0
44.0,3.0,44.0,1.0,1,1.0,1.0,False,False,False,False,True,False,False,0
40.0,5.0,36.0,1.0,1,1.0,2.0,False,False,False,True,False,False,False,0
76.0,4.0,36.0,3.0,6,1.0,2.0,True,True,False,False,False,False,False,0
53.0,4.0,58.0,1.0,1,1.0,2.0,True,False,False,True,False,False,False,0
26.0,5.0,36.0,2.0,3,1.0,1.0,True,False,False,False,True,False,False,0
19.0,5.0,25.0,1.0,3,1.0,2.0,True,False,False,True,False,False,False,0
5.0,5.0,36.0,4.0,5,1.0,1.0,False,False,False,False,False,False,False,0
54.0,2.0,44.0,1.0,1,1.0,2.0,True,False,False,True,False,False,False,0
56.0,2.0,50.0,1.0,2,1.0,2.0,False,False,True,False,False,False,False,0
29.0,5.0,40.0,1.0,3,1.0,2.0,True,False,False,True,False,False,False,0
25.0,5.0,25.0,1.0,3,1.0,2.0,False,False,False,True,False,False,False,0
8.0,5.0,36.0,4.0,5,1.0,1.0,False,False,False,False,False,False,False,0
62.0,2.0,12.0,1.0,1,1.0,2.0,False,True,False,False,False,False,False,0
61.0,2.0,12.0,1.0,2,1.0,2.0,True,True,False,False,False,False,False,0
34.0,5.0,12.0,1.0,3,1.0,2.0,False,False,False,False,True,False,False,0
69.0,2.0,36.0,3.0,1,1.0,2.0,True,True,False,False,False,False,False,0
44.0,5.0,0.0,1.0,3,1.0,2.0,True,False,False,True,False,False,False,0
42.0,1.0,40.0,1.0,3,1.0,2.0,True,False,False,True,False,False,False,0
70.0,2.0,36.0,3.0,2,1.0,2.0,False,True,False,False,False,False,False,0
42.0,1.0,48.0,1.0,4,1.0,2.0,False,False,False,True,False,False,False,0
13.0,5.0,36.0,3.0,5,1.0,1.0,True,False,True,False,False,False,False,0
16.0,5.0,36.0,3.0,5,1.0,1.0,False,False,True,False,False,False,False,0
7.0,5.0,36.0,4.0,5,1.0,1.0,True,False,False,False,False,False,False,0
39.0,2.0,8.0,1.0,1,1.0,2.0,True,False,False,True,False,False,False,0
42.0,2.0,40.0,1.0,2,1.0,2.0,False,False,False,True,False,False,False,0
7.0,5.0,36.0,4.0,3,1.0,1.0,False,False,False,False,False,False,False,0
57.0,1.0,60.0,1.0,1,1.0,2.0,False,False,False,False,False,False,False,0
51.0,1.0,24.0,1.0,2,1.0,2.0,True,False,True,False,False,False,False,0
27.0,5.0,60.0,1.0,3,1.0,2.0,True,True,False,False,False,False,False,0
25.0,5.0,48.0,1.0,3,1.0,2.0,False,True,False,False,False,False,False,0
23.0,5.0,40.0,1.0,3,1.0,1.0,True,False,False,False,True,False,False,0
61.0,2.0,30.0,1.0,1,1.0,2.0,False,False,False,False,False,True,False,0
51.0,1.0,25.0,1.0,1,1.0,2.0,False,False,True,False,False,False,False,0
12.0,5.0,36.0,3.0,3,1.0,1.0,True,False,False,False,False,False,False,0
56.0,1.0,22.0,1.0,1,1.0,2.0,False,False,True,False,False,False,False,0
54.0,1.0,3.0,1.0,2,1.0,2.0,True,False,False,False,False,False,False,0
38.0,5.0,36.0,3.0,3,1.0,2.0,True,False,True,False,False,False,False,0
36.0,5.0,32.0,1.0,3,1.0,2.0,True,False,False,True,False,False,False,0
19.0,5.0,36.0,3.0,5,1.0,1.0,True,False,True,False,False,False,False,0
17.0,5.0,36.0,3.0,5,1.0,2.0,True,False,True,False,False,False,False,0
10.0,5.0,36.0,3.0,5,1.0,1.0,False,False,False,False,False,False,False,0
19.0,5.0,36.0,2.0,3,1.0,2.0,False,False,False,True,False,False,False,0
79.0,2.0,36.0,3.0,1,1.0,2.0,False,False,False,True,False,False,False,0
82.0,2.0,36.0,3.0,2,1.0,2.0,True,False,False,True,False,False,False,0
74.0,1.0,36.0,3.0,1,1.0,2.0,True,False,False,True,False,False,False,0
67.0,1.0,36.0,3.0,2,1.0,2.0,False,True,False,False,False,False,False,0
71.0,2.0,15.0,1.0,1,1.0,2.0,False,False,False,True,False,False,False,0
40.0,2.0,72.0,1.0,1,1.0,2.0,False,False,False,True,False,False,False,0
36.0,2.0,40.0,1.0,2,1.0,2.0,True,False,False,True,False,False,False,0
16.0,5.0,36.0,3.0,3,1.0,1.0,True,False,True,False,False,False,False,0
13.0,5.0,36.0,3.0,3,1.0,1.0,False,False,True,False,False,False,False,0
6.0,5.0,36.0,4.0,3,1.0,1.0,True,False,False,False,False,False,False,0
66.0,1.0,36.0,3.0,1,1.0,2.0,False,True,False,False,False,False,False,0
65.0,1.0,36.0,3.0,2,1.0,2.0,True,False,True,False,False,False,False,0
48.0,5.0,50.0,1.0,3,1.0,2.0,False,False,True,False,False,False,False,0
39.0,5.0,65.0,1.0,3,1.0,2.0,False,False,True,False,False,False,False,0
84.0,4.0,36.0,3.0,1,1.0,2.0,True,False,True,False,False,False,False,0
79.0,4.0,36.0,3.0,1,1.0,2.0,True,False,False,True,False,False,False,0
43.0,5.0,48.0,1.0,3,1.0,2.0,False,False,False,False,False,True,False,0
51.0,2.0,36.0,3.0,1,1.0,2.0,False,False,False,True,False,False,False,0
45.0,2.0,30.0,1.0,2,1.0,2.0,True,False,False,False,False,True,False,0
22.0,5.0,0.0,1.0,3,1.0,2.0,True,False,False,False,False,True,False,0
18.0,5.0,36.0,3.0,3,1.0,1.0,True,False,False,False,True,False,False,0
15.0,5.0,36.0,3.0,3,1.0,1.0,False,False,True,False,False,False,False,0
54.0,2.0,35.0,1.0,1,1.0,2.0,True,False,False,False,False,True,False,0
63.0,2.0,45.0,1.0,2,1.0,2.0,False,False,False,True,False,False,False,0
13.0,5.0,36.0,3.0,3,1.0,2.0,False,True,False,False,False,False,False,0
83.0,4.0,36.0,3.0,6,1.0,2.0,True,True,False,False,False,False,False,0
80.0,5.0,36.0,3.0,7,1.0,2.0,True,True,False,False,False,False,False,0
66.0,2.0,4.0,1.0,1,1.0,2.0,True,True,False,False,False,False,False,0
69.0,2.0,36.0,3.0,2,1.0,2.0,False,True,False,False,False,False,False,0
39.0,1.0,28.0,1.0,1,1.0,2.0,False,True,False,False,False,False,False,0
40.0,1.0,29.0,1.0,2,1.0,2.0,True,False,True,False,False,False,False,0
39.0,5.0,45.0,1.0,1,1.0,2.0,True,False,False,False,False,True,False,0
15.0,5.0,36.0,3.0,3,1.0,2.0,True,False,True,False,False,False,False,0
13.0,5.0,36.0,3.0,3,1.0,1.0,True,False,True,False,False,False,False,0
24.0,1.0,50.0,1.0,4,1.0,2.0,True,False,False,True,False,False,False,0
2.0,5.0,36.0,4.0,5,2.0,3.0,False,False,False,False,False,False,True,0
70.0,4.0,36.0,3.0,1,1.0,2.0,False,True,False,False,False,False,False,0
67.0,2.0,36.0,3.0,1,1.0,2.0,False,True,False,False,False,False,False,0
60.0,2.0,36.0,3.0,2,1.0,2.0,True,True,False,False,False,False,False,0
49.0,5.0,36.0,3.0,1,1.0,2.0,True,False,True,False,False,False,False,0
15.0,5.0,36.0,3.0,3,1.0,1.0,False,False,True,False,False,False,False,0
24.0,5.0,36.0,3.0,3,1.0,1.0,False,False,False,False,False,False,False,0
65.0,1.0,40.0,1.0,1,1.0,2.0,False,True,False,False,False,False,False,0
67.0,1.0,48.0,1.0,2,1.0,2.0,True,True,False,False,False,False,False,0
34.0,5.0,48.0,1.0,3,1.0,2.0,False,False,False,True,False,False,False,0
63.0,3.0,36.0,3.0,9,1.0,2.0,True,True,False,False,False,False,False,0
23.0,5.0,26.0,1.0,3,1.0,2.0,False,False,True,False,False,False,False,0
61.0,2.0,36.0,3.0,1,1.0,2.0,False,False,True,False,False,False,False,0
53.0,2.0,35.0,1.0,2,1.0,2.0,True,False,True,False,False,False,False,0
36.0,5.0,44.0,1.0,3,1.0,2.0,False,False,True,False,False,False,False,0
29.0,1.0,40.0,1.0,1,1.0,1.0,True,False,False,False,True,False,False,0
30.0,1.0,40.0,1.0,2,1.0,2.0,False,False,False,True,False,False,False,0
44.0,1.0,36.0,3.0,1,1.0,2.0,True,False,False,True,False,False,False,0
49.0,1.0,36.0,2.0,2,1.0,2.0,False,True,False,False,False,False,False,0
18.0,5.0,36.0,3.0,3,1.0,1.0,False,False,True,False,False,False,False,0
64.0,4.0,36.0,3.0,1,1.0,2.0,False,False,True,False,False,False,False,0
36.0,5.0,40.0,1.0,3,1.0,2.0,True,False,False,False,False,True,False,0
45.0,1.0,0.0,1.0,1,1.0,2.0,True,False,True,False,False,False,False,0
49.0,1.0,36.0,1.0,2,1.0,2.0,False,False,False,True,False,False,False,0
21.0,5.0,36.0,3.0,3,1.0,1.0,False,False,False,False,True,False,False,0
18.0,5.0,36.0,3.0,3,1.0,2.0,True,False,False,True,False,False,False,0
18.0,5.0,36.0,3.0,3,1.0,1.0,False,False,True,False,False,False,False,0
53.0,2.0,36.0,3.0,2,1.0,2.0,True,False,False,False,False,True,False,0
42.0,2.0,8.0,1.0,1,1.0,2.0,False,False,False,False,False,True,False,0
42.0,2.0,25.0,1.0,2,1.0,2.0,True,False,False,False,False,True,False,0
37.0,5.0,15.0,1.0,8,1.0,2.0,True,False,False,True,False,False,False,0
13.0,5.0,36.0,3.0,9,1.0,1.0,False,False,False,False,False,False,False,0
71.0,2.0,36.0,3.0,2,1.0,2.0,True,False,False,True,False,False,False,0
49.0,5.0,36.0,2.0,1,1.0,2.0,False,False,False,False,False,False,False,0
63.0,1.0,24.0,1.0,1,1.0,2.0,False,True,False,False,False,False,False,0
61.0,1.0,36.0,3.0,2,1.0,2.0,True,True,False,False,False,False,False,0
30.0,1.0,18.0,1.0,3,1.0,2.0,True,False,False,True,False,False,False,0
28.0,1.0,28.0,1.0,4,1.0,2.0,False,True,False,False,False,False,False,0
34.0,1.0,23.0,1.0,3,1.0,2.0,False,False,False,True,False,False,False,0
30.0,1.0,36.0,3.0,4,1.0,2.0,True,False,False,True,False,False,False,0
2.0,5.0,36.0,4.0,5,2.0,3.0,False,False,False,False,False,False,True,0
86.0,4.0,36.0,3.0,1,1.0,2.0,True,False,False,False,False,True,False,0
20.0,5.0,36.0,3.0,1,1.0,1.0,True,False,False,False,True,False,False,0
86.0,4.0,36.0,3.0,1,1.0,2.0,True,False,False,False,False,True,False,0
74.0,4.0,36.0,3.0,1,1.0,2.0,True,True,False,False,False,False,False,0
39.0,5.0,12.0,1.0,3,1.0,2.0,False,False,True,False,False,False,False,0
20.0,5.0,36.0,2.0,3,1.0,2.0,False,False,False,False,True,False,False,0
49.0,3.0,24.0,1.0,1,1.0,2.0,True,False,True,False,False,False,False,0
21.0,5.0,48.0,1.0,3,1.0,2.0,False,False,True,False,False,False,False,0
20.0,5.0,48.0,1.0,3,1.0,2.0,True,False,True,False,False,False,False,0
19.0,5.0,24.0,1.0,3,1.0,2.0,True,False,False,True,False,False,False,0
16.0,5.0,36.0,3.0,3,1.0,1.0,True,False,True,False,False,False,False,0
37.0,1.0,52.0,1.0,1,1.0,2.0,False,False,True,False,False,False,False,0
30.0,1.0,45.0,1.0,2,1.0,2.0,True,False,False,False,False,True,False,0
29.0,1.0,44.0,1.0,1,1.0,2.0,False,False,True,False,False,False,False,0
32.0,1.0,36.0,3.0,2,1.0,2.0,True,False,False,True,False,False,False,0
10.0,5.0,36.0,3.0,3,1.0,1.0,True,False,False,False,False,False,False,0
9.0,5.0,36.0,4.0,3,1.0,1.0,True,False,False,False,False,False,False,0
86.0,5.0,36.0,3.0,1,1.0,2.0,True,False,False,False,False,False,False,0
56.0,3.0,70.0,1.0,3,1.0,2.0,True,True,False,False,False,False,False,0
29.0,5.0,36.0,3.0,5,1.0,1.0,True,False,False,False,True,False,False,0
26.0,5.0,36.0,3.0,5,1.0,2.0,False,False,False,True,False,False,False,0
10.0,5.0,36.0,3.0,5,1.0,1.0,False,False,False,False,False,False,False,0
49.0,2.0,40.0,1.0,1,1.0,2.0,False,False,True,False,False,False,False,0
44.0,2.0,18.0,1.0,2,1.0,2.0,True,True,False,False,False,False,False,0
20.0,5.0,48.0,1.0,3,1.0,2.0,True,False,False,True,False,False,False,0
30.0,1.0,48.0,1.0,4,1.0,2.0,False,False,True,False,False,False,False,0
25.0,5.0,48.0,1.0,3,1.0,2.0,True,False,True,False,False,False,False,0
3.0,5.0,36.0,4.0,5,2.0,1.0,True,False,False,False,False,False,True,0
53.0,3.0,20.0,1.0,1,1.0,2.0,True,True,False,False,False,False,False,0
29.0,1.0,20.0,1.0,3,1.0,2.0,True,False,True,False,False,False,False,0
49.0,5.0,20.0,1.0,1,1.0,2.0,False,True,False,False,False,False,False,0
19.0,5.0,36.0,3.0,3,1.0,1.0,True,False,True,False,False,False,False,0
76.0,3.0,36.0,3.0,1,1.0,2.0,False,True,False,False,False,False,False,0
37.0,1.0,36.0,1.0,1,1.0,2.0,False,False,False,True,False,False,False,0
87.0,4.0,36.0,3.0,1,1.0,2.0,False,True,False,False,False,False,False,0
60.0,5.0,36.0,3.0,1,1.0,2.0,True,False,False,True,False,False,False,0
24.0,5.0,2.0,1.0,3,1.0,1.0,False,False,False,False,True,False,False,0
73.0,2.0,25.0,1.0,1,1.0,2.0,False,False,False,False,False,True,False,0
45.0,2.0,36.0,3.0,2,1.0,2.0,True,False,True,False,False,False,False,0
21.0,5.0,20.0,1.0,3,1.0,2.0,False,False,False,False,False,True,False,0
16.0,5.0,36.0,3.0,3,1.0,2.0,True,False,False,False,False,False,False,0
63.0,4.0,60.0,1.0,1,1.0,2.0,True,False,True,False,False,False,False,0
38.0,5.0,24.0,1.0,3,1.0,2.0,True,False,False,True,False,False,False,0
28.0,5.0,0.0,1.0,3,1.0,2.0,True,False,False,True,False,False,False,0
24.0,5.0,30.0,1.0,3,1.0,2.0,False,False,True,False,False,False,False,0
35.0,1.0,0.0,1.0,1,1.0,2.0,False,False,False,True,False,False,False,0
34.0,1.0,0.0,1.0,2,1.0,2.0,True,False,False,True,False,False,False,0
1.0,5.0,36.0,4.0,5,3.0,2.0,False,False,False,False,False,False,True,0
37.0,3.0,36.0,3.0,1,1.0,2.0,True,False,True,False,False,False,False,0
12.0,5.0,36.0,3.0,3,1.0,1.0,False,False,True,False,False,False,False,0
46.0,2.0,48.0,1.0,1,1.0,2.0,False,False,False,True,False,False,False,0
46.0,2.0,40.0,1.0,2,1.0,2.0,True,False,False,False,False,True,False,0
17.0,5.0,36.0,3.0,3,1.0,1.0,True,False,False,False,True,False,False,0
12.0,5.0,36.0,3.0,3,1.0,1.0,False,False,False,False,False,False,False,0
74.0,2.0,36.0,3.0,1,1.0,2.0,False,False,False,False,False,False,False,0
69.0,2.0,36.0,3.0,2,1.0,2.0,True,False,False,False,False,False,False,0
27.0,5.0,42.0,1.0,3,1.0,1.0,False,False,False,False,True,False,False,0
70.0,2.0,0.0,1.0,2,1.0,2.0,False,False,False,False,False,True,False,0
62.0,2.0,36.0,3.0,1,1.0,2.0,True,False,False,False,False,True,False,0
43.0,5.0,36.0,1.0,1,1.0,2.0,False,False,False,True,False,False,False,0
71.0,2.0,36.0,3.0,1,1.0,2.0,True,False,False,True,False,False,False,0
69.0,2.0,40.0,1.0,2,1.0,2.0,False,False,False,True,False,False,False,0
36.0,2.0,40.0,1.0,1,1.0,2.0,False,False,False,False,False,True,False,0
34.0,2.0,0.0,1.0,2,1.0,2.0,True,False,False,False,False,True,False,0
3.0,5.0,36.0,4.0,3,2.0,1.0,True,False,False,False,False,False,True,0
58.0,5.0,28.0,1.0,1,1.0,2.0,False,False,False,False,False,True,False,0
21.0,5.0,13.0,1.0,3,1.0,2.0,False,False,False,False,False,True,False,0
65.0,2.0,36.0,3.0,1,1.0,2.0,False,True,False,False,False,False,False,0
70.0,2.0,36.0,3.0,1,1.0,2.0,True,False,True,False,False,False,False,0
58.0,2.0,36.0,3.0,1,1.0,2.0,False,False,False,True,False,False,False,0
57.0,2.0,36.0,1.0,2,1.0,2.0,True,False,False,False,False,True,False,0
22.0,5.0,30.0,1.0,3,1.0,1.0,False,False,False,False,True,False,False,0
19.0,5.0,36.0,3.0,3,1.0,1.0,False,False,False,False,True,False,False,0
71.0,2.0,36.0,3.0,1,1.0,2.0,False,True,False,False,False,False,False,0
67.0,2.0,36.0,3.0,2,1.0,2.0,True,True,False,False,False,False,False,0
49.0,1.0,48.0,1.0,1,1.0,2.0,False,False,False,False,False,True,False,0
40.0,1.0,36.0,3.0,2,1.0,2.0,True,False,False,False,False,True,False,0
14.0,5.0,36.0,3.0,3,1.0,1.0,False,False,True,False,False,False,False,0
9.0,5.0,36.0,4.0,3,1.0,1.0,True,False,False,False,False,False,False,0
91.0,4.0,36.0,3.0,1,1.0,2.0,True,False,False,True,False,False,False,0
61.0,5.0,18.0,1.0,3,1.0,2.0,False,False,False,True,False,False,False,0
55.0,2.0,50.0,1.0,1,1.0,2.0,True,False,False,True,False,False,False,0
55.0,2.0,50.0,1.0,2,1.0,2.0,False,False,False,False,False,True,False,0
38.0,1.0,36.0,1.0,2,1.0,2.0,True,False,False,True,False,False,False,0
19.0,5.0,36.0,2.0,3,1.0,1.0,False,False,False,False,True,False,False,0
5.0,5.0,36.0,4.0,3,2.0,1.0,False,False,False,False,False,False,True,0
48.0,2.0,48.0,1.0,1,1.0,2.0,False,False,False,True,False,False,False,0
37.0,2.0,36.0,3.0,2,1.0,2.0,True,False,False,False,False,True,False,0
71.0,4.0,36.0,3.0,7,1.0,2.0,True,False,False,False,False,True,False,0
17.0,5.0,36.0,3.0,3,1.0,1.0,True,False,True,False,False,False,False,0
11.0,5.0,36.0,3.0,3,1.0,1.0,False,False,False,False,False,False,False,0
9.0,5.0,36.0,4.0,3,1.0,1.0,False,False,False,False,False,False,False,0
51.0,1.0,18.0,1.0,1,1.0,2.0,True,False,False,True,False,False,False,0
57.0,1.0,30.0,1.0,2,1.0,2.0,False,False,False,True,False,False,False,0
43.0,2.0,70.0,1.0,1,1.0,2.0,True,True,False,False,False,False,False,0
45.0,2.0,36.0,1.0,2,1.0,2.0,False,True,False,False,False,False,False,0
20.0,5.0,36.0,1.0,3,1.0,2.0,False,False,True,False,False,False,False,0
16.0,5.0,36.0,3.0,3,1.0,2.0,True,False,True,False,False,False,False,0
9.0,5.0,36.0,4.0,3,1.0,1.0,True,False,False,False,False,False,False,0
7.0,5.0,36.0,4.0,3,1.0,1.0,False,False,False,False,False,False,False,0
43.0,2.0,44.0,1.0,1,1.0,2.0,False,False,False,True,False,False,False,0
44.0,2.0,24.0,1.0,2,1.0,2.0,True,False,False,False,True,False,False,0
14.0,5.0,36.0,3.0,3,1.0,1.0,False,False,True,False,False,False,False,0
9.0,5.0,36.0,4.0,3,1.0,1.0,True,False,False,False,False,False,False,0
27.0,1.0,18.0,1.0,1,1.0,2.0,False,True,False,False,False,False,False,0
26.0,1.0,18.0,1.0,2,1.0,1.0,True,False,False,False,True,False,False,0
45.0,1.0,36.0,1.0,1,1.0,2.0,False,False,False,False,True,False,False,0
46.0,1.0,31.0,1.0,2,1.0,2.0,True,False,False,False,False,True,False,0
13.0,5.0,36.0,3.0,3,1.0,1.0,True,False,True,False,False,False,False,0
10.0,5.0,36.0,3.0,3,1.0,1.0,True,False,False,False,False,False,False,0
62.0,4.0,36.0,3.0,1,1.0,2.0,True,False,False,False,False,True,False,0
30.0,5.0,40.0,1.0,3,1.0,2.0,False,False,False,False,False,True,False,0
19.0,5.0,36.0,3.0,3,1.0,1.0,True,False,False,False,True,False,False,0
32.0,5.0,18.0,1.0,3,1.0,2.0,False,False,False,False,False,True,False,0
3.0,5.0,36.0,4.0,5,2.0,1.0,False,False,False,False,False,False,True,0
16.0,5.0,36.0,3.0,5,1.0,1.0,False,False,True,False,False,False,False,0
51.0,4.0,36.0,3.0,1,1.0,2.0,True,False,False,True,False,False,False,0
27.0,1.0,40.0,1.0,3,1.0,2.0,True,False,False,True,False,False,False,0
27.0,1.0,40.0,1.0,4,1.0,2.0,False,False,False,False,True,False,False,0
69.0,4.0,2.0,1.0,1,1.0,2.0,True,False,False,True,False,False,False,0
43.0,3.0,36.0,3.0,1,1.0,2.0,False,False,False,True,False,False,False,0
42.0,1.0,30.0,1.0,1,1.0,2.0,False,False,False,False,False,False,False,0
30.0,1.0,36.0,3.0,2,1.0,2.0,True,False,True,False,False,False,False,0
9.0,5.0,36.0,4.0,3,1.0,1.0,True,False,False,False,False,False,False,0
2.0,5.0,36.0,4.0,3,2.0,3.0,True,False,False,False,False,False,True,0
58.0,3.0,48.0,1.0,1,1.0,2.0,True,False,False,False,False,True,False,0
28.0,5.0,60.0,1.0,1,1.0,2.0,False,True,False,False,False,False,False,0
51.0,5.0,36.0,3.0,6,1.0,2.0,True,True,False,False,False,False,False,0
79.0,2.0,48.0,1.0,1,1.0,2.0,False,False,False,True,False,False,False,0
43.0,2.0,36.0,3.0,2,1.0,2.0,True,False,False,True,False,False,False,0
18.0,5.0,36.0,3.0,3,1.0,1.0,True,False,False,False,True,False,False,0
14.0,5.0,36.0,3.0,3,1.0,1.0,False,False,True,False,False,False,False,0
5.0,5.0,36.0,4.0,3,2.0,1.0,True,False,False,False,False,False,True,0
52.0,2.0,55.0,1.0,1,1.0,2.0,False,False,False,True,False,False,False,0
54.0,2.0,55.0,1.0,2,1.0,2.0,True,False,False,True,False,False,False,0
18.0,5.0,36.0,3.0,3,1.0,1.0,False,False,True,False,False,False,False,0
75.0,4.0,36.0,3.0,1,1.0,2.0,True,False,False,True,False,False,False,0
60.0,1.0,36.0,3.0,1,1.0,2.0,True,False,False,True,False,False,False,0
64.0,1.0,36.0,3.0,2,1.0,2.0,False,False,False,True,False,False,False,0
89.0,4.0,36.0,3.0,6,1.0,2.0,True,True,False,False,False,False,False,0
49.0,2.0,36.0,3.0,1,1.0,2.0,False,False,False,False,False,False,False,0
46.0,2.0,36.0,3.0,2,1.0,2.0,True,False,False,False,False,False,False,0
22.0,5.0,36.0,3.0,3,1.0,2.0,True,False,True,False,False,False,False,0
21.0,5.0,36.0,3.0,3,1.0,2.0,True,False,False,True,False,False,False,0
18.0,5.0,36.0,3.0,3,1.0,1.0,True,False,True,False,False,False,False,0
14.0,5.0,36.0,3.0,3,1.0,1.0,False,False,True,False,False,False,False,0
12.0,5.0,36.0,3.0,3,1.0,1.0,False,False,True,False,False,False,False,0
8.0,5.0,36.0,4.0,3,1.0,1.0,True,False,False,False,False,False,False,0
62.0,2.0,40.0,1.0,2,1.0,2.0,True,False,False,True,False,False,False,0
24.0,5.0,40.0,1.0,3,1.0,2.0,True,False,False,True,False,False,False,0
40.0,5.0,36.0,3.0,3,1.0,2.0,False,True,False,False,False,False,False,0
55.0,1.0,8.0,1.0,1,1.0,2.0,True,True,False,False,False,False,False,0
65.0,1.0,36.0,3.0,2,1.0,2.0,False,True,False,False,False,False,False,0
18.0,5.0,36.0,3.0,3,1.0,2.0,True,False,False,True,False,False,False,0
40.0,2.0,45.0,1.0,1,1.0,2.0,True,False,False,False,False,True,False,0
40.0,2.0,45.0,1.0,2,1.0,2.0,True,False,False,False,False,True,False,0
34.0,5.0,36.0,4.0,3,3.0,2.0,True,False,False,False,False,False,True,0
77.0,4.0,36.0,3.0,1,1.0,2.0,False,False,False,False,False,False,False,0
27.0,1.0,40.0,1.0,1,1.0,2.0,True,False,False,True,False,False,False,0
28.0,1.0,54.0,1.0,2,1.0,2.0,False,False,False,False,True,False,False,0
28.0,5.0,42.0,1.0,3,1.0,2.0,False,False,False,False,True,False,False,0
24.0,5.0,36.0,3.0,3,1.0,2.0,False,False,True,False,False,False,False,0
59.0,5.0,56.0,1.0,9,1.0,2.0,False,True,False,False,False,False,False,0
29.0,5.0,36.0,3.0,9,1.0,2.0,True,True,False,False,False,False,False,0
50.0,5.0,56.0,1.0,9,1.0,2.0,False,False,False,True,False,False,False,0
78.0,4.0,36.0,3.0,1,1.0,2.0,True,True,False,False,False,False,False,0
48.0,3.0,36.0,2.0,3,1.0,2.0,True,False,False,True,False,False,False,0
4.0,5.0,36.0,4.0,3,2.0,1.0,False,False,False,False,False,False,True,0
52.0,4.0,44.0,1.0,1,1.0,2.0,True,False,False,True,False,False,False,0
27.0,5.0,36.0,2.0,3,1.0,2.0,False,False,True,False,False,False,False,0
32.0,5.0,40.0,1.0,3,1.0,2.0,True,False,False,True,False,False,False,0
15.0,5.0,36.0,3.0,5,1.0,1.0,True,False,True,False,False,False,False,0
31.0,5.0,44.0,1.0,3,1.0,2.0,False,False,False,True,False,False,False,0
22.0,1.0,40.0,1.0,3,1.0,1.0,False,False,True,False,False,False,False,0
68.0,4.0,0.0,1.0,1,1.0,2.0,False,True,False,False,False,False,False,0
45.0,3.0,48.0,1.0,1,1.0,2.0,False,False,False,True,False,False,False,0
20.0,5.0,28.0,1.0,3,1.0,2.0,False,False,True,False,False,False,False,0
26.0,5.0,40.0,1.0,3,1.0,1.0,True,False,False,False,True,False,False,0
45.0,2.0,27.0,1.0,1,1.0,2.0,True,False,False,False,True,False,False,0
46.0,2.0,0.0,1.0,2,1.0,2.0,False,False,False,False,False,True,False,0
24.0,5.0,0.0,1.0,3,1.0,1.0,False,False,False,False,True,False,False,0
20.0,5.0,30.0,1.0,3,1.0,1.0,False,False,False,False,True,False,False,0
79.0,2.0,36.0,3.0,1,1.0,2.0,True,False,False,False,False,True,False,0
86.0,2.0,36.0,3.0,2,1.0,2.0,False,False,False,False,False,True,False,0
19.0,1.0,36.0,3.0,1,1.0,2.0,True,False,True,False,False,False,False,0
23.0,1.0,60.0,1.0,2,1.0,2.0,False,False,True,False,False,False,False,0
34.0,5.0,36.0,4.0,3,3.0,2.0,True,False,False,False,False,False,True,0
39.0,1.0,20.0,1.0,1,1.0,2.0,False,False,False,False,True,False,False,0
38.0,1.0,40.0,1.0,2,1.0,2.0,True,False,False,False,False,True,False,0
3.0,5.0,36.0,4.0,3,2.0,1.0,True,False,False,False,False,False,True,0
61.0,1.0,36.0,3.0,1,1.0,2.0,True,True,False,False,False,False,False,0
44.0,1.0,46.0,1.0,2,1.0,2.0,False,True,False,False,False,False,False,0
39.0,2.0,36.0,3.0,3,1.0,2.0,True,False,False,False,False,True,False,0
44.0,2.0,30.0,1.0,4,1.0,2.0,False,True,False,False,False,False,False,0
17.0,5.0,36.0,3.0,5,2.0,2.0,False,False,False,False,False,False,False,0
5.0,5.0,36.0,4.0,5,2.0,1.0,True,False,False,False,False,False,False,0
60.0,3.0,36.0,3.0,1,1.0,2.0,True,True,False,False,False,False,False,0
40.0,1.0,36.0,3.0,3,1.0,2.0,True,False,True,False,False,False,False,0
33.0,1.0,0.0,1.0,4,1.0,2.0,False,False,True,False,False,False,False,0
14.0,5.0,36.0,3.0,5,1.0,1.0,False,False,True,False,False,False,False,0
61.0,2.0,72.0,1.0,1,1.0,2.0,False,False,False,True,False,False,False,0
60.0,2.0,72.0,1.0,2,1.0,2.0,True,False,False,True,False,False,False,0
89.0,5.0,36.0,3.0,1,1.0,2.0,True,False,False,False,False,True,False,0
80.0,2.0,36.0,3.0,9,1.0,2.0,False,False,False,True,False,False,False,0
66.0,2.0,36.0,3.0,9,1.0,2.0,True,False,False,True,False,False,False,0
86.0,5.0,36.0,3.0,8,1.0,2.0,True,False,False,False,False,True,False,0
94.0,5.0,36.0,3.0,1,1.0,2.0,True,False,False,False,False,False,False,0
32.0,5.0,20.0,1.0,1,1.0,2.0,False,False,False,True,False,False,False,0
24.0,5.0,36.0,3.0,8,1.0,1.0,True,False,False,False,True,False,False,0
22.0,5.0,35.0,1.0,5,1.0,2.0,False,False,False,True,False,False,False,0
19.0,5.0,36.0,3.0,5,1.0,1.0,True,False,False,False,True,False,False,0
15.0,5.0,36.0,3.0,5,1.0,1.0,True,False,True,False,False,False,False,0
25.0,1.0,27.0,1.0,1,1.0,1.0,True,False,False,False,True,False,False,0
29.0,1.0,45.0,1.0,2,1.0,1.0,False,False,False,False,True,False,False,0
9.0,5.0,36.0,4.0,3,1.0,1.0,False,False,False,False,False,False,False,0
44.0,1.0,72.0,1.0,1,1.0,2.0,False,False,True,False,False,False,False,0
38.0,1.0,48.0,1.0,2,1.0,2.0,True,False,False,True,False,False,False,0
17.0,5.0,10.0,1.0,3,1.0,1.0,False,False,True,False,False,False,False,0
14.0,5.0,36.0,3.0,3,1.0,1.0,False,False,True,False,False,False,False,0
36.0,5.0,36.0,2.0,1,1.0,2.0,True,False,False,False,False,True,False,0
31.0,5.0,30.0,1.0,1,1.0,2.0,False,False,False,False,False,True,False,0
67.0,5.0,36.0,3.0,6,1.0,2.0,True,False,False,False,False,False,False,0
21.0,1.0,36.0,2.0,4,1.0,1.0,True,False,True,False,False,False,False,0
2.0,5.0,36.0,4.0,5,2.0,3.0,False,False,False,False,False,False,True,0
3.0,5.0,36.0,4.0,5,2.0,3.0,True,False,False,False,False,False,True,0
39.0,2.0,0.0,1.0,1,1.0,2.0,False,False,True,False,False,False,False,0
37.0,2.0,36.0,3.0,2,1.0,2.0,True,False,False,False,False,True,False,0
28.0,5.0,0.0,1.0,9,1.0,2.0,False,False,False,True,False,False,False,0
62.0,3.0,36.0,3.0,1,1.0,2.0,True,True,False,False,False,False,False,0
25.0,5.0,20.0,1.0,3,1.0,2.0,True,False,False,True,False,False,False,0
27.0,5.0,36.0,3.0,3,1.0,2.0,True,False,False,True,False,False,False,0
26.0,5.0,36.0,2.0,3,1.0,2.0,True,False,False,True,False,False,False,0
64.0,4.0,36.0,3.0,1,1.0,2.0,True,True,False,False,False,False,False,0
26.0,5.0,70.0,1.0,3,1.0,2.0,False,False,False,False,True,False,False,0
88.0,4.0,36.0,3.0,1,1.0,2.0,False,True,False,False,False,False,False,0
34.0,2.0,36.0,2.0,1,1.0,2.0,True,True,False,False,False,False,False,0
14.0,5.0,36.0,3.0,3,1.0,1.0,False,False,True,False,False,False,False,0
26.0,5.0,12.0,1.0,1,1.0,1.0,True,False,False,False,True,False,False,0
39.0,2.0,36.0,1.0,8,1.0,2.0,True,False,False,True,False,False,False,0
48.0,2.0,54.0,1.0,10,1.0,2.0,False,False,False,True,False,False,False,0
18.0,5.0,36.0,3.0,10,1.0,1.0,True,False,False,False,True,False,False,0
54.0,5.0,36.0,2.0,1,1.0,2.0,False,True,False,False,False,False,False,0
46.0,3.0,40.0,1.0,1,1.0,1.0,False,False,False,False,True,False,False,0
77.0,4.0,36.0,3.0,1,1.0,2.0,False,True,False,False,False,False,False,0
51.0,2.0,36.0,2.0,1,1.0,2.0,False,False,True,False,False,False,False,0
50.0,2.0,36.0,2.0,2,1.0,2.0,True,False,True,False,False,False,False,0
54.0,2.0,50.0,1.0,1,1.0,2.0,False,False,True,False,False,False,False,0
51.0,2.0,50.0,1.0,2,1.0,1.0,True,False,False,False,True,False,False,0
21.0,5.0,24.0,1.0,3,1.0,1.0,True,False,False,False,True,False,False,0
66.0,5.0,36.0,3.0,1,1.0,2.0,True,False,False,False,False,True,False,0
63.0,1.0,36.0,3.0,1,1.0,2.0,False,False,False,True,False,False,False,0
61.0,1.0,36.0,3.0,2,1.0,2.0,True,False,False,True,False,False,False,0
27.0,5.0,40.0,1.0,3,1.0,2.0,False,False,False,True,False,False,False,0
39.0,1.0,25.0,1.0,1,1.0,2.0,True,False,False,True,False,False,False,0
36.0,1.0,36.0,2.0,2,1.0,2.0,False,False,False,True,False,False,False,0
15.0,5.0,36.0,3.0,3,1.0,1.0,True,False,True,False,False,False,False,0
56.0,3.0,36.0,3.0,1,1.0,2.0,True,False,False,True,False,False,False,0
34.0,2.0,48.0,1.0,3,1.0,2.0,True,False,False,False,True,False,False,0
67.0,2.0,36.0,3.0,1,1.0,2.0,False,False,True,False,False,False,False,0
61.0,2.0,36.0,3.0,2,1.0,2.0,True,False,True,False,False,False,False,0
59.0,5.0,40.0,1.0,1,1.0,3.0,False,False,False,False,False,False,True,0
36.0,5.0,36.0,3.0,1,1.0,2.0,False,False,False,True,False,False,False,0
45.0,2.0,36.0,2.0,1,1.0,2.0,True,False,False,False,True,False,False,0
56.0,2.0,0.0,1.0,2,1.0,2.0,False,True,False,False,False,False,False,0
19.0,5.0,36.0,3.0,3,1.0,1.0,False,False,False,False,True,False,False,0
44.0,3.0,56.0,1.0,1,1.0,2.0,False,False,False,False,True,False,False,0
2.0,5.0,36.0,4.0,3,2.0,3.0,False,False,False,False,False,False,True,0
6.0,5.0,36.0,4.0,3,1.0,1.0,True,False,False,False,False,False,False,0
38.0,1.0,48.0,1.0,1,1.0,1.0,False,False,False,False,True,False,False,0
73.0,4.0,36.0,3.0,1,1.0,2.0,True,True,False,False,False,False,False,0
53.0,3.0,35.0,1.0,1,1.0,2.0,False,False,False,True,False,False,False,0
53.0,3.0,55.0,1.0,8,1.0,2.0,False,False,True,False,False,False,False,0
54.0,2.0,30.0,1.0,1,1.0,2.0,False,False,False,False,False,True,False,0
52.0,2.0,45.0,1.0,2,1.0,2.0,True,False,False,False,False,True,False,0
21.0,5.0,36.0,3.0,3,1.0,1.0,False,False,False,False,True,False,False,0
17.0,5.0,36.0,3.0,3,1.0,1.0,False,False,True,False,False,False,False,0
19.0,5.0,36.0,3.0,3,1.0,1.0,True,False,False,False,True,False,False,0
90.0,4.0,36.0,3.0,1,1.0,2.0,True,False,False,False,False,False,False,0
10.0,5.0,36.0,3.0,9,1.0,1.0,True,False,False,False,False,False,False,0
69.0,2.0,36.0,3.0,1,1.0,2.0,False,True,False,False,False,False,False,0
67.0,2.0,36.0,3.0,2,1.0,2.0,True,True,False,False,False,False,False,0
26.0,5.0,36.0,3.0,3,1.0,2.0,True,False,False,True,False,False,False,0
48.0,5.0,28.0,1.0,3,1.0,2.0,False,True,False,False,False,False,False,0
7.0,5.0,36.0,4.0,5,1.0,1.0,False,False,False,False,False,False,False,0
41.0,3.0,12.0,1.0,1,1.0,2.0,False,False,False,True,False,False,False,0
68.0,3.0,36.0,3.0,6,1.0,2.0,True,True,False,False,False,False,False,0
58.0,3.0,18.0,1.0,1,1.0,2.0,True,False,False,False,True,False,False,0
56.0,1.0,40.0,1.0,8,1.0,2.0,False,False,False,True,False,False,False,0
55.0,1.0,25.0,1.0,10,1.0,2.0,True,False,False,True,False,False,False,0
24.0,5.0,36.0,1.0,10,1.0,2.0,True,False,False,True,False,False,False,0
21.0,5.0,36.0,2.0,3,1.0,2.0,False,False,True,False,False,False,False,0
34.0,2.0,35.0,1.0,4,1.0,2.0,False,False,False,True,False,False,False,0
14.0,5.0,36.0,3.0,3,1.0,1.0,False,False,True,False,False,False,False,0
7.0,5.0,36.0,4.0,5,1.0,1.0,False,False,False,False,False,False,False,0
73.0,3.0,36.0,3.0,1,1.0,2.0,False,False,False,False,False,True,False,0
43.0,5.0,48.0,1.0,3,1.0,1.0,False,False,False,False,True,False,False,0
38.0,5.0,48.0,1.0,3,1.0,2.0,True,False,False,False,False,True,False,0
28.0,2.0,36.0,3.0,3,1.0,2.0,False,False,False,False,True,False,False,0
76.0,4.0,36.0,3.0,1,1.0,2.0,True,False,False,False,False,False,False,0
45.0,1.0,40.0,1.0,3,1.0,2.0,False,False,False,False,False,True,False,0
31.0,1.0,48.0,1.0,4,1.0,2.0,True,False,False,True,False,False,False,0
34.0,5.0,36.0,4.0,5,3.0,2.0,True,False,False,False,False,False,True,0
73.0,5.0,36.0,3.0,1,1.0,2.0,True,False,False,False,False,False,False,0
35.0,5.0,30.0,1.0,3,1.0,2.0,True,False,False,True,False,False,False,0
37.0,5.0,30.0,1.0,3,1.0,2.0,False,False,False,True,False,False,False,0
31.0,2.0,48.0,1.0,1,1.0,2.0,False,False,False,True,False,False,False,0
31.0,2.0,36.0,2.0,2,1.0,2.0,True,False,False,True,False,False,False,0
9.0,5.0,36.0,4.0,3,1.0,1.0,False,False,False,False,False,False,False,0
5.0,5.0,36.0,4.0,3,2.0,1.0,True,False,False,False,False,False,True,0
9.0,5.0,36.0,4.0,3,1.0,1.0,True,False,False,False,False,False,False,0
82.0,4.0,36.0,3.0,1,1.0,2.0,True,False,False,True,False,False,False,0
47.0,2.0,60.0,1.0,4,1.0,2.0,False,False,False,False,False,True,False,0
44.0,2.0,20.0,1.0,3,1.0,2.0,True,False,False,False,True,False,False,0
43.0,1.0,30.0,1.0,2,1.0,2.0,True,False,False,False,False,True,False,0
61.0,4.0,0.0,1.0,1,1.0,2.0,True,False,False,False,False,True,False,0
19.0,5.0,36.0,3.0,3,1.0,2.0,True,False,False,True,False,False,False,0
88.0,2.0,20.0,1.0,1,1.0,2.0,False,False,False,False,False,True,False,0
79.0,2.0,36.0,3.0,2,1.0,2.0,True,False,False,False,False,True,False,0
71.0,2.0,36.0,3.0,1,1.0,2.0,False,False,False,True,False,False,False,0
69.0,2.0,36.0,3.0,2,1.0,2.0,True,False,False,True,False,False,False,0
31.0,5.0,36.0,2.0,1,1.0,2.0,True,False,True,False,False,False,False,0
55.0,3.0,40.0,1.0,6,1.0,2.0,True,True,False,False,False,False,False,0
32.0,5.0,36.0,2.0,8,1.0,2.0,False,False,True,False,False,False,False,0
60.0,2.0,2.0,1.0,1,1.0,2.0,False,True,False,False,False,False,False,0
55.0,2.0,0.0,1.0,2,1.0,2.0,True,True,False,False,False,False,False,0
62.0,5.0,36.0,2.0,1,1.0,2.0,False,True,False,False,False,False,False,0
46.0,4.0,58.0,1.0,1,1.0,2.0,True,False,False,True,False,False,False,0
21.0,5.0,36.0,2.0,3,1.0,2.0,True,False,True,False,False,False,False,0
47.0,3.0,63.0,1.0,1,1.0,2.0,True,False,False,True,False,False,False,0
64.0,4.0,36.0,3.0,1,1.0,2.0,True,False,False,True,False,False,False,0
41.0,2.0,40.0,1.0,3,1.0,1.0,True,False,False,False,True,False,False,0
46.0,2.0,40.0,1.0,4,1.0,2.0,False,False,False,True,False,False,False,0
15.0,5.0,36.0,3.0,5,1.0,1.0,True,False,True,False,False,False,False,0
11.0,5.0,36.0,3.0,5,1.0,1.0,True,False,False,False,False,False,False,0
52.0,5.0,40.0,1.0,1,1.0,2.0,True,False,False,True,False,False,False,0
22.0,5.0,36.0,3.0,3,1.0,1.0,False,False,False,False,True,False,False,0
67.0,3.0,36.0,3.0,1,1.0,2.0,True,False,False,True,False,False,False,0
65.0,2.0,44.0,1.0,1,1.0,2.0,False,True,False,False,False,False,False,0
64.0,2.0,36.0,3.0,2,1.0,2.0,True,False,True,False,False,False,False,0
26.0,5.0,20.0,1.0,3,1.0,2.0,True,False,False,False,True,False,False,0
72.0,2.0,36.0,3.0,1,1.0,2.0,False,False,False,True,False,False,False,0
64.0,2.0,36.0,3.0,2,1.0,2.0,True,False,False,True,False,False,False,0
24.0,5.0,20.0,1.0,3,1.0,2.0,False,False,False,False,False,True,False,0
69.0,2.0,36.0,3.0,1,1.0,2.0,False,False,False,True,False,False,False,0
66.0,2.0,36.0,3.0,2,1.0,2.0,True,False,False,False,True,False,False,0
40.0,5.0,35.0,1.0,3,1.0,2.0,False,False,False,False,True,False,False,0
35.0,5.0,30.0,1.0,3,1.0,2.0,False,False,False,False,False,True,False,0
71.0,1.0,36.0,3.0,1,1.0,2.0,False,True,False,False,False,False,False,0
64.0,1.0,36.0,1.0,2,1.0,2.0,True,True,False,False,False,False,False,0
42.0,5.0,7.0,1.0,3,1.0,2.0,True,False,False,False,False,True,False,0
26.0,5.0,50.0,1.0,3,1.0,2.0,False,False,True,False,False,False,False,0
46.0,1.0,36.0,3.0,1,1.0,2.0,True,False,True,False,False,False,False,0
33.0,1.0,24.0,1.0,2,1.0,2.0,False,False,True,False,False,False,False,0
20.0,5.0,20.0,1.0,3,1.0,2.0,True,False,False,True,False,False,False,0
8.0,5.0,36.0,4.0,3,1.0,1.0,False,False,False,False,False,False,False,0
77.0,2.0,36.0,3.0,1,1.0,2.0,False,True,False,False,False,False,False,0
70.0,2.0,36.0,3.0,2,1.0,2.0,True,True,False,False,False,False,False,0
77.0,4.0,36.0,3.0,1,1.0,3.0,True,False,False,False,False,False,True,0
42.0,2.0,36.0,3.0,3,1.0,2.0,True,False,False,True,False,False,False,0
50.0,2.0,48.0,1.0,4,1.0,2.0,False,True,False,False,False,False,False,0
20.0,5.0,36.0,3.0,5,1.0,2.0,True,False,False,False,False,True,False,0
24.0,5.0,48.0,1.0,5,1.0,2.0,False,False,False,True,False,False,False,0
53.0,4.0,8.0,1.0,1,1.0,2.0,True,True,False,False,False,False,False,0
25.0,5.0,36.0,3.0,3,1.0,1.0,True,False,False,False,True,False,False,0
18.0,5.0,36.0,3.0,3,1.0,1.0,False,False,False,False,True,False,False,0
66.0,2.0,36.0,3.0,1,1.0,2.0,False,True,False,False,False,False,False,0
93.0,4.0,36.0,3.0,1,1.0,2.0,True,False,True,False,False,False,False,0
50.0,3.0,28.0,1.0,1,1.0,2.0,True,False,False,False,False,True,False,0
60.0,2.0,15.0,1.0,1,1.0,2.0,False,False,True,False,False,False,False,0
30.0,5.0,14.0,1.0,1,1.0,2.0,True,False,True,False,False,False,False,0
11.0,5.0,36.0,3.0,3,1.0,1.0,True,False,True,False,False,False,False,0
10.0,5.0,36.0,3.0,3,1.0,1.0,False,False,False,False,False,False,False,0
5.0,5.0,36.0,4.0,3,1.0,1.0,False,False,False,False,False,False,False,0
83.0,4.0,36.0,3.0,1,1.0,2.0,False,False,False,False,False,False,False,0
56.0,4.0,24.0,1.0,3,1.0,2.0,False,False,True,False,False,False,False,0
24.0,5.0,36.0,3.0,5,1.0,2.0,True,False,False,True,False,False,False,0
22.0,5.0,40.0,1.0,5,1.0,1.0,True,False,False,False,True,False,False,0
3.0,5.0,36.0,4.0,9,2.0,1.0,False,False,False,False,False,False,True,0
51.0,3.0,70.0,1.0,1,1.0,2.0,True,True,False,False,False,False,False,0
17.0,5.0,36.0,3.0,3,1.0,1.0,True,False,True,False,False,False,False,0
9.0,5.0,36.0,4.0,3,1.0,1.0,True,False,False,False,False,False,False,0
26.0,5.0,48.0,1.0,3,1.0,2.0,True,False,True,False,False,False,False,0
80.0,2.0,36.0,3.0,1,1.0,2.0,False,False,False,False,False,False,False,0
78.0,2.0,36.0,3.0,2,1.0,2.0,True,True,False,False,False,False,False,0
24.0,5.0,25.0,1.0,3,1.0,2.0,False,False,False,False,False,True,False,0
22.0,5.0,36.0,3.0,3,1.0,1.0,True,False,False,False,True,False,False,0
54.0,1.0,40.0,1.0,1,1.0,2.0,False,True,False,False,False,False,False,0
55.0,1.0,36.0,3.0,2,1.0,2.0,True,False,False,False,False,False,False,0
39.0,1.0,0.0,1.0,2,1.0,2.0,False,False,True,False,False,False,False,0
45.0,3.0,36.0,2.0,8,1.0,2.0,False,False,False,True,False,False,False,0
31.0,5.0,40.0,1.0,3,1.0,2.0,False,False,True,False,False,False,False,0
19.0,5.0,36.0,3.0,3,1.0,2.0,False,False,True,False,False,False,False,0
28.0,5.0,30.0,1.0,3,1.0,2.0,False,False,True,False,False,False,False,0
13.0,5.0,36.0,3.0,3,1.0,1.0,True,False,True,False,False,False,False,0
78.0,5.0,8.0,1.0,1,1.0,2.0,True,True,False,False,False,False,False,0
45.0,1.0,35.0,1.0,1,1.0,2.0,True,False,False,False,False,True,False,0
62.0,1.0,36.0,3.0,2,1.0,2.0,False,False,False,False,False,True,False,0
25.0,5.0,36.0,3.0,3,1.0,1.0,True,False,False,False,True,False,False,0
59.0,3.0,36.0,3.0,1,1.0,2.0,True,False,False,False,False,True,False,0
37.0,5.0,20.0,1.0,3,1.0,2.0,True,False,False,False,False,True,False,0
17.0,5.0,36.0,3.0,5,1.0,1.0,False,False,False,False,True,False,False,0
13.0,5.0,36.0,3.0,5,1.0,1.0,True,False,True,False,False,False,False,0
9.0,5.0,36.0,4.0,5,1.0,1.0,False,False,False,False,False,False,False,0
34.0,5.0,36.0,4.0,5,3.0,2.0,True,False,False,False,False,False,True,0
38.0,2.0,24.0,1.0,1,1.0,2.0,True,False,False,True,False,False,False,0
46.0,2.0,36.0,1.0,2,1.0,2.0,False,False,False,False,False,True,False,0
6.0,5.0,36.0,4.0,3,1.0,1.0,True,False,False,False,False,False,False,0
4.0,5.0,36.0,4.0,3,2.0,1.0,False,False,False,False,False,False,True,0
4.0,5.0,36.0,4.0,3,2.0,1.0,False,False,False,False,False,False,True,0
39.0,2.0,41.0,1.0,1,1.0,2.0,False,False,False,False,False,True,False,0
41.0,2.0,35.0,1.0,2,1.0,2.0,True,False,False,False,False,True,False,0
11.0,5.0,36.0,3.0,3,1.0,1.0,False,False,False,False,False,False,False,0
9.0,5.0,36.0,4.0,3,1.0,1.0,True,False,False,False,False,False,False,0
53.0,5.0,30.0,1.0,1,1.0,2.0,False,False,False,True,False,False,False,0
39.0,4.0,24.0,1.0,8,1.0,2.0,True,False,False,True,False,False,False,0
59.0,3.0,36.0,3.0,8,1.0,2.0,False,False,False,True,False,False,False,0
49.0,1.0,40.0,1.0,1,1.0,2.0,False,False,False,False,False,True,False,0
44.0,1.0,40.0,1.0,2,1.0,2.0,True,False,False,False,False,True,False,0
13.0,5.0,36.0,3.0,3,1.0,1.0,False,False,True,False,False,False,False,0
9.0,5.0,36.0,4.0,3,1.0,1.0,True,False,False,False,False,False,False,0
48.0,5.0,36.0,1.0,1,1.0,2.0,False,False,False,True,False,False,False,0
52.0,5.0,40.0,1.0,8,1.0,2.0,False,False,False,True,False,False,False,0
22.0,1.0,36.0,2.0,3,1.0,2.0,False,False,False,True,False,False,False,0
24.0,1.0,36.0,3.0,4,1.0,1.0,True,False,False,False,True,False,False,0
69.0,2.0,36.0,3.0,2,1.0,2.0,True,False,False,True,False,False,False,0
37.0,5.0,36.0,3.0,3,1.0,2.0,False,False,False,False,False,False,False,0
55.0,3.0,53.0,1.0,1,1.0,2.0,False,False,False,True,False,False,False,0
45.0,3.0,30.0,1.0,1,1.0,2.0,False,False,False,False,False,True,False,0
19.0,5.0,36.0,3.0,3,1.0,1.0,False,False,False,False,True,False,False,0
75.0,4.0,36.0,3.0,1,1.0,2.0,True,False,False,False,False,True,False,0
51.0,2.0,36.0,1.0,1,1.0,2.0,True,False,False,False,False,True,False,0
41.0,2.0,36.0,1.0,2,1.0,2.0,False,False,False,False,False,True,False,0
7.0,5.0,36.0,4.0,3,1.0,1.0,True,False,False,False,False,False,False,0
53.0,3.0,70.0,1.0,1,1.0,2.0,False,False,False,False,False,True,False,0
25.0,5.0,24.0,1.0,3,1.0,2.0,True,False,False,False,False,True,False,0
24.0,5.0,24.0,1.0,3,1.0,2.0,True,False,False,False,False,True,False,0
58.0,2.0,36.0,3.0,2,1.0,2.0,True,False,False,False,False,True,False,0
27.0,5.0,36.0,3.0,3,1.0,1.0,False,False,False,False,True,False,False,0
29.0,2.0,36.0,3.0,1,1.0,2.0,True,False,False,True,False,False,False,0
30.0,2.0,40.0,1.0,2,1.0,2.0,False,False,False,True,False,False,False,0
60.0,3.0,40.0,1.0,1,1.0,2.0,False,False,False,True,False,False,False,0
29.0,1.0,60.0,1.0,1,1.0,2.0,True,False,False,True,False,False,False,0
31.0,1.0,70.0,1.0,2,1.0,2.0,False,True,False,False,False,False,False,0
13.0,5.0,36.0,3.0,3,1.0,1.0,True,False,True,False,False,False,False,0
11.0,5.0,36.0,3.0,3,1.0,1.0,False,False,False,False,False,False,False,0
42.0,3.0,40.0,1.0,1,1.0,2.0,True,False,False,False,False,True,False,0
77.0,4.0,36.0,3.0,1,1.0,2.0,False,False,False,False,False,False,False,0
57.0,4.0,20.0,1.0,1,1.0,2.0,True,False,False,False,False,True,False,0
32.0,5.0,48.0,1.0,3,1.0,2.0,False,False,False,False,False,True,False,0
93.0,5.0,36.0,3.0,6,1.0,2.0,True,True,False,False,False,False,False,0
76.0,2.0,36.0,3.0,1,1.0,2.0,False,False,False,False,False,False,False,0
69.0,2.0,36.0,3.0,2,1.0,2.0,True,False,True,False,False,False,False,0
27.0,5.0,30.0,1.0,3,1.0,2.0,False,False,True,False,False,False,False,0
26.0,5.0,18.0,1.0,5,1.0,1.0,False,False,False,False,True,False,False,0
8.0,5.0,36.0,4.0,5,1.0,1.0,True,False,False,False,False,False,False,0
15.0,5.0,36.0,3.0,3,1.0,1.0,False,False,True,False,False,False,False,0
14.0,5.0,36.0,3.0,3,1.0,1.0,False,False,True,False,False,False,False,0
35.0,1.0,0.0,1.0,1,1.0,2.0,True,False,False,True,False,False,False,0
78.0,2.0,36.0,1.0,1,1.0,2.0,False,False,False,False,False,True,False,0
76.0,2.0,36.0,3.0,2,1.0,2.0,True,False,False,False,False,True,False,0
57.0,2.0,45.0,1.0,1,1.0,2.0,False,True,False,False,False,False,False,0
59.0,2.0,40.0,1.0,2,1.0,2.0,True,False,False,True,False,False,False,0
29.0,5.0,45.0,1.0,3,1.0,2.0,False,False,False,True,False,False,False,0
22.0,5.0,36.0,2.0,3,1.0,2.0,True,False,False,True,False,False,False,0
65.0,3.0,36.0,3.0,1,1.0,2.0,False,True,False,False,False,False,False,0
72.0,3.0,36.0,3.0,1,1.0,2.0,True,False,False,False,True,False,False,0
44.0,5.0,21.0,1.0,3,1.0,2.0,False,False,False,False,False,True,False,0
56.0,3.0,36.0,3.0,1,1.0,2.0,True,False,False,False,False,False,False,0
33.0,5.0,36.0,3.0,8,1.0,2.0,True,False,False,True,False,False,False,0
22.0,5.0,36.0,3.0,3,1.0,2.0,True,False,False,True,False,False,False,0
40.0,2.0,40.0,1.0,1,1.0,2.0,False,False,False,False,False,True,False,0
40.0,2.0,32.0,1.0,2,1.0,2.0,True,False,False,False,False,True,False,0
60.0,2.0,45.0,1.0,1,1.0,2.0,False,False,False,False,True,False,False,0
59.0,2.0,45.0,1.0,2,1.0,2.0,True,False,False,False,True,False,False,0
24.0,5.0,36.0,3.0,3,1.0,1.0,True,False,False,False,True,False,False,0
69.0,4.0,36.0,1.0,1,1.0,2.0,True,False,False,False,False,True,False,0
87.0,4.0,36.0,3.0,1,1.0,2.0,True,True,False,False,False,False,False,0
53.0,5.0,36.0,3.0,3,1.0,2.0,True,False,True,False,False,False,False,0
19.0,5.0,36.0,2.0,5,1.0,2.0,False,False,True,False,False,False,False,0
78.0,4.0,36.0,3.0,1,1.0,2.0,True,False,False,False,False,True,False,0
54.0,5.0,36.0,1.0,3,1.0,2.0,False,False,False,True,False,False,False,0
17.0,5.0,36.0,3.0,5,1.0,1.0,False,False,True,False,False,False,False,0
65.0,2.0,72.0,1.0,1,1.0,2.0,False,False,True,False,False,False,False,0
65.0,2.0,30.0,1.0,2,1.0,2.0,True,True,False,False,False,False,False,0
40.0,5.0,20.0,1.0,3,1.0,2.0,True,False,False,True,False,False,False,0
37.0,2.0,30.0,1.0,1,1.0,2.0,False,False,False,True,False,False,False,0
41.0,2.0,39.0,1.0,2,1.0,2.0,True,False,False,False,True,False,False,0
16.0,5.0,36.0,3.0,3,1.0,1.0,False,False,True,False,False,False,False,0
6.0,5.0,36.0,4.0,3,2.0,1.0,False,False,False,False,False,False,True,0
55.0,3.0,0.0,1.0,1,1.0,2.0,False,False,False,False,False,True,False,0
23.0,5.0,36.0,3.0,3,1.0,1.0,False,False,False,False,True,False,False,0
22.0,5.0,36.0,3.0,1,1.0,1.0,False,False,False,False,True,False,False,0
60.0,2.0,40.0,1.0,1,1.0,2.0,False,True,False,False,False,False,False,0
54.0,2.0,20.0,1.0,2,1.0,2.0,True,True,False,False,False,False,False,0
19.0,5.0,36.0,3.0,3,1.0,1.0,False,False,False,False,True,False,False,0
13.0,5.0,36.0,3.0,3,1.0,1.0,False,False,True,False,False,False,False,0
40.0,1.0,48.0,1.0,1,1.0,2.0,False,False,False,True,False,False,False,0
35.0,1.0,40.0,1.0,2,1.0,2.0,True,False,False,False,False,True,False,0
67.0,4.0,12.0,1.0,1,1.0,2.0,False,False,False,True,False,False,False,0
70.0,4.0,36.0,3.0,1,1.0,2.0,True,False,False,False,False,False,True,0
39.0,5.0,40.0,1.0,1,1.0,2.0,False,False,False,False,True,False,False,0
75.0,4.0,36.0,3.0,6,1.0,2.0,True,False,False,True,False,False,False,0
18.0,5.0,36.0,3.0,3,1.0,1.0,True,False,False,False,True,False,False,0
13.0,5.0,36.0,3.0,3,1.0,1.0,False,False,True,False,False,False,False,0
45.0,5.0,6.0,1.0,1,1.0,2.0,True,False,False,True,False,False,False,0
19.0,5.0,36.0,3.0,3,1.0,1.0,True,False,False,False,True,False,False,0
16.0,5.0,36.0,3.0,3,1.0,1.0,False,False,True,False,False,False,False,0
63.0,2.0,38.0,1.0,1,1.0,2.0,False,False,False,False,False,True,False,0
54.0,2.0,36.0,3.0,2,1.0,2.0,True,False,False,False,False,True,False,0
19.0,5.0,36.0,3.0,3,1.0,1.0,False,False,False,False,True,False,False,0
22.0,5.0,36.0,3.0,3,1.0,1.0,True,False,False,False,False,False,False,0
78.0,4.0,36.0,3.0,1,1.0,2.0,False,False,False,True,False,False,False,0
32.0,5.0,44.0,1.0,3,1.0,1.0,False,False,False,False,True,False,False,0
80.0,4.0,36.0,3.0,1,1.0,2.0,False,False,False,False,False,True,False,0
44.0,1.0,20.0,1.0,1,1.0,2.0,True,False,True,False,False,False,False,0
51.0,1.0,54.0,1.0,2,1.0,2.0,False,False,True,False,False,False,False,0
21.0,5.0,36.0,2.0,3,1.0,2.0,False,False,True,False,False,False,False,0
14.0,5.0,36.0,3.0,3,1.0,1.0,False,False,True,False,False,False,False,0
12.0,5.0,36.0,3.0,3,1.0,1.0,False,False,True,False,False,False,False,0
13.0,5.0,36.0,3.0,3,1.0,1.0,True,False,True,False,False,False,False,0
11.0,5.0,36.0,3.0,3,1.0,1.0,False,False,True,False,False,False,False,0
8.0,5.0,36.0,4.0,3,1.0,1.0,False,False,False,False,False,False,False,0
7.0,5.0,36.0,4.0,3,2.0,1.0,True,False,False,False,False,False,False,0
41.0,1.0,0.0,1.0,1,1.0,2.0,True,False,False,False,False,True,False,0
46.0,1.0,54.0,1.0,2,1.0,2.0,True,False,False,False,False,True,False,0
34.0,1.0,48.0,1.0,3,1.0,2.0,True,False,False,True,False,False,False,0
15.0,5.0,36.0,3.0,5,1.0,1.0,True,False,True,False,False,False,False,0
13.0,5.0,36.0,3.0,5,1.0,1.0,True,False,True,False,False,False,False,0
8.0,5.0,36.0,4.0,5,1.0,1.0,True,False,False,False,False,False,False,0
16.0,5.0,36.0,3.0,5,1.0,1.0,True,False,True,False,False,False,False,0
14.0,5.0,36.0,3.0,5,1.0,1.0,False,False,True,False,False,False,False,0
11.0,5.0,36.0,3.0,5,1.0,1.0,True,False,False,False,False,False,False,0
41.0,1.0,58.0,1.0,4,1.0,2.0,False,False,False,True,False,False,False,0
42.0,1.0,40.0,1.0,2,1.0,2.0,True,False,False,True,False,False,False,0
39.0,1.0,40.0,1.0,1,1.0,2.0,False,False,False,False,False,True,False,0
24.0,5.0,36.0,1.0,1,1.0,2.0,True,False,False,True,False,False,False,0
6.0,5.0,36.0,4.0,3,1.0,1.0,True,False,False,False,False,False,False,0
30.0,5.0,48.0,1.0,1,1.0,2.0,True,False,False,False,True,False,False,0
53.0,5.0,18.0,1.0,6,1.0,2.0,True,False,True,False,False,False,False,0
29.0,5.0,48.0,1.0,8,1.0,2.0,False,False,True,False,False,False,False,0
22.0,5.0,36.0,2.0,8,1.0,2.0,True,False,True,False,False,False,False,0
63.0,4.0,36.0,3.0,1,1.0,2.0,True,False,False,True,False,False,False,0
29.0,5.0,44.0,1.0,3,1.0,1.0,True,False,False,False,True,False,False,0
62.0,4.0,36.0,3.0,1,1.0,2.0,True,False,False,True,False,False,False,0
32.0,5.0,30.0,1.0,3,1.0,2.0,False,False,False,False,False,True,False,0
84.0,2.0,36.0,3.0,1,1.0,2.0,False,False,False,False,False,True,False,0
79.0,2.0,36.0,3.0,2,1.0,2.0,True,False,False,False,False,True,False,0
42.0,5.0,35.0,1.0,3,1.0,2.0,True,False,False,False,False,True,False,0
11.0,5.0,36.0,3.0,5,1.0,1.0,True,False,False,False,False,False,False,0
17.0,5.0,36.0,3.0,5,1.0,1.0,True,False,True,False,False,False,False,0
40.0,1.0,40.0,1.0,1,1.0,2.0,False,False,False,False,True,False,False,0
36.0,1.0,25.0,1.0,2,1.0,2.0,True,False,False,False,True,False,False,0
5.0,5.0,36.0,4.0,3,2.0,1.0,False,False,False,False,False,False,True,0
38.0,5.0,40.0,1.0,1,1.0,2.0,False,False,False,False,False,True,False,0
13.0,5.0,36.0,3.0,3,1.0,1.0,True,False,True,False,False,False,False,0
32.0,1.0,48.0,1.0,1,1.0,2.0,False,False,True,False,False,False,False,0
24.0,1.0,36.0,1.0,2,1.0,2.0,True,False,False,True,False,False,False,0
9.0,5.0,36.0,4.0,3,1.0,1.0,True,False,False,False,False,False,False,0
6.0,5.0,36.0,4.0,3,2.0,1.0,False,False,False,False,False,False,False,0
64.0,2.0,36.0,3.0,1,1.0,2.0,False,False,False,True,False,False,False,0
64.0,2.0,36.0,3.0,2,1.0,2.0,True,False,False,True,False,False,False,0
29.0,5.0,0.0,1.0,3,1.0,2.0,True,False,False,False,False,True,False,0
29.0,5.0,36.0,3.0,3,1.0,1.0,True,False,False,False,True,False,False,0
70.0,1.0,36.0,3.0,1,1.0,2.0,False,True,False,False,False,False,False,0
71.0,1.0,36.0,3.0,2,1.0,2.0,True,True,False,False,False,False,False,0
35.0,5.0,56.0,1.0,3,1.0,2.0,False,False,True,False,False,False,False,0
4.0,5.0,36.0,4.0,3,2.0,1.0,False,False,False,False,False,False,True,0
1.0,5.0,36.0,4.0,3,3.0,2.0,True,False,False,False,False,False,True,0
48.0,1.0,36.0,1.0,1,1.0,2.0,False,False,False,True,False,False,False,0
44.0,1.0,40.0,1.0,2,1.0,2.0,True,False,False,False,False,True,False,0
10.0,5.0,36.0,3.0,3,1.0,1.0,False,False,False,False,False,False,False,0
8.0,5.0,36.0,4.0,3,1.0,1.0,False,False,False,False,False,False,False,0
3.0,5.0,36.0,4.0,3,2.0,1.0,True,False,False,False,False,False,True,0
50.0,3.0,40.0,1.0,1,1.0,2.0,True,False,False,False,False,True,False,0
26.0,5.0,36.0,2.0,3,1.0,2.0,False,False,False,True,False,False,False,0
65.0,3.0,36.0,3.0,1,1.0,2.0,True,True,False,False,False,False,False,0
24.0,3.0,40.0,1.0,3,1.0,2.0,True,False,False,True,False,False,False,0
7.0,5.0,36.0,4.0,5,1.0,1.0,True,False,False,False,False,False,False,0
73.0,4.0,36.0,3.0,1,1.0,2.0,True,False,True,False,False,False,False,0
34.0,1.0,28.0,1.0,3,1.0,2.0,False,True,False,False,False,False,False,0
32.0,1.0,24.0,1.0,4,1.0,2.0,True,False,False,True,False,False,False,0
12.0,5.0,36.0,3.0,5,1.0,1.0,False,False,True,False,False,False,False,0
4.0,5.0,36.0,4.0,5,2.0,1.0,False,False,False,False,False,False,True,0
25.0,5.0,24.0,1.0,1,1.0,2.0,True,False,False,False,False,True,False,0
93.0,4.0,36.0,3.0,1,1.0,2.0,True,False,False,False,False,False,True,0
71.0,5.0,28.0,1.0,3,1.0,2.0,True,True,False,False,False,False,False,0
51.0,2.0,40.0,1.0,1,1.0,2.0,False,False,True,False,False,False,False,0
45.0,2.0,36.0,3.0,2,1.0,2.0,True,False,False,True,False,False,False,0
20.0,5.0,36.0,3.0,3,1.0,2.0,True,False,False,True,False,False,False,0
25.0,5.0,36.0,3.0,3,1.0,1.0,True,False,False,False,True,False,False,0
37.0,1.0,36.0,3.0,1,1.0,2.0,True,False,False,False,False,False,False,0
4.0,5.0,36.0,4.0,3,2.0,1.0,False,False,False,False,False,False,True,0
9.0,5.0,36.0,4.0,3,1.0,1.0,False,False,False,False,False,False,False,0
6.0,5.0,36.0,4.0,3,1.0,1.0,False,False,False,False,False,False,False,0
39.0,1.0,48.0,1.0,2,1.0,2.0,False,False,True,False,False,False,False,0
62.0,2.0,50.0,1.0,1,1.0,2.0,False,False,False,False,False,True,False,0
23.0,5.0,40.0,1.0,3,1.0,2.0,False,False,False,False,False,True,False,0
60.0,2.0,40.0,1.0,2,1.0,2.0,True,False,False,False,False,True,False,0
62.0,2.0,12.0,1.0,1,1.0,2.0,False,False,False,True,False,False,False,0
57.0,2.0,36.0,3.0,2,1.0,2.0,True,False,False,True,False,False,False,0
22.0,5.0,24.0,1.0,3,1.0,2.0,False,False,False,True,False,False,False,0
46.0,3.0,36.0,3.0,1,1.0,2.0,True,False,False,True,False,False,False,0
19.0,5.0,36.0,3.0,3,1.0,1.0,False,False,True,False,False,False,False,0
45.0,5.0,24.0,1.0,1,1.0,2.0,False,False,True,False,False,False,False,0
43.0,5.0,24.0,1.0,8,1.0,2.0,False,False,True,False,False,False,False,0
58.0,2.0,60.0,1.0,1,1.0,2.0,False,False,False,False,False,False,False,0
51.0,2.0,36.0,3.0,2,1.0,2.0,True,False,False,True,False,False,False,0
20.0,5.0,36.0,3.0,3,1.0,1.0,True,False,False,False,True,False,False,0
29.0,5.0,36.0,3.0,3,1.0,2.0,False,False,True,False,False,False,False,0
32.0,5.0,36.0,3.0,3,1.0,2.0,False,False,True,False,False,False,False,0
71.0,2.0,36.0,3.0,1,1.0,2.0,True,False,False,False,False,True,False,0
67.0,2.0,40.0,1.0,2,1.0,2.0,False,False,False,False,True,False,False,0
36.0,1.0,36.0,3.0,1,1.0,2.0,True,False,False,True,False,False,False,0
38.0,1.0,48.0,1.0,2,1.0,2.0,False,False,False,True,False,False,False,0
83.0,4.0,36.0,3.0,1,1.0,2.0,True,True,False,False,False,False,False,0
49.0,3.0,84.0,1.0,1,1.0,2.0,False,False,False,False,False,True,False,0
20.0,5.0,24.0,1.0,3,1.0,2.0,False,False,False,True,False,False,False,0
23.0,5.0,36.0,3.0,3,1.0,1.0,True,False,False,False,True,False,False,0
68.0,1.0,36.0,3.0,1,1.0,2.0,False,True,False,False,False,False,False,0
65.0,1.0,36.0,3.0,2,1.0,2.0,True,True,False,False,False,False,False,0
48.0,5.0,30.0,1.0,9,1.0,2.0,False,True,False,False,False,False,False,0
48.0,5.0,30.0,1.0,9,1.0,2.0,False,True,False,False,False,False,False,0
45.0,5.0,50.0,1.0,9,1.0,2.0,False,True,False,False,False,False,False,0
12.0,5.0,36.0,3.0,9,1.0,1.0,False,False,True,False,False,False,False,0
5.0,5.0,36.0,4.0,9,1.0,1.0,False,False,False,False,False,False,True,0
37.0,5.0,48.0,1.0,1,1.0,2.0,True,False,False,True,False,False,False,0
41.0,1.0,40.0,1.0,1,1.0,2.0,False,True,False,False,False,False,False,0
42.0,1.0,16.0,1.0,2,1.0,2.0,True,True,False,False,False,False,False,0
16.0,5.0,36.0,3.0,3,1.0,1.0,False,False,True,False,False,False,False,0
13.0,5.0,36.0,3.0,3,1.0,1.0,False,False,False,False,False,False,False,0
34.0,5.0,36.0,4.0,3,3.0,2.0,False,False,False,False,False,False,True,0
80.0,2.0,36.0,3.0,1,1.0,2.0,False,False,False,False,False,False,False,0
74.0,2.0,36.0,3.0,2,1.0,2.0,True,False,True,False,False,False,False,0
82.0,4.0,36.0,3.0,1,1.0,2.0,False,True,False,False,False,False,False,0
16.0,5.0,36.0,3.0,3,1.0,1.0,True,False,True,False,False,False,False,0
34.0,1.0,24.0,1.0,1,1.0,2.0,False,False,False,True,False,False,False,0
36.0,1.0,48.0,1.0,2,1.0,2.0,True,False,True,False,False,False,False,0
18.0,5.0,16.0,1.0,3,1.0,1.0,False,False,True,False,False,False,False,0
64.0,2.0,36.0,3.0,1,1.0,2.0,False,False,False,True,False,False,False,0
63.0,2.0,36.0,3.0,2,1.0,2.0,True,False,False,True,False,False,False,0
86.0,4.0,36.0,3.0,1,1.0,2.0,True,False,False,False,False,False,False,0
58.0,3.0,40.0,1.0,1,1.0,2.0,True,False,False,True,False,False,False,0
76.0,1.0,36.0,3.0,1,1.0,2.0,False,False,False,True,False,False,False,0
62.0,2.0,44.0,1.0,1,1.0,2.0,False,False,True,False,False,False,False,0
60.0,2.0,9.0,1.0,2,1.0,2.0,True,False,True,False,False,False,False,0
74.0,2.0,36.0,3.0,1,1.0,2.0,True,False,False,False,True,False,False,0
73.0,2.0,36.0,3.0,2,1.0,2.0,False,False,False,True,False,False,False,0
40.0,5.0,24.0,1.0,1,1.0,2.0,False,True,False,False,False,False,False,0
35.0,5.0,44.0,1.0,10,1.0,2.0,False,True,False,False,False,False,False,0
70.0,1.0,35.0,1.0,1,1.0,2.0,False,False,False,False,False,True,False,0
51.0,1.0,20.0,1.0,2,1.0,2.0,True,False,False,False,False,True,False,0
16.0,5.0,36.0,3.0,3,1.0,1.0,True,False,True,False,False,False,False,0
8.0,5.0,36.0,4.0,3,1.0,1.0,True,False,False,False,False,False,False,0
7.0,5.0,36.0,4.0,3,2.0,1.0,False,False,False,False,False,False,False,0
66.0,2.0,45.0,1.0,1,1.0,2.0,False,False,False,True,False,False,False,0
65.0,2.0,36.0,3.0,2,1.0,2.0,True,False,False,False,True,False,False,0
82.0,2.0,36.0,3.0,1,1.0,2.0,False,False,False,False,False,True,False,0
79.0,2.0,36.0,3.0,2,1.0,2.0,True,False,False,True,False,False,False,0
50.0,5.0,0.0,1.0,1,1.0,2.0,True,False,False,False,False,True,False,0
16.0,5.0,36.0,3.0,3,1.0,1.0,False,False,True,False,False,False,False,0
77.0,2.0,36.0,3.0,1,1.0,2.0,False,False,True,False,False,False,False,0
77.0,2.0,36.0,3.0,2,1.0,2.0,True,False,False,False,False,False,False,0
53.0,2.0,40.0,1.0,1,1.0,2.0,False,False,False,False,False,True,False,0
49.0,2.0,40.0,1.0,2,1.0,2.0,True,False,False,False,False,True,False,0
19.0,2.0,36.0,2.0,3,1.0,1.0,False,False,False,False,True,False,False,0
61.0,3.0,36.0,3.0,1,1.0,2.0,True,False,True,False,False,False,False,0
27.0,5.0,36.0,3.0,3,1.0,2.0,True,True,False,False,False,False,False,0
40.0,5.0,36.0,3.0,3,1.0,2.0,False,False,False,True,False,False,False,0
21.0,5.0,35.0,1.0,3,1.0,2.0,True,False,False,True,False,False,False,0
20.0,5.0,20.0,1.0,3,1.0,2.0,False,False,False,True,False,False,False,0
41.0,2.0,50.0,1.0,1,1.0,2.0,False,False,False,True,False,False,False,0
44.0,5.0,40.0,1.0,1,1.0,2.0,False,True,False,False,False,False,False,0
53.0,2.0,40.0,1.0,1,1.0,2.0,False,False,False,False,False,False,False,0
55.0,2.0,48.0,1.0,2,1.0,2.0,True,False,False,False,False,False,False,0
46.0,3.0,24.0,1.0,1,1.0,2.0,True,False,False,False,False,True,False,0
20.0,5.0,24.0,1.0,3,1.0,2.0,False,False,False,True,False,False,False,0
11.0,5.0,36.0,3.0,3,1.0,1.0,False,False,False,False,False,False,False,0
52.0,3.0,26.0,1.0,1,1.0,2.0,False,False,False,True,False,False,False,0
28.0,5.0,28.0,1.0,3,1.0,2.0,False,False,True,False,False,False,False,0
25.0,5.0,36.0,2.0,3,1.0,2.0,True,False,False,False,True,False,False,0
53.0,2.0,30.0,1.0,1,1.0,2.0,False,False,False,True,False,False,False,0
51.0,2.0,36.0,3.0,2,1.0,2.0,True,False,False,False,True,False,False,0
26.0,5.0,20.0,1.0,3,1.0,1.0,True,False,True,False,False,False,False,0
25.0,5.0,36.0,3.0,3,1.0,2.0,False,False,False,True,False,False,False,0
22.0,5.0,30.0,1.0,3,1.0,2.0,False,False,False,True,False,False,False,0
19.0,5.0,20.0,1.0,3,1.0,1.0,True,False,True,False,False,False,False,0
58.0,2.0,12.0,1.0,1,1.0,2.0,True,False,False,False,False,True,False,0
55.0,2.0,30.0,1.0,2,1.0,2.0,False,True,False,False,False,False,False,0
49.0,2.0,49.0,1.0,1,1.0,2.0,False,False,False,False,False,True,False,0
44.0,2.0,40.0,1.0,2,1.0,2.0,True,False,False,False,False,True,False,0
15.0,5.0,36.0,3.0,3,1.0,1.0,True,False,True,False,False,False,False,0
11.0,5.0,36.0,3.0,3,1.0,1.0,True,False,False,False,False,False,False,0
82.0,2.0,36.0,3.0,1,1.0,2.0,False,False,False,True,False,False,False,0
49.0,2.0,36.0,3.0,2,1.0,2.0,True,True,False,False,False,False,False,0
21.0,5.0,36.0,3.0,3,1.0,1.0,False,False,False,False,True,False,False,0
66.0,4.0,36.0,3.0,1,1.0,2.0,True,True,False,False,False,False,False,0
36.0,5.0,48.0,1.0,3,1.0,2.0,False,False,False,True,False,False,False,0
31.0,5.0,20.0,1.0,3,1.0,2.0,True,False,False,False,False,True,False,0
67.0,4.0,36.0,3.0,1,1.0,2.0,True,True,False,False,False,False,False,0
22.0,1.0,36.0,1.0,5,1.0,2.0,False,False,False,True,False,False,False,0
21.0,1.0,36.0,3.0,10,1.0,2.0,True,False,False,True,False,False,False,0
47.0,5.0,36.0,3.0,3,1.0,2.0,False,False,False,False,False,True,False,0
61.0,3.0,36.0,3.0,1,1.0,2.0,True,True,False,False,False,False,False,0
76.0,2.0,36.0,3.0,1,1.0,2.0,False,False,True,False,False,False,False,0
72.0,2.0,36.0,3.0,2,1.0,2.0,True,False,False,True,False,False,False,0
52.0,3.0,11.0,1.0,3,1.0,2.0,True,False,False,True,False,False,False,0
26.0,5.0,36.0,2.0,5,1.0,2.0,False,False,False,True,False,False,False,0
14.0,5.0,36.0,3.0,5,1.0,1.0,False,False,True,False,False,False,False,0
25.0,5.0,48.0,1.0,3,1.0,2.0,False,False,False,False,True,False,False,0
27.0,5.0,48.0,1.0,3,1.0,2.0,False,False,False,False,True,False,False,0
66.0,2.0,36.0,3.0,1,1.0,2.0,False,False,False,False,True,False,False,0
64.0,2.0,36.0,3.0,2,1.0,2.0,True,False,False,False,False,True,False,0
65.0,1.0,36.0,3.0,2,1.0,2.0,True,True,False,False,False,False,False,0
39.0,5.0,56.0,1.0,3,1.0,2.0,False,False,False,True,False,False,False,0
36.0,5.0,84.0,1.0,3,1.0,1.0,True,False,False,False,True,False,False,0
34.0,5.0,2.0,1.0,1,1.0,2.0,False,False,True,False,False,False,False,0
52.0,1.0,0.0,1.0,1,1.0,2.0,False,False,False,False,False,False,False,0
43.0,1.0,30.0,1.0,2,1.0,2.0,True,False,False,False,False,True,False,0
27.0,5.0,0.0,1.0,3,1.0,2.0,True,False,False,False,True,False,False,0
25.0,5.0,0.0,1.0,3,1.0,2.0,True,False,False,False,True,False,False,0
23.0,5.0,0.0,1.0,3,1.0,2.0,False,False,True,False,False,False,False,0
16.0,5.0,36.0,3.0,3,1.0,1.0,True,False,True,False,False,False,False,0
43.0,5.0,36.0,3.0,1,1.0,2.0,True,False,False,False,False,False,False,0
27.0,1.0,28.0,1.0,4,1.0,2.0,True,False,False,False,True,False,False,0
20.0,1.0,36.0,3.0,3,1.0,2.0,False,True,False,False,False,False,False,0
5.0,5.0,36.0,4.0,3,2.0,1.0,False,False,False,False,False,False,True,0
40.0,2.0,0.0,1.0,2,1.0,2.0,True,False,False,False,False,True,False,0
12.0,5.0,36.0,3.0,3,1.0,1.0,False,False,True,False,False,False,False,0
7.0,5.0,36.0,4.0,3,1.0,1.0,False,False,False,False,False,False,False,0
29.0,5.0,20.0,1.0,3,1.0,2.0,True,False,False,False,False,True,False,0
21.0,5.0,20.0,1.0,5,1.0,2.0,False,False,False,True,False,False,False,0
72.0,4.0,36.0,3.0,1,1.0,2.0,True,True,False,False,False,False,False,0
40.0,2.0,36.0,1.0,1,1.0,2.0,False,True,False,False,False,False,False,0
33.0,2.0,36.0,3.0,2,1.0,2.0,True,False,False,True,False,False,False,0
14.0,5.0,36.0,3.0,3,1.0,1.0,False,False,True,False,False,False,False,0
10.0,5.0,36.0,3.0,3,1.0,1.0,False,False,False,False,False,False,False,0
56.0,3.0,50.0,1.0,1,1.0,2.0,False,False,False,True,False,False,False,0
22.0,5.0,60.0,1.0,3,1.0,2.0,False,False,False,True,False,False,False,0
23.0,5.0,54.0,1.0,3,1.0,2.0,True,False,True,False,False,False,False,0
4.0,5.0,36.0,4.0,5,2.0,1.0,True,False,False,False,False,False,True,0
1.0,5.0,36.0,4.0,5,3.0,2.0,True,False,False,False,False,False,True,0
69.0,4.0,36.0,3.0,1,1.0,2.0,True,True,False,False,False,False,False,0
42.0,5.0,46.0,1.0,3,1.0,2.0,False,False,True,False,False,False,False,0
82.0,2.0,36.0,3.0,1,1.0,2.0,False,False,False,True,False,False,False,0
16.0,5.0,36.0,3.0,3,1.0,1.0,False,False,True,False,False,False,False,0
60.0,2.0,30.0,1.0,1,1.0,2.0,False,False,True,False,False,False,False,0
57.0,2.0,44.0,1.0,2,1.0,2.0,True,False,False,True,False,False,False,0
32.0,5.0,21.0,1.0,3,1.0,2.0,False,False,False,False,False,True,False,0
29.0,5.0,30.0,1.0,3,1.0,2.0,False,False,False,False,False,True,False,0
74.0,3.0,36.0,3.0,1,1.0,2.0,True,False,False,False,True,False,False,0
30.0,5.0,36.0,2.0,5,1.0,2.0,False,False,False,True,False,False,False,0
64.0,5.0,36.0,3.0,1,1.0,2.0,True,False,False,True,False,False,False,0
36.0,5.0,40.0,1.0,3,1.0,2.0,True,False,False,True,False,False,False,0
20.0,5.0,30.0,1.0,5,1.0,2.0,False,False,False,True,False,False,False,0
89.0,4.0,36.0,3.0,1,1.0,2.0,True,True,False,False,False,False,False,0
43.0,5.0,48.0,1.0,1,1.0,2.0,False,False,True,False,False,False,False,0
21.0,5.0,24.0,1.0,3,1.0,2.0,False,False,True,False,False,False,False,0
9.0,5.0,36.0,4.0,3,1.0,1.0,True,False,False,False,False,False,False,0
47.0,3.0,36.0,1.0,1,1.0,2.0,True,False,False,True,False,False,False,0
21.0,5.0,36.0,3.0,3,1.0,2.0,True,False,False,True,False,False,False,0
2.0,5.0,36.0,4.0,5,2.0,3.0,True,False,False,False,False,False,True,0
56.0,4.0,84.0,1.0,1,1.0,2.0,True,False,False,False,False,True,False,0
14.0,5.0,36.0,3.0,3,1.0,1.0,False,False,True,False,False,False,False,0
22.0,5.0,48.0,1.0,3,1.0,2.0,False,False,False,True,False,False,False,0
17.0,5.0,36.0,3.0,3,1.0,1.0,False,False,True,False,False,False,False,0
75.0,4.0,36.0,3.0,1,1.0,2.0,True,True,False,False,False,False,False,0
50.0,3.0,15.0,1.0,3,1.0,2.0,False,True,False,False,False,False,False,0
22.0,5.0,36.0,2.0,5,1.0,2.0,False,False,False,True,False,False,False,0
60.0,2.0,45.0,1.0,1,1.0,2.0,False,False,False,True,False,False,False,0
65.0,4.0,36.0,3.0,1,1.0,2.0,True,False,False,True,False,False,False,0
60.0,2.0,32.0,1.0,1,1.0,2.0,False,False,False,False,False,False,False,0
58.0,2.0,24.0,1.0,2,1.0,2.0,True,True,False,False,False,False,False,0
29.0,5.0,13.0,1.0,3,1.0,2.0,False,True,False,False,False,False,False,0
53.0,2.0,29.0,1.0,1,1.0,2.0,False,False,True,False,False,False,False,0
53.0,2.0,0.0,1.0,2,1.0,2.0,True,False,False,True,False,False,False,0
12.0,5.0,36.0,3.0,3,1.0,1.0,True,False,True,False,False,False,False,0
68.0,1.0,36.0,3.0,1,1.0,2.0,False,False,False,False,False,True,False,0
54.0,1.0,36.0,3.0,2,1.0,2.0,True,False,False,False,False,True,False,0
37.0,1.0,36.0,1.0,2,1.0,2.0,True,False,False,True,False,False,False,0
29.0,1.0,60.0,1.0,1,1.0,2.0,False,False,False,False,True,False,False,0
64.0,3.0,36.0,3.0,6,1.0,2.0,True,False,False,True,False,False,False,0
37.0,5.0,45.0,1.0,1,1.0,2.0,False,True,False,False,False,False,False,0
28.0,5.0,55.0,1.0,5,1.0,2.0,False,False,True,False,False,False,False,0
61.0,5.0,20.0,1.0,1,1.0,2.0,False,False,False,True,False,False,False,0
43.0,2.0,18.0,1.0,1,1.0,2.0,False,True,False,False,False,False,False,0
36.0,2.0,12.0,1.0,2,1.0,2.0,True,False,False,True,False,False,False,0
5.0,5.0,36.0,4.0,3,2.0,1.0,True,False,False,False,False,False,True,0
49.0,1.0,48.0,1.0,1,1.0,2.0,False,False,True,False,False,False,False,0
20.0,5.0,48.0,1.0,1,1.0,2.0,False,False,True,False,False,False,False,0
55.0,1.0,36.0,2.0,1,1.0,2.0,True,True,False,False,False,False,False,0
65.0,1.0,30.0,1.0,2,1.0,2.0,False,False,True,False,False,False,False,0
16.0,5.0,36.0,3.0,3,1.0,1.0,True,False,True,False,False,False,False,0
33.0,3.0,20.0,1.0,3,1.0,2.0,True,True,False,False,False,False,False,0
12.0,5.0,36.0,3.0,5,1.0,1.0,False,False,False,False,False,False,False,0
9.0,5.0,36.0,4.0,5,1.0,1.0,True,False,False,False,False,False,False,0
45.0,4.0,30.0,1.0,1,1.0,2.0,False,False,False,False,True,False,False,0
17.0,5.0,36.0,3.0,3,1.0,1.0,False,False,True,False,False,False,False,0
17.0,5.0,36.0,3.0,3,1.0,1.0,False,False,True,False,False,False,False,0
69.0,2.0,60.0,1.0,1,1.0,2.0,False,False,False,True,False,False,False,0
65.0,2.0,40.0,1.0,2,1.0,2.0,True,False,True,False,False,False,False,0
58.0,2.0,30.0,1.0,1,1.0,2.0,False,False,False,False,False,True,False,0
63.0,2.0,36.0,3.0,2,1.0,2.0,True,True,False,False,False,False,False,0
40.0,3.0,45.0,1.0,1,1.0,2.0,True,False,False,False,False,True,False,0
16.0,5.0,36.0,3.0,3,1.0,1.0,False,False,True,False,False,False,False,0
3.0,5.0,36.0,4.0,3,2.0,1.0,True,False,False,False,False,False,True,0
80.0,2.0,36.0,3.0,1,1.0,2.0,False,True,False,False,False,False,False,0
70.0,2.0,36.0,3.0,2,1.0,2.0,True,True,False,False,False,False,False,0
47.0,5.0,40.0,1.0,3,1.0,2.0,False,False,True,False,False,False,False,0
35.0,5.0,36.0,2.0,3,1.0,2.0,True,False,False,True,False,False,False,0
35.0,5.0,42.0,1.0,3,1.0,2.0,True,False,False,True,False,False,False,0
80.0,3.0,36.0,3.0,1,1.0,2.0,True,False,False,False,False,True,False,0
60.0,3.0,3.0,1.0,1,1.0,2.0,True,False,False,False,False,True,False,0
40.0,5.0,40.0,1.0,1,1.0,2.0,False,False,False,False,False,True,False,0
21.0,5.0,36.0,3.0,3,9.0,9.0,False,False,False,False,False,False,False,0
21.0,5.0,36.0,3.0,3,9.0,9.0,False,False,False,False,False,False,False,0
21.0,5.0,36.0,3.0,3,9.0,9.0,False,False,False,False,False,False,False,0
65.0,2.0,36.0,3.0,1,1.0,2.0,False,False,False,True,False,False,False,0
60.0,2.0,36.0,3.0,2,1.0,2.0,True,False,False,True,False,False,False,0
35.0,5.0,44.0,1.0,3,1.0,2.0,True,False,False,True,False,False,False,0
31.0,5.0,44.0,1.0,3,1.0,2.0,False,False,False,True,False,False,False,0
49.0,5.0,18.0,1.0,1,1.0,2.0,True,False,True,False,False,False,False,0
29.0,5.0,36.0,3.0,3,1.0,2.0,True,False,False,True,False,False,False,0
17.0,5.0,36.0,3.0,3,1.0,1.0,True,False,True,False,False,False,False,0
6.0,5.0,36.0,4.0,5,1.0,1.0,True,False,False,False,False,False,False,0
48.0,2.0,8.0,1.0,1,1.0,2.0,False,False,False,False,True,False,False,0
48.0,2.0,40.0,1.0,2,1.0,2.0,True,False,False,False,False,True,False,0
19.0,5.0,36.0,3.0,3,1.0,2.0,True,False,True,False,False,False,False,0
13.0,5.0,36.0,3.0,3,1.0,1.0,True,False,True,False,False,False,False,0
8.0,5.0,36.0,4.0,3,1.0,1.0,False,False,False,False,False,False,False,0
49.0,5.0,40.0,1.0,1,1.0,2.0,False,False,False,True,False,False,False,0
38.0,5.0,60.0,1.0,2,1.0,2.0,True,False,False,True,False,False,False,0
54.0,5.0,35.0,1.0,1,1.0,2.0,True,False,False,False,False,True,False,0
53.0,2.0,20.0,1.0,1,1.0,2.0,True,False,False,False,True,False,False,0
31.0,5.0,48.0,1.0,8,1.0,2.0,True,False,False,True,False,False,False,0
47.0,2.0,6.0,1.0,1,1.0,2.0,False,False,True,False,False,False,False,0
39.0,2.0,36.0,3.0,2,1.0,2.0,True,False,True,False,False,False,False,0
59.0,4.0,36.0,3.0,1,1.0,2.0,True,False,False,True,False,False,False,0
28.0,1.0,0.0,1.0,3,1.0,2.0,True,False,True,False,False,False,False,0
38.0,1.0,56.0,1.0,4,1.0,2.0,False,False,True,False,False,False,False,0
8.0,5.0,36.0,4.0,5,1.0,1.0,False,False,False,False,False,False,False,0
5.0,5.0,36.0,4.0,5,2.0,1.0,False,False,False,False,False,False,True,0
2.0,5.0,36.0,4.0,5,2.0,3.0,True,False,False,False,False,False,True,0
20.0,5.0,36.0,3.0,3,1.0,2.0,True,False,True,False,False,False,False,0
40.0,5.0,36.0,3.0,3,1.0,2.0,True,False,False,False,True,False,False,0
13.0,5.0,36.0,3.0,5,1.0,1.0,True,False,False,False,False,False,False,0
12.0,5.0,36.0,3.0,5,1.0,1.0,False,False,False,False,False,False,False,0
9.0,5.0,36.0,4.0,5,1.0,1.0,False,False,False,False,False,False,False,0
9.0,5.0,36.0,4.0,5,1.0,1.0,False,False,False,False,False,False,False,0
60.0,2.0,40.0,1.0,1,1.0,2.0,False,False,False,True,False,False,False,0
55.0,2.0,10.0,1.0,2,1.0,2.0,True,False,True,False,False,False,False,0
45.0,5.0,16.0,1.0,1,1.0,2.0,False,False,False,False,False,False,False,0
60.0,2.0,44.0,1.0,1,1.0,2.0,False,True,False,False,False,False,False,0
59.0,2.0,36.0,3.0,2,1.0,2.0,True,False,False,False,True,False,False,0
30.0,5.0,24.0,1.0,3,1.0,2.0,False,False,True,False,False,False,False,0
20.0,5.0,48.0,1.0,3,1.0,2.0,False,False,True,False,False,False,False,0
9.0,5.0,36.0,4.0,3,1.0,1.0,True,False,False,False,False,False,False,0
46.0,1.0,36.0,3.0,2,1.0,2.0,True,False,False,False,True,False,False,0
11.0,5.0,36.0,3.0,3,1.0,1.0,False,False,True,False,False,False,False,0
65.0,3.0,60.0,1.0,1,1.0,2.0,False,False,False,True,False,False,False,0
32.0,2.0,48.0,1.0,1,1.0,2.0,False,False,True,False,False,False,False,0
33.0,2.0,48.0,1.0,2,1.0,2.0,True,False,False,False,False,False,False,0
11.0,5.0,36.0,3.0,3,1.0,1.0,True,False,True,False,False,False,False,0
1.0,5.0,36.0,4.0,3,3.0,2.0,False,False,False,False,False,False,True,0
60.0,3.0,36.0,3.0,1,1.0,2.0,True,True,False,False,False,False,False,0
95.0,4.0,36.0,3.0,9,1.0,2.0,True,True,False,False,False,False,False,0
44.0,2.0,30.0,1.0,1,1.0,2.0,False,False,False,False,False,True,False,0
45.0,2.0,25.0,1.0,2,1.0,2.0,True,False,False,False,False,True,False,0
22.0,5.0,10.0,1.0,3,1.0,1.0,False,False,False,False,True,False,False,0
21.0,5.0,36.0,3.0,3,1.0,1.0,False,False,False,False,True,False,False,0
16.0,5.0,36.0,3.0,3,1.0,1.0,False,False,True,False,False,False,False,0
37.0,2.0,44.0,1.0,1,1.0,2.0,False,False,False,True,False,False,False,0
40.0,2.0,0.0,1.0,2,1.0,2.0,True,False,False,False,False,True,False,0
5.0,5.0,36.0,4.0,3,1.0,2.0,True,False,False,False,False,False,True,0
4.0,5.0,36.0,4.0,3,1.0,2.0,False,False,False,False,False,False,True,0
62.0,2.0,24.0,1.0,1,1.0,2.0,False,True,False,False,False,False,False,0
61.0,2.0,36.0,3.0,2,1.0,2.0,True,False,True,False,False,False,False,0
21.0,1.0,60.0,1.0,3,1.0,2.0,False,True,False,False,False,False,False,0
20.0,1.0,24.0,1.0,4,1.0,2.0,True,False,False,True,False,False,False,0
73.0,4.0,36.0,3.0,1,1.0,2.0,True,False,False,False,False,True,False,0
58.0,3.0,60.0,1.0,1,1.0,2.0,True,False,True,False,False,False,False,0
32.0,5.0,50.0,1.0,3,1.0,2.0,True,False,False,True,False,False,False,0
28.0,5.0,36.0,3.0,3,1.0,1.0,False,False,False,False,False,False,False,0
22.0,5.0,36.0,2.0,3,1.0,2.0,False,False,True,False,False,False,False,0
42.0,2.0,36.0,3.0,1,1.0,2.0,False,False,False,False,False,False,False,0
48.0,2.0,40.0,1.0,2,1.0,2.0,True,False,False,False,False,False,False,0
29.0,5.0,36.0,2.0,3,1.0,2.0,False,True,False,False,False,False,False,0
11.0,5.0,36.0,3.0,3,1.0,1.0,True,False,False,False,False,False,False,0
79.0,3.0,36.0,3.0,1,1.0,2.0,True,False,False,False,False,True,False,0
44.0,3.0,48.0,1.0,1,1.0,2.0,True,False,False,True,False,False,False,0
20.0,5.0,36.0,2.0,3,1.0,1.0,True,False,False,False,True,False,False,0
16.0,5.0,36.0,3.0,3,1.0,1.0,False,False,True,False,False,False,False,0
49.0,5.0,48.0,1.0,1,1.0,2.0,True,False,False,False,False,True,False,0
17.0,5.0,36.0,3.0,3,1.0,1.0,False,False,True,False,False,False,False,0
5.0,5.0,36.0,4.0,3,1.0,1.0,False,False,False,False,False,False,False,0
17.0,5.0,36.0,3.0,10,1.0,1.0,False,False,True,False,False,False,False,0
20.0,5.0,35.0,1.0,1,1.0,1.0,False,False,False,False,True,False,False,0
22.0,5.0,35.0,1.0,8,1.0,1.0,True,False,True,False,False,False,False,0
44.0,5.0,35.0,1.0,6,1.0,2.0,True,True,False,False,False,False,False,0
39.0,5.0,36.0,3.0,1,1.0,2.0,True,False,True,False,False,False,False,0
50.0,5.0,40.0,1.0,8,1.0,2.0,False,False,True,False,False,False,False,0
42.0,5.0,40.0,1.0,8,1.0,2.0,False,True,False,False,False,False,False,0
19.0,5.0,36.0,3.0,3,1.0,2.0,False,False,False,True,False,False,False,0
4.0,5.0,36.0,4.0,3,2.0,3.0,False,False,False,False,False,False,True,0
52.0,3.0,77.0,1.0,1,1.0,2.0,True,False,False,False,False,True,False,0
20.0,5.0,36.0,3.0,3,1.0,1.0,False,False,False,False,True,False,False,0
76.0,5.0,36.0,3.0,1,1.0,2.0,True,True,False,False,False,False,False,0
44.0,5.0,40.0,1.0,3,1.0,2.0,False,False,False,True,False,False,False,0
44.0,5.0,20.0,1.0,3,1.0,2.0,False,False,True,False,False,False,False,0
46.0,5.0,36.0,2.0,3,1.0,2.0,False,False,True,False,False,False,False,0
70.0,5.0,36.0,3.0,1,1.0,2.0,False,False,False,True,False,False,False,0
38.0,5.0,36.0,3.0,9,1.0,2.0,True,False,False,True,False,False,False,0
37.0,5.0,36.0,3.0,9,1.0,2.0,False,False,False,True,False,False,False,0
30.0,5.0,36.0,2.0,1,1.0,1.0,False,False,False,False,True,False,False,0
61.0,2.0,36.0,3.0,6,1.0,2.0,False,False,False,True,False,False,False,0
61.0,2.0,36.0,3.0,6,1.0,2.0,True,False,False,False,False,True,False,0
43.0,5.0,0.0,1.0,1,1.0,2.0,True,False,False,False,False,True,False,0
23.0,5.0,44.0,1.0,3,1.0,2.0,False,False,False,True,False,False,False,0
20.0,5.0,36.0,3.0,3,1.0,1.0,False,False,False,False,True,False,False,0
16.0,5.0,36.0,3.0,3,1.0,1.0,False,False,True,False,False,False,False,0
13.0,5.0,36.0,3.0,3,1.0,1.0,False,False,False,False,False,False,False,0
11.0,5.0,36.0,3.0,3,1.0,1.0,True,False,False,False,False,False,False,0
9.0,5.0,36.0,4.0,3,1.0,1.0,False,False,False,False,False,False,False,0
8.0,5.0,36.0,4.0,3,1.0,1.0,False,False,False,False,False,False,False,0
5.0,5.0,36.0,4.0,3,2.0,1.0,False,False,False,False,False,False,False,0
56.0,2.0,40.0,1.0,1,1.0,2.0,False,False,False,False,False,True,False,0
54.0,2.0,40.0,1.0,2,1.0,2.0,True,False,False,False,False,True,False,0
15.0,5.0,36.0,3.0,3,1.0,1.0,True,False,True,False,False,False,False,0
41.0,1.0,24.0,1.0,1,1.0,2.0,False,False,False,False,False,True,False,0
42.0,1.0,0.0,1.0,2,1.0,2.0,True,False,False,True,False,False,False,0
21.0,5.0,36.0,3.0,3,1.0,1.0,False,False,False,False,True,False,False,0
62.0,3.0,36.0,3.0,1,1.0,2.0,True,False,True,False,False,False,False,0
23.0,5.0,40.0,1.0,3,1.0,2.0,True,False,False,True,False,False,False,0
43.0,5.0,36.0,2.0,3,1.0,2.0,False,False,False,True,False,False,False,0
17.0,5.0,36.0,3.0,5,1.0,1.0,True,False,True,False,False,False,False,0
13.0,5.0,36.0,3.0,5,1.0,1.0,False,False,True,False,False,False,False,0
45.0,2.0,40.0,1.0,1,1.0,2.0,False,True,False,False,False,False,False,0
40.0,2.0,20.0,1.0,2,1.0,1.0,True,False,True,False,False,False,False,0
31.0,5.0,6.0,1.0,3,1.0,2.0,True,False,False,False,True,False,False,0
65.0,2.0,36.0,3.0,1,1.0,2.0,False,True,False,False,False,False,False,0
67.0,2.0,6.0,1.0,2,1.0,2.0,True,False,False,True,False,False,False,0
54.0,5.0,48.0,1.0,1,1.0,2.0,False,True,False,False,False,False,False,0
26.0,5.0,60.0,1.0,9,1.0,2.0,False,True,False,False,False,False,False,0
25.0,5.0,48.0,1.0,9,1.0,2.0,False,False,False,True,False,False,False,0
53.0,2.0,12.0,1.0,1,1.0,2.0,False,True,False,False,False,False,False,0
54.0,2.0,36.0,3.0,2,1.0,2.0,True,True,False,False,False,False,False,0
77.0,5.0,36.0,3.0,1,1.0,2.0,True,False,False,False,False,False,False,0
28.0,5.0,36.0,3.0,9,1.0,1.0,False,False,False,False,True,False,False,0
1.0,5.0,36.0,4.0,5,3.0,2.0,True,False,False,False,False,False,True,0
54.0,2.0,70.0,1.0,1,1.0,2.0,True,True,False,False,False,False,False,0
58.0,2.0,24.0,1.0,2,1.0,2.0,False,False,False,False,False,False,False,0
18.0,5.0,36.0,3.0,5,1.0,2.0,False,False,False,True,False,False,False,0
52.0,2.0,0.0,1.0,1,1.0,2.0,True,False,False,True,False,False,False,0
50.0,2.0,0.0,1.0,2,1.0,2.0,False,False,False,False,False,True,False,0
21.0,5.0,36.0,3.0,3,1.0,1.0,True,False,False,False,True,False,False,0
11.0,5.0,36.0,3.0,3,1.0,1.0,False,False,False,False,False,False,False,0
78.0,2.0,36.0,3.0,1,1.0,2.0,False,False,False,True,False,False,False,0
80.0,2.0,36.0,3.0,2,1.0,2.0,True,False,True,False,False,False,False,0
59.0,3.0,40.0,1.0,1,1.0,2.0,False,False,False,False,False,True,False,0
69.0,3.0,36.0,3.0,1,1.0,2.0,True,False,False,False,False,False,False,0
36.0,5.0,21.0,1.0,3,1.0,2.0,True,False,False,True,False,False,False,0
31.0,5.0,12.0,1.0,3,1.0,2.0,True,False,False,True,False,False,False,0
42.0,2.0,40.0,1.0,1,1.0,2.0,False,False,False,False,False,True,False,0
32.0,2.0,36.0,3.0,2,1.0,2.0,True,False,False,False,False,True,False,0
2.0,5.0,36.0,4.0,3,2.0,3.0,False,False,False,False,False,False,True,0
51.0,2.0,15.0,1.0,1,1.0,2.0,True,False,False,True,False,False,False,0
58.0,2.0,20.0,1.0,2,1.0,2.0,False,False,False,False,False,False,False,0
52.0,5.0,20.0,1.0,1,1.0,2.0,True,False,False,False,False,True,False,0
50.0,1.0,35.0,1.0,2,1.0,2.0,False,False,True,False,False,False,False,0
19.0,5.0,16.0,1.0,3,1.0,2.0,True,False,False,True,False,False,False,0
59.0,1.0,32.0,1.0,1,1.0,2.0,True,False,False,False,False,True,False,0
62.0,1.0,32.0,1.0,2,1.0,2.0,False,False,False,False,False,True,False,0
62.0,3.0,28.0,1.0,1,1.0,2.0,False,False,False,False,False,False,False,0
48.0,5.0,20.0,1.0,8,2.0,2.0,False,False,False,False,False,False,False,0
25.0,5.0,48.0,1.0,1,1.0,2.0,False,False,True,False,False,False,False,0
71.0,2.0,36.0,3.0,1,1.0,2.0,False,False,False,False,False,True,False,0
67.0,2.0,36.0,3.0,2,1.0,2.0,True,False,False,False,False,True,False,0
45.0,2.0,45.0,1.0,1,1.0,2.0,True,False,False,False,False,True,False,0
44.0,2.0,45.0,1.0,2,1.0,1.0,False,False,False,False,True,False,False,0
50.0,1.0,18.0,1.0,1,1.0,2.0,False,True,False,False,False,False,False,0
47.0,1.0,18.0,1.0,2,1.0,2.0,True,True,False,False,False,False,False,0
32.0,5.0,32.0,1.0,3,1.0,2.0,False,False,False,True,False,False,False,0
26.0,5.0,36.0,3.0,3,1.0,2.0,False,False,False,True,False,False,False,0
24.0,5.0,36.0,1.0,3,1.0,2.0,False,False,False,True,False,False,False,0
11.0,5.0,36.0,3.0,3,1.0,1.0,False,False,False,False,False,False,False,0
14.0,5.0,36.0,3.0,3,1.0,1.0,False,False,True,False,False,False,False,0
9.0,5.0,36.0,4.0,3,1.0,1.0,False,False,False,False,False,False,False,0
7.0,5.0,36.0,4.0,3,1.0,1.0,False,False,False,False,False,False,False,0
2.0,5.0,36.0,4.0,3,2.0,3.0,True,False,False,False,False,False,True,0
77.0,2.0,0.0,1.0,1,1.0,2.0,False,False,False,False,False,True,False,0
68.0,2.0,0.0,1.0,2,1.0,2.0,True,False,False,False,False,True,False,0
46.0,3.0,40.0,1.0,1,1.0,2.0,True,False,False,False,False,True,False,0
15.0,5.0,36.0,3.0,3,1.0,1.0,True,False,True,False,False,False,False,0
14.0,5.0,36.0,3.0,3,1.0,1.0,False,False,True,False,False,False,False,0
49.0,1.0,48.0,1.0,1,1.0,2.0,True,False,False,False,False,True,False,0
60.0,1.0,48.0,1.0,2,1.0,2.0,False,False,False,False,True,False,False,0
60.0,2.0,24.0,1.0,1,1.0,2.0,True,False,False,False,True,False,False,0
61.0,2.0,45.0,1.0,2,1.0,2.0,False,False,False,False,True,False,False,0
21.0,5.0,36.0,3.0,3,1.0,1.0,True,False,False,False,True,False,False,0
17.0,5.0,36.0,3.0,3,1.0,1.0,False,False,True,False,False,False,False,0
7.0,5.0,36.0,4.0,3,1.0,1.0,False,False,False,False,False,False,False,0
61.0,3.0,36.0,3.0,1,1.0,2.0,True,False,False,False,False,True,False,0
35.0,5.0,24.0,1.0,3,1.0,2.0,False,False,False,False,False,True,False,0
35.0,5.0,36.0,3.0,3,1.0,2.0,False,False,False,False,False,True,False,0
58.0,1.0,48.0,1.0,1,1.0,2.0,False,False,False,False,True,False,False,0
61.0,1.0,0.0,1.0,2,1.0,2.0,True,False,False,False,False,True,False,0
19.0,5.0,36.0,3.0,3,1.0,1.0,False,False,False,False,True,False,False,0
36.0,2.0,54.0,1.0,1,1.0,2.0,False,False,False,False,True,False,False,0
35.0,2.0,45.0,1.0,2,1.0,2.0,True,False,False,False,False,True,False,0
38.0,5.0,36.0,3.0,1,1.0,2.0,True,True,False,False,False,False,False,0
20.0,1.0,40.0,1.0,3,1.0,2.0,False,False,True,False,False,False,False,0
22.0,1.0,12.0,1.0,4,1.0,2.0,True,True,False,False,False,False,False,0
56.0,2.0,36.0,3.0,1,1.0,2.0,False,False,False,True,False,False,False,0
56.0,2.0,36.0,3.0,2,1.0,2.0,True,True,False,False,False,False,False,0
33.0,5.0,36.0,1.0,3,1.0,2.0,False,False,False,True,False,False,False,0
52.0,1.0,48.0,1.0,1,1.0,2.0,False,False,True,False,False,False,False,0
50.0,1.0,36.0,2.0,2,1.0,2.0,True,False,False,False,False,True,False,0
19.0,5.0,36.0,3.0,3,1.0,1.0,False,False,False,False,True,False,False,0
32.0,1.0,18.0,1.0,1,1.0,1.0,False,False,False,False,True,False,False,0
29.0,1.0,14.0,1.0,2,1.0,2.0,True,False,False,True,False,False,False,0
55.0,2.0,84.0,1.0,1,1.0,2.0,False,False,False,False,True,False,False,0
54.0,2.0,36.0,3.0,2,1.0,2.0,True,False,False,True,False,False,False,0
22.0,5.0,56.0,1.0,3,1.0,2.0,False,False,False,True,False,False,False,0
21.0,5.0,36.0,3.0,3,1.0,1.0,True,False,False,False,True,False,False,0
41.0,2.0,45.0,1.0,1,1.0,2.0,True,False,False,False,False,True,False,0
44.0,2.0,45.0,1.0,2,1.0,2.0,False,False,False,True,False,False,False,0
14.0,5.0,36.0,3.0,3,1.0,1.0,True,False,True,False,False,False,False,0
10.0,5.0,36.0,3.0,3,1.0,1.0,True,False,False,False,False,False,False,0
59.0,5.0,40.0,1.0,1,1.0,2.0,False,False,False,False,True,False,False,0
53.0,1.0,40.0,1.0,1,1.0,2.0,False,False,False,True,False,False,False,0
27.0,1.0,15.0,1.0,2,1.0,2.0,True,False,False,True,False,False,False,0
17.0,5.0,36.0,3.0,3,1.0,1.0,True,False,True,False,False,False,False,0
57.0,5.0,24.0,1.0,1,1.0,2.0,False,False,False,False,False,False,False,0
37.0,5.0,36.0,2.0,3,1.0,2.0,True,False,False,True,False,False,False,0
10.0,5.0,36.0,3.0,5,1.0,1.0,False,False,False,False,False,False,False,0
56.0,1.0,20.0,1.0,1,1.0,2.0,True,True,False,False,False,False,False,0
81.0,2.0,36.0,3.0,1,1.0,2.0,False,False,False,False,False,True,False,0
80.0,2.0,36.0,3.0,2,1.0,2.0,True,False,True,False,False,False,False,0
30.0,1.0,40.0,1.0,1,1.0,2.0,False,False,False,True,False,False,False,0
31.0,1.0,54.0,1.0,2,1.0,2.0,True,False,False,False,False,True,False,0
75.0,4.0,36.0,3.0,6,1.0,2.0,True,True,False,False,False,False,False,0
40.0,5.0,45.0,1.0,1,1.0,2.0,True,False,False,False,False,True,False,0
60.0,4.0,36.0,3.0,1,1.0,2.0,False,False,False,False,True,False,False,0
53.0,1.0,36.0,3.0,1,1.0,2.0,True,False,True,False,False,False,False,0
55.0,1.0,55.0,1.0,2,1.0,2.0,False,False,False,True,False,False,False,0
19.0,5.0,44.0,1.0,3,1.0,2.0,True,False,False,True,False,False,False,0
33.0,1.0,48.0,1.0,3,1.0,2.0,False,False,False,False,False,True,False,0
32.0,1.0,30.0,1.0,4,1.0,2.0,True,False,False,True,False,False,False,0
83.0,2.0,36.0,3.0,1,1.0,2.0,True,False,False,False,False,False,False,0
78.0,2.0,36.0,3.0,2,1.0,2.0,False,True,False,False,False,False,False,0
9.0,5.0,36.0,4.0,3,1.0,1.0,False,False,False,False,False,False,False,0
15.0,5.0,36.0,3.0,3,1.0,1.0,True,False,True,False,False,False,False,0
52.0,1.0,35.0,1.0,1,1.0,2.0,False,False,True,False,False,False,False,0
46.0,1.0,20.0,1.0,2,1.0,2.0,True,False,True,False,False,False,False,0
21.0,5.0,21.0,1.0,3,1.0,2.0,False,False,False,True,False,False,False,0
37.0,5.0,56.0,1.0,1,1.0,2.0,True,False,True,False,False,False,False,0
17.0,5.0,36.0,3.0,3,1.0,1.0,True,False,True,False,False,False,False,0
11.0,5.0,36.0,3.0,3,1.0,1.0,False,False,False,False,False,False,False,0
75.0,2.0,36.0,3.0,1,1.0,2.0,False,False,True,False,False,False,False,0
73.0,2.0,36.0,3.0,2,1.0,2.0,True,False,False,False,False,True,False,0
44.0,3.0,48.0,1.0,3,1.0,2.0,False,False,False,True,False,False,False,0
49.0,3.0,40.0,1.0,1,1.0,2.0,True,False,True,False,False,False,False,0
22.0,5.0,36.0,3.0,3,1.0,1.0,False,False,False,False,True,False,False,0
19.0,5.0,8.0,1.0,3,1.0,2.0,False,False,False,True,False,False,False,0
17.0,5.0,8.0,1.0,3,1.0,1.0,True,False,True,False,False,False,False,0
72.0,4.0,36.0,3.0,1,1.0,2.0,True,True,False,False,False,False,False,0
51.0,5.0,28.0,1.0,3,1.0,2.0,False,False,True,False,False,False,False,0
75.0,4.0,63.0,1.0,1,1.0,2.0,True,False,True,False,False,False,False,0
25.0,5.0,36.0,3.0,3,1.0,1.0,True,False,False,False,True,False,False,0
33.0,1.0,60.0,1.0,1,1.0,2.0,False,False,False,True,False,False,False,0
31.0,1.0,40.0,1.0,2,1.0,2.0,True,False,False,False,False,True,False,0
53.0,2.0,0.0,1.0,1,1.0,2.0,False,True,False,False,False,False,False,0
49.0,2.0,0.0,1.0,2,1.0,1.0,True,False,True,False,False,False,False,0
20.0,5.0,0.0,1.0,3,1.0,1.0,False,False,False,False,True,False,False,0
25.0,5.0,0.0,1.0,3,1.0,2.0,False,False,False,False,False,True,False,0
71.0,4.0,70.0,1.0,1,1.0,2.0,False,True,False,False,False,False,False,0
29.0,1.0,49.0,1.0,1,1.0,2.0,False,False,False,True,False,False,False,0
29.0,1.0,45.0,1.0,2,1.0,2.0,True,False,False,True,False,False,False,0
30.0,1.0,36.0,3.0,1,1.0,2.0,True,False,False,True,False,False,False,0
34.0,1.0,54.0,1.0,2,1.0,2.0,False,False,False,True,False,False,False,0
5.0,5.0,36.0,4.0,3,1.0,1.0,True,False,False,False,False,False,True,0
46.0,1.0,54.0,1.0,1,1.0,2.0,False,False,False,False,False,True,False,0
43.0,1.0,25.0,1.0,2,1.0,2.0,True,False,False,False,False,True,False,0
10.0,5.0,36.0,3.0,3,1.0,1.0,True,False,False,False,False,False,False,0
1.0,5.0,36.0,4.0,3,3.0,2.0,False,False,False,False,False,False,True,0
52.0,2.0,45.0,1.0,1,1.0,2.0,False,False,False,True,False,False,False,0
55.0,2.0,45.0,1.0,2,1.0,2.0,True,False,True,False,False,False,False,0
24.0,5.0,36.0,3.0,3,1.0,2.0,True,False,False,False,True,False,False,0
11.0,5.0,36.0,3.0,3,1.0,2.0,False,False,False,False,False,False,False,0
9.0,5.0,36.0,4.0,3,1.0,2.0,True,False,False,False,False,False,False,0
45.0,5.0,36.0,2.0,9,1.0,2.0,False,False,False,False,False,True,False,0
73.0,4.0,36.0,3.0,9,1.0,2.0,True,False,True,False,False,False,False,0
78.0,4.0,36.0,3.0,1,1.0,2.0,True,False,False,True,False,False,False,0
64.0,2.0,16.0,1.0,1,1.0,2.0,False,False,False,True,False,False,False,0
61.0,2.0,36.0,3.0,2,1.0,2.0,True,False,False,True,False,False,False,0
20.0,5.0,36.0,3.0,3,1.0,1.0,False,False,False,False,True,False,False,0
20.0,5.0,36.0,3.0,3,1.0,1.0,True,False,False,False,True,False,False,0
46.0,2.0,0.0,1.0,1,1.0,2.0,False,True,False,False,False,False,False,0
44.0,2.0,36.0,3.0,2,1.0,2.0,True,False,False,False,False,True,False,0
15.0,5.0,36.0,3.0,3,1.0,1.0,True,False,True,False,False,False,False,0
5.0,5.0,36.0,4.0,3,1.0,1.0,False,False,False,False,False,False,True,0
5.0,5.0,36.0,4.0,5,2.0,1.0,True,False,False,False,False,False,False,0
2.0,5.0,36.0,4.0,3,2.0,3.0,False,False,False,False,False,False,True,0
53.0,2.0,6.0,1.0,2,1.0,2.0,True,False,False,False,False,True,False,0
27.0,5.0,45.0,1.0,3,1.0,1.0,False,False,False,False,True,False,False,0
24.0,5.0,45.0,1.0,3,1.0,1.0,False,False,False,False,True,False,False,0
60.0,2.0,45.0,1.0,1,1.0,2.0,False,False,False,False,False,True,False,0
15.0,5.0,36.0,3.0,3,1.0,1.0,False,False,True,False,False,False,False,0
68.0,4.0,36.0,3.0,1,1.0,2.0,True,True,False,False,False,False,False,0
16.0,5.0,36.0,3.0,5,1.0,1.0,False,False,True,False,False,False,False,0
40.0,1.0,36.0,3.0,3,1.0,2.0,True,False,False,True,False,False,False,0
40.0,1.0,40.0,1.0,4,1.0,2.0,False,True,False,False,False,False,False,0
10.0,5.0,36.0,3.0,5,1.0,1.0,True,False,False,False,False,False,False,0
59.0,2.0,50.0,1.0,1,1.0,2.0,False,False,False,False,False,True,False,0
55.0,2.0,0.0,1.0,2,1.0,2.0,True,False,False,False,False,True,False,0
28.0,5.0,35.0,1.0,3,1.0,1.0,True,False,False,False,True,False,False,0
53.0,2.0,42.0,1.0,1,1.0,2.0,False,False,False,False,False,True,False,0
44.0,2.0,36.0,1.0,2,1.0,2.0,True,False,False,False,False,True,False,0
54.0,2.0,36.0,3.0,1,1.0,2.0,True,True,False,False,False,False,False,0
58.0,2.0,45.0,1.0,2,1.0,2.0,False,True,False,False,False,False,False,0
27.0,5.0,36.0,2.0,3,1.0,2.0,False,False,False,True,False,False,False,0
79.0,4.0,36.0,3.0,1,1.0,2.0,True,True,False,False,False,False,False,0
54.0,5.0,30.0,1.0,3,1.0,2.0,True,False,False,False,False,True,False,0
79.0,2.0,36.0,3.0,1,1.0,2.0,False,False,True,False,False,False,False,0
75.0,2.0,36.0,3.0,2,1.0,2.0,True,False,False,False,False,True,False,0
37.0,1.0,36.0,1.0,1,1.0,2.0,False,False,False,False,False,False,False,0
29.0,1.0,36.0,3.0,2,1.0,2.0,True,False,False,True,False,False,False,0
50.0,2.0,30.0,1.0,1,1.0,2.0,False,False,True,False,False,False,False,0
50.0,2.0,25.0,1.0,2,1.0,2.0,True,False,False,True,False,False,False,0
32.0,5.0,30.0,1.0,3,1.0,2.0,False,False,True,False,False,False,False,0
28.0,5.0,36.0,1.0,3,1.0,2.0,False,False,False,True,False,False,False,0
47.0,5.0,12.0,1.0,3,1.0,2.0,True,True,False,False,False,False,False,0
41.0,5.0,70.0,1.0,1,1.0,2.0,False,False,False,True,False,False,False,0
45.0,3.0,36.0,2.0,1,1.0,2.0,True,False,False,True,False,False,False,0
23.0,5.0,36.0,3.0,3,1.0,1.0,False,False,False,False,True,False,False,0
23.0,5.0,36.0,3.0,3,1.0,1.0,True,False,False,False,True,False,False,0
68.0,2.0,36.0,3.0,1,1.0,2.0,True,False,False,True,False,False,False,0
61.0,2.0,25.0,1.0,2,1.0,2.0,False,False,True,False,False,False,False,0
23.0,5.0,36.0,3.0,3,1.0,1.0,True,False,False,False,True,False,False,0
21.0,5.0,36.0,3.0,3,1.0,1.0,True,False,False,False,True,False,False,0
59.0,4.0,36.0,3.0,1,1.0,2.0,True,False,False,False,False,True,False,0
35.0,1.0,56.0,1.0,3,1.0,2.0,False,False,False,False,False,True,False,0
32.0,1.0,56.0,1.0,4,1.0,2.0,True,False,False,False,True,False,False,0
7.0,5.0,36.0,4.0,5,1.0,1.0,False,False,False,False,False,False,False,0
2.0,5.0,36.0,4.0,5,2.0,3.0,False,False,False,False,False,False,True,0
53.0,2.0,40.0,1.0,1,1.0,2.0,False,False,False,False,False,True,False,0
47.0,2.0,40.0,1.0,2,1.0,2.0,True,False,False,False,False,True,False,0
18.0,5.0,36.0,3.0,3,1.0,1.0,False,False,True,False,False,False,False,0
20.0,5.0,36.0,3.0,3,1.0,1.0,True,False,False,False,True,False,False,0
67.0,2.0,36.0,3.0,1,1.0,2.0,False,True,False,False,False,False,False,0
65.0,2.0,36.0,3.0,2,1.0,2.0,True,True,False,False,False,False,False,0
36.0,1.0,40.0,1.0,3,1.0,2.0,False,False,False,False,False,True,False,0
30.0,5.0,45.0,1.0,3,1.0,2.0,False,False,False,False,False,True,False,0
30.0,1.0,36.0,3.0,4,1.0,1.0,True,False,False,False,True,False,False,0
34.0,5.0,36.0,4.0,5,3.0,2.0,False,False,False,False,False,False,True,0
76.0,4.0,36.0,3.0,1,1.0,2.0,True,False,False,False,False,True,False,0
14.0,5.0,36.0,3.0,3,1.0,1.0,False,False,True,False,False,False,False,0
44.0,2.0,30.0,1.0,1,1.0,2.0,False,False,False,False,False,True,False,0
38.0,2.0,0.0,1.0,2,1.0,2.0,True,False,False,False,False,True,False,0
34.0,5.0,36.0,4.0,3,3.0,2.0,True,False,False,False,False,False,True,0
33.0,1.0,60.0,1.0,1,1.0,2.0,False,False,True,False,False,False,False,0
30.0,1.0,36.0,3.0,2,1.0,2.0,True,False,False,False,False,True,False,0
10.0,5.0,36.0,3.0,3,1.0,1.0,False,False,False,False,False,False,False,0
3.0,5.0,36.0,4.0,3,2.0,1.0,True,False,False,False,False,False,True,0
81.0,4.0,36.0,3.0,1,1.0,2.0,True,True,False,False,False,False,False,0
59.0,3.0,32.0,1.0,1,1.0,2.0,True,False,False,False,True,False,False,0
38.0,2.0,60.0,1.0,4,1.0,2.0,False,False,False,True,False,False,False,0
37.0,2.0,36.0,3.0,3,1.0,2.0,True,False,False,True,False,False,False,0
18.0,5.0,36.0,3.0,5,1.0,1.0,True,False,False,False,True,False,False,0
14.0,5.0,36.0,3.0,5,1.0,2.0,False,False,False,False,False,False,False,0
12.0,5.0,36.0,3.0,5,1.0,1.0,False,False,True,False,False,False,False,0
43.0,3.0,30.0,1.0,1,1.0,2.0,False,False,False,False,False,True,False,0
15.0,5.0,36.0,3.0,3,1.0,1.0,False,False,True,False,False,False,False,0
22.0,1.0,20.0,1.0,1,1.0,2.0,True,False,False,True,False,False,False,0
7.0,5.0,36.0,4.0,3,2.0,1.0,False,False,False,False,False,False,False,0
26.0,1.0,72.0,1.0,1,1.0,2.0,False,False,True,False,False,False,False,0
25.0,1.0,70.0,1.0,2,1.0,2.0,True,False,True,False,False,False,False,0
8.0,5.0,36.0,4.0,3,1.0,1.0,False,False,False,False,False,False,False,0
6.0,5.0,36.0,4.0,3,1.0,1.0,False,False,False,False,False,False,False,0
33.0,2.0,72.0,1.0,1,1.0,2.0,False,False,False,True,False,False,False,0
32.0,2.0,72.0,1.0,2,1.0,2.0,True,False,False,True,False,False,False,0
13.0,5.0,36.0,3.0,3,1.0,1.0,True,False,True,False,False,False,False,0
3.0,5.0,36.0,4.0,3,2.0,3.0,True,False,False,False,False,False,True,0
66.0,4.0,36.0,2.0,1,1.0,2.0,True,True,False,False,False,False,False,0
38.0,1.0,45.0,1.0,3,1.0,2.0,False,True,False,False,False,False,False,0
33.0,1.0,36.0,3.0,4,1.0,2.0,True,False,False,True,False,False,False,0
70.0,5.0,36.0,1.0,10,1.0,2.0,False,True,False,False,False,False,False,0
29.0,5.0,36.0,1.0,3,1.0,2.0,False,False,True,False,False,False,False,0
14.0,5.0,36.0,3.0,5,1.0,1.0,True,False,True,False,False,False,False,0
44.0,5.0,48.0,1.0,3,1.0,2.0,True,True,False,False,False,False,False,0
68.0,1.0,0.0,1.0,1,1.0,2.0,True,False,False,False,False,True,False,0
69.0,1.0,32.0,1.0,2,1.0,2.0,False,False,False,False,False,True,False,0
44.0,3.0,36.0,2.0,1,1.0,2.0,True,False,False,True,False,False,False,0
22.0,5.0,36.0,1.0,3,1.0,2.0,False,False,False,True,False,False,False,0
18.0,5.0,36.0,1.0,3,1.0,2.0,False,False,True,False,False,False,False,0
49.0,5.0,48.0,1.0,1,1.0,2.0,True,False,False,True,False,False,False,0
15.0,5.0,36.0,3.0,3,1.0,2.0,False,False,True,False,False,False,False,0
63.0,2.0,36.0,3.0,1,1.0,2.0,False,False,False,False,False,True,False,0
59.0,2.0,36.0,3.0,2,1.0,2.0,True,False,True,False,False,False,False,0
39.0,5.0,25.0,1.0,3,1.0,2.0,False,False,False,False,False,True,False,0
53.0,4.0,20.0,1.0,1,1.0,2.0,False,False,False,False,False,True,False,0
35.0,5.0,20.0,1.0,1,1.0,2.0,True,False,False,False,False,True,False,0
32.0,5.0,40.0,1.0,8,1.0,2.0,False,False,False,False,False,True,False,0
12.0,5.0,36.0,3.0,3,1.0,1.0,True,False,True,False,False,False,False,0
62.0,1.0,36.0,3.0,1,1.0,2.0,True,False,False,True,False,False,False,0
64.0,1.0,36.0,3.0,2,1.0,2.0,False,False,False,True,False,False,False,0
22.0,5.0,36.0,3.0,3,1.0,1.0,False,False,False,False,True,False,False,0
67.0,2.0,25.0,1.0,1,1.0,2.0,False,False,False,False,False,False,False,0
64.0,2.0,25.0,1.0,2,1.0,2.0,True,True,False,False,False,False,False,0
31.0,1.0,18.0,1.0,1,1.0,2.0,False,False,True,False,False,False,False,0
32.0,1.0,36.0,3.0,2,1.0,2.0,True,False,True,False,False,False,False,0
12.0,5.0,36.0,3.0,3,1.0,1.0,True,False,True,False,False,False,False,0
11.0,5.0,36.0,3.0,3,1.0,1.0,True,False,False,False,False,False,False,0
10.0,5.0,36.0,3.0,3,1.0,1.0,False,False,False,False,False,False,False,0
8.0,5.0,36.0,4.0,3,1.0,1.0,False,False,False,False,False,False,False,0
2.0,5.0,36.0,4.0,3,2.0,3.0,True,False,False,False,False,False,True,0
80.0,4.0,36.0,3.0,1,1.0,2.0,True,True,False,False,False,False,False,0
43.0,5.0,48.0,1.0,3,1.0,2.0,False,False,False,True,False,False,False,0
63.0,2.0,21.0,1.0,1,1.0,2.0,False,False,True,False,False,False,False,0
58.0,2.0,21.0,1.0,2,1.0,2.0,True,True,False,False,False,False,False,0
38.0,5.0,36.0,3.0,3,1.0,2.0,True,False,False,True,False,False,False,0
56.0,2.0,36.0,3.0,1,1.0,2.0,False,True,False,False,False,False,False,0
52.0,2.0,40.0,1.0,2,1.0,2.0,True,True,False,False,False,False,False,0
22.0,5.0,55.0,1.0,3,1.0,2.0,False,False,False,True,False,False,False,0
22.0,1.0,56.0,1.0,2,1.0,2.0,False,False,False,True,False,False,False,0
69.0,3.0,3.0,1.0,1,1.0,2.0,False,True,False,False,False,False,False,0
62.0,5.0,36.0,3.0,1,1.0,2.0,False,False,False,False,False,False,False,0
46.0,3.0,84.0,1.0,1,1.0,2.0,True,True,False,False,False,False,False,0
29.0,5.0,44.0,1.0,3,1.0,2.0,False,False,True,False,False,False,False,0
19.0,5.0,36.0,3.0,3,1.0,1.0,True,False,False,False,False,False,False,0
41.0,1.0,60.0,1.0,1,1.0,2.0,False,False,False,False,True,False,False,0
37.0,1.0,36.0,3.0,2,1.0,2.0,True,False,False,True,False,False,False,0
14.0,5.0,36.0,3.0,3,1.0,1.0,False,False,True,False,False,False,False,0
9.0,5.0,36.0,4.0,3,1.0,1.0,True,False,False,False,False,False,False,0
33.0,1.0,40.0,1.0,2,1.0,2.0,True,False,False,True,False,False,False,0
12.0,5.0,36.0,3.0,3,1.0,1.0,True,False,False,False,False,False,False,0
57.0,5.0,25.0,1.0,1,1.0,2.0,True,False,False,False,True,False,False,0
43.0,1.0,35.0,1.0,1,1.0,2.0,True,False,False,False,True,False,False,0
48.0,1.0,48.0,1.0,2,1.0,1.0,False,False,False,False,True,False,False,0
8.0,5.0,36.0,4.0,3,1.0,1.0,True,False,False,False,False,False,False,0
47.0,1.0,60.0,1.0,1,1.0,2.0,False,True,False,False,False,False,False,0
48.0,1.0,36.0,3.0,2,1.0,2.0,True,True,False,False,False,False,False,0
18.0,5.0,36.0,3.0,3,1.0,1.0,True,False,True,False,False,False,False,0
8.0,5.0,36.0,4.0,3,1.0,1.0,True,False,False,False,False,False,False,0
18.0,5.0,30.0,1.0,3,1.0,2.0,True,False,False,False,False,False,True,0
22.0,5.0,70.0,1.0,3,1.0,2.0,False,False,False,True,False,False,False,0
47.0,2.0,27.0,1.0,1,1.0,2.0,False,True,False,False,False,False,False,0
38.0,2.0,36.0,2.0,2,1.0,2.0,True,False,False,False,False,False,False,0
17.0,5.0,36.0,3.0,3,1.0,1.0,True,False,True,False,False,False,False,0
63.0,2.0,0.0,1.0,1,1.0,2.0,False,True,False,False,False,False,False,0
61.0,2.0,36.0,3.0,2,1.0,2.0,True,False,False,True,False,False,False,0
30.0,5.0,36.0,3.0,3,1.0,2.0,True,False,False,True,False,False,False,0
34.0,5.0,48.0,1.0,3,1.0,2.0,False,False,False,True,False,False,False,0
1.0,5.0,36.0,4.0,5,3.0,2.0,True,False,False,False,False,False,True,0
49.0,2.0,50.0,1.0,1,1.0,2.0,False,False,False,False,False,True,False,0
52.0,2.0,45.0,1.0,2,1.0,2.0,True,False,False,False,False,True,False,0
11.0,5.0,36.0,3.0,3,1.0,1.0,False,False,False,False,False,False,False,0
23.0,5.0,0.0,1.0,1,1.0,1.0,True,False,False,False,True,False,False,0
34.0,5.0,0.0,1.0,9,1.0,2.0,False,False,False,True,False,False,False,0
21.0,5.0,36.0,3.0,3,1.0,1.0,True,False,False,False,True,False,False,0
76.0,4.0,36.0,3.0,1,1.0,2.0,True,True,False,False,False,False,False,0
47.0,3.0,48.0,1.0,3,1.0,2.0,False,False,False,True,False,False,False,0
16.0,5.0,36.0,3.0,5,1.0,1.0,False,False,True,False,False,False,False,0
13.0,5.0,36.0,3.0,5,1.0,1.0,True,False,True,False,False,False,False,0
36.0,5.0,36.0,3.0,1,1.0,2.0,True,False,False,True,False,False,False,0
23.0,1.0,36.0,3.0,1,1.0,1.0,False,False,False,False,True,False,False,0
23.0,1.0,36.0,3.0,2,1.0,1.0,True,False,False,False,True,False,False,0
15.0,5.0,36.0,3.0,3,1.0,1.0,False,False,True,False,False,False,False,0
44.0,2.0,46.0,1.0,1,1.0,2.0,True,False,False,False,False,True,False,0
42.0,2.0,46.0,1.0,2,1.0,2.0,False,False,False,True,False,False,False,0
18.0,5.0,36.0,3.0,3,1.0,1.0,False,False,False,False,True,False,False,0
33.0,5.0,35.0,1.0,1,1.0,2.0,True,False,False,False,True,False,False,0
6.0,5.0,36.0,4.0,3,1.0,1.0,False,False,False,False,False,False,False,0
74.0,4.0,36.0,3.0,1,1.0,2.0,True,True,False,False,False,False,False,0
53.0,5.0,40.0,1.0,1,1.0,2.0,True,False,False,True,False,False,False,0
15.0,5.0,36.0,3.0,3,1.0,1.0,False,False,True,False,False,False,False,0
74.0,2.0,36.0,3.0,1,1.0,2.0,False,False,False,True,False,False,False,0
68.0,2.0,36.0,3.0,2,1.0,2.0,True,False,False,False,False,True,False,0
51.0,2.0,36.0,3.0,1,1.0,2.0,True,False,False,False,False,True,False,0
52.0,2.0,30.0,1.0,2,1.0,2.0,False,False,False,False,False,True,False,0
23.0,5.0,30.0,1.0,3,1.0,2.0,False,False,False,False,True,False,False,0
20.0,5.0,36.0,3.0,3,1.0,2.0,True,False,False,False,True,False,False,0
15.0,5.0,36.0,3.0,3,1.0,2.0,False,False,True,False,False,False,False,0
53.0,2.0,30.0,1.0,1,1.0,2.0,False,False,False,True,False,False,False,0
50.0,2.0,40.0,1.0,2,1.0,2.0,True,False,False,True,False,False,False,0
25.0,5.0,36.0,3.0,3,1.0,1.0,True,False,False,False,True,False,False,0
21.0,5.0,40.0,1.0,3,1.0,1.0,False,False,False,False,True,False,False,0
59.0,2.0,40.0,1.0,1,1.0,2.0,False,False,False,True,False,False,False,0
58.0,2.0,40.0,1.0,2,1.0,2.0,True,False,False,True,False,False,False,0
24.0,5.0,36.0,3.0,3,1.0,1.0,False,False,False,False,True,False,False,0
62.0,1.0,0.0,1.0,1,1.0,2.0,False,False,False,False,True,False,False,0
65.0,1.0,36.0,3.0,2,1.0,2.0,True,False,False,False,True,False,False,0
40.0,1.0,47.0,1.0,3,1.0,1.0,True,False,False,False,False,True,False,0
21.0,5.0,36.0,3.0,3,1.0,2.0,False,False,False,True,False,False,False,0
21.0,1.0,25.0,1.0,4,1.0,2.0,False,False,False,True,False,False,False,0
54.0,2.0,78.0,1.0,1,1.0,2.0,False,False,False,True,False,False,False,0
54.0,2.0,36.0,3.0,2,1.0,2.0,True,False,False,True,False,False,False,0
27.0,5.0,30.0,1.0,3,1.0,2.0,True,False,False,False,False,True,False,0
25.0,5.0,36.0,1.0,3,1.0,2.0,False,False,False,False,False,True,False,0
64.0,2.0,45.0,1.0,1,1.0,2.0,False,False,False,False,True,False,False,0
57.0,2.0,30.0,1.0,2,1.0,2.0,True,False,False,False,True,False,False,0
22.0,5.0,30.0,1.0,3,1.0,1.0,False,False,False,False,True,False,False,0
20.0,5.0,30.0,1.0,3,1.0,1.0,True,False,False,False,True,False,False,0
42.0,5.0,48.0,1.0,1,1.0,2.0,False,False,False,True,False,False,False,0
24.0,5.0,40.0,1.0,9,1.0,2.0,False,False,False,True,False,False,False,0
73.0,1.0,36.0,3.0,6,1.0,2.0,True,True,False,False,False,False,False,0
66.0,1.0,36.0,3.0,6,1.0,2.0,False,True,False,False,False,False,False,0
63.0,1.0,30.0,1.0,1,1.0,2.0,False,False,False,False,False,False,False,0
58.0,1.0,30.0,1.0,2,1.0,2.0,True,False,False,True,False,False,False,0
29.0,5.0,36.0,3.0,3,1.0,1.0,True,False,False,False,True,False,False,0
32.0,5.0,0.0,1.0,3,1.0,2.0,True,False,False,True,False,False,False,0
37.0,1.0,40.0,1.0,1,1.0,2.0,False,False,False,True,False,False,False,0
55.0,3.0,42.0,1.0,1,1.0,2.0,False,False,False,False,True,False,False,0
14.0,5.0,36.0,3.0,3,1.0,1.0,False,False,True,False,False,False,False,0
57.0,2.0,14.0,1.0,1,1.0,2.0,True,False,False,False,False,True,False,0
61.0,2.0,36.0,3.0,2,1.0,2.0,False,False,False,False,False,True,False,0
16.0,5.0,36.0,3.0,3,1.0,1.0,True,False,True,False,False,False,False,0
72.0,2.0,36.0,3.0,2,1.0,2.0,True,False,True,False,False,False,False,0
23.0,1.0,40.0,1.0,3,1.0,1.0,False,False,False,False,True,False,False,0
6.0,5.0,36.0,4.0,5,1.0,1.0,False,False,False,False,False,False,False,0
27.0,1.0,40.0,1.0,4,1.0,2.0,True,False,False,False,False,True,False,0
61.0,1.0,36.0,3.0,1,1.0,2.0,True,False,True,False,False,False,False,0
63.0,1.0,20.0,1.0,2,1.0,2.0,False,True,False,False,False,False,False,0
17.0,5.0,36.0,3.0,3,1.0,2.0,False,False,False,True,False,False,False,0
26.0,5.0,50.0,1.0,1,1.0,2.0,False,False,False,False,True,False,False,0
62.0,2.0,0.0,1.0,1,1.0,2.0,False,False,False,True,False,False,False,0
51.0,2.0,64.0,1.0,2,1.0,2.0,True,False,False,False,False,True,False,0
23.0,5.0,36.0,3.0,3,1.0,2.0,False,False,True,False,False,False,False,0
53.0,3.0,40.0,1.0,1,1.0,2.0,False,False,False,False,False,True,False,0
50.0,2.0,36.0,3.0,1,1.0,2.0,False,False,False,True,False,False,False,0
50.0,2.0,36.0,3.0,2,1.0,2.0,True,False,False,False,False,True,False,0
25.0,5.0,36.0,3.0,3,1.0,2.0,False,False,False,False,True,False,False,0
64.0,2.0,0.0,1.0,1,1.0,2.0,False,False,False,True,False,False,False,0
60.0,2.0,36.0,3.0,2,1.0,2.0,True,False,False,True,False,False,False,0
39.0,5.0,44.0,1.0,3,1.0,2.0,False,False,False,True,False,False,False,0
26.0,5.0,36.0,3.0,3,1.0,1.0,True,False,False,False,True,False,False,0
23.0,5.0,36.0,1.0,3,1.0,2.0,False,False,False,True,False,False,False,0
44.0,2.0,0.0,1.0,1,1.0,2.0,False,False,False,False,True,False,False,0
43.0,2.0,0.0,1.0,2,1.0,2.0,True,False,False,False,False,True,False,0
9.0,5.0,36.0,4.0,3,1.0,1.0,False,False,False,False,False,False,False,0
4.0,5.0,36.0,4.0,3,2.0,1.0,True,False,False,False,False,False,True,0
63.0,2.0,36.0,3.0,1,1.0,2.0,False,False,False,False,False,False,False,0
57.0,2.0,36.0,3.0,2,1.0,2.0,True,False,False,False,False,False,False,0
34.0,5.0,45.0,1.0,3,1.0,2.0,False,False,True,False,False,False,False,0
58.0,2.0,60.0,1.0,1,1.0,2.0,False,False,False,True,False,False,False,0
58.0,2.0,36.0,3.0,2,1.0,2.0,True,False,False,True,False,False,False,0
23.0,5.0,10.0,1.0,3,1.0,1.0,False,False,False,False,True,False,False,0
23.0,5.0,20.0,1.0,3,1.0,1.0,False,False,False,False,False,True,False,0
59.0,2.0,50.0,1.0,1,1.0,2.0,False,False,False,False,False,True,False,0
55.0,2.0,36.0,3.0,2,1.0,2.0,True,False,False,False,False,True,False,0
20.0,5.0,45.0,1.0,3,1.0,1.0,False,False,False,False,True,False,False,0
18.0,5.0,36.0,3.0,3,1.0,1.0,True,False,False,False,True,False,False,0
61.0,2.0,36.0,3.0,1,1.0,2.0,False,True,False,False,False,False,False,0
54.0,3.0,0.0,1.0,1,1.0,2.0,True,False,False,False,False,True,False,0
18.0,5.0,36.0,3.0,3,1.0,2.0,True,False,False,True,False,False,False,0
15.0,5.0,36.0,3.0,3,1.0,1.0,True,False,True,False,False,False,False,0
37.0,3.0,70.0,1.0,1,1.0,2.0,True,False,False,False,True,False,False,0
65.0,4.0,36.0,3.0,1,1.0,2.0,True,True,False,False,False,False,False,0
42.0,5.0,0.0,1.0,3,1.0,2.0,False,False,False,True,False,False,False,0
38.0,5.0,24.0,1.0,3,1.0,2.0,False,True,False,False,False,False,False,0
29.0,5.0,36.0,1.0,3,1.0,2.0,True,False,False,True,False,False,False,0
51.0,4.0,36.0,3.0,1,1.0,2.0,True,False,True,False,False,False,False,0
28.0,5.0,40.0,1.0,3,1.0,2.0,False,False,True,False,False,False,False,0
25.0,5.0,40.0,1.0,3,1.0,2.0,True,False,False,True,False,False,False,0
91.0,3.0,36.0,3.0,1,1.0,2.0,True,False,False,True,False,False,False,0
29.0,5.0,0.0,1.0,5,1.0,2.0,False,False,False,False,False,True,False,0
48.0,1.0,24.0,1.0,1,1.0,2.0,False,False,False,False,False,True,False,0
34.0,1.0,30.0,1.0,2,1.0,2.0,True,False,True,False,False,False,False,0
13.0,5.0,36.0,3.0,3,1.0,1.0,True,False,True,False,False,False,False,0
12.0,5.0,36.0,3.0,3,1.0,1.0,True,False,True,False,False,False,False,0
11.0,5.0,36.0,3.0,3,1.0,1.0,False,False,False,False,False,False,False,0
8.0,5.0,36.0,4.0,3,1.0,1.0,True,False,False,False,False,False,False,0
50.0,1.0,45.0,1.0,1,1.0,2.0,False,False,True,False,False,False,False,0
48.0,1.0,40.0,1.0,2,1.0,2.0,True,False,False,True,False,False,False,0
16.0,5.0,36.0,3.0,3,1.0,1.0,True,False,True,False,False,False,False,0
65.0,2.0,36.0,3.0,1,1.0,2.0,False,False,False,False,False,False,False,0
45.0,2.0,36.0,3.0,2,1.0,2.0,True,False,False,False,False,True,False,0
36.0,5.0,70.0,1.0,3,1.0,1.0,False,False,False,False,True,False,False,0
33.0,5.0,36.0,3.0,3,1.0,2.0,True,False,False,True,False,False,False,0
52.0,2.0,32.0,1.0,1,1.0,2.0,False,False,False,False,False,False,False,0
52.0,2.0,20.0,1.0,2,1.0,2.0,True,False,True,False,False,False,False,0
72.0,5.0,36.0,3.0,6,1.0,2.0,False,True,False,False,False,False,False,0
19.0,5.0,16.0,1.0,3,1.0,2.0,True,False,False,True,False,False,False,0
24.0,5.0,36.0,2.0,3,1.0,2.0,False,False,True,False,False,False,False,0
10.0,5.0,36.0,3.0,5,1.0,1.0,False,False,False,False,False,False,False,0
66.0,2.0,36.0,3.0,1,1.0,2.0,False,False,True,False,False,False,False,0
70.0,2.0,36.0,3.0,1,1.0,2.0,False,True,False,False,False,False,False,0
67.0,2.0,36.0,3.0,2,1.0,2.0,True,False,True,False,False,False,False,0
36.0,1.0,25.0,1.0,3,1.0,2.0,False,False,False,True,False,False,False,0
30.0,1.0,36.0,1.0,4,1.0,2.0,True,False,False,True,False,False,False,0
20.0,5.0,36.0,2.0,5,1.0,2.0,False,False,False,True,False,False,False,0
2.0,5.0,36.0,4.0,5,1.0,1.0,True,False,False,False,False,False,True,0
49.0,5.0,24.0,1.0,1,1.0,2.0,True,False,False,False,False,True,False,0
21.0,5.0,36.0,1.0,3,1.0,1.0,True,False,False,False,True,False,False,0
19.0,5.0,36.0,3.0,3,1.0,2.0,True,False,False,True,False,False,False,0
36.0,2.0,48.0,1.0,1,1.0,2.0,False,False,True,False,False,False,False,0
34.0,2.0,36.0,3.0,2,1.0,2.0,True,False,False,False,True,False,False,0
11.0,5.0,36.0,3.0,3,1.0,1.0,False,False,False,False,False,False,False,0
5.0,5.0,36.0,4.0,3,2.0,1.0,True,False,False,False,False,False,True,0
18.0,5.0,36.0,3.0,3,1.0,1.0,True,False,False,False,True,False,False,0
26.0,5.0,32.0,1.0,3,1.0,2.0,True,False,True,False,False,False,False,0
67.0,4.0,36.0,3.0,1,1.0,2.0,False,False,False,False,False,True,False,0
34.0,5.0,45.0,1.0,3,1.0,2.0,False,False,False,False,True,False,False,0
63.0,4.0,0.0,1.0,1,1.0,2.0,True,False,False,True,False,False,False,0
24.0,5.0,40.0,1.0,3,1.0,1.0,False,False,False,False,True,False,False,0
34.0,5.0,0.0,1.0,1,1.0,2.0,True,False,False,False,True,False,False,0
1.0,5.0,36.0,4.0,3,3.0,2.0,False,False,False,False,False,False,True,0
36.0,1.0,48.0,1.0,1,1.0,2.0,False,False,False,True,False,False,False,0
35.0,1.0,60.0,1.0,1,1.0,2.0,False,False,False,True,False,False,False,0
34.0,1.0,30.0,1.0,2,1.0,2.0,True,False,False,False,False,True,False,0
34.0,5.0,36.0,4.0,3,3.0,2.0,False,False,False,False,False,False,True,0
91.0,4.0,36.0,3.0,1,1.0,2.0,True,False,False,False,False,False,False,0
67.0,2.0,36.0,3.0,1,1.0,2.0,True,True,False,False,False,False,False,0
55.0,2.0,36.0,3.0,2,1.0,2.0,True,True,False,False,False,False,False,0
20.0,5.0,36.0,3.0,3,1.0,1.0,True,False,False,False,True,False,False,0
61.0,1.0,44.0,1.0,1,1.0,2.0,False,False,False,False,True,False,False,0
64.0,1.0,25.0,1.0,2,1.0,2.0,True,False,False,False,False,True,False,0
32.0,2.0,24.0,1.0,1,1.0,1.0,False,False,False,False,True,False,False,0
36.0,2.0,18.0,1.0,2,1.0,2.0,True,False,False,False,False,True,False,0
55.0,1.0,40.0,1.0,1,1.0,2.0,False,True,False,False,False,False,False,0
42.0,1.0,15.0,1.0,2,1.0,2.0,True,True,False,False,False,False,False,0
19.0,5.0,36.0,3.0,3,1.0,1.0,False,False,True,False,False,False,False,0
14.0,5.0,36.0,3.0,3,1.0,1.0,True,False,True,False,False,False,False,0
8.0,5.0,36.0,4.0,3,1.0,1.0,False,False,False,False,False,False,False,0
71.0,2.0,60.0,1.0,1,1.0,2.0,False,True,False,False,False,False,False,0
70.0,2.0,36.0,3.0,2,1.0,2.0,True,True,False,False,False,False,False,0
48.0,3.0,36.0,3.0,3,1.0,2.0,True,False,False,True,False,False,False,0
20.0,5.0,36.0,3.0,5,1.0,2.0,True,False,False,True,False,False,False,0
18.0,5.0,36.0,3.0,5,1.0,1.0,False,False,True,False,False,False,False,0
15.0,5.0,36.0,3.0,5,1.0,1.0,True,False,True,False,False,False,False,0
26.0,1.0,30.0,1.0,1,1.0,2.0,False,False,False,True,False,False,False,0
27.0,1.0,48.0,1.0,2,1.0,3.0,True,False,False,False,False,False,True,0
28.0,1.0,60.0,1.0,1,1.0,2.0,False,False,True,False,False,False,False,0
32.0,1.0,30.0,1.0,1,1.0,2.0,True,False,False,False,False,True,False,0
4.0,5.0,36.0,4.0,3,2.0,1.0,True,False,False,False,False,False,True,0
40.0,1.0,44.0,1.0,2,1.0,2.0,False,False,False,True,False,False,False,0
23.0,5.0,40.0,1.0,3,1.0,2.0,False,False,False,True,False,False,False,0
21.0,5.0,36.0,3.0,3,1.0,2.0,False,False,False,True,False,False,False,0
47.0,2.0,36.0,3.0,1,1.0,2.0,True,False,False,True,False,False,False,0
52.0,2.0,56.0,1.0,2,1.0,2.0,False,True,False,False,False,False,False,0
17.0,5.0,36.0,3.0,3,1.0,1.0,True,False,True,False,False,False,False,0
38.0,1.0,40.0,1.0,1,1.0,2.0,True,False,False,True,False,False,False,0
76.0,5.0,36.0,3.0,1,1.0,2.0,True,True,False,False,False,False,False,0
61.0,2.0,32.0,1.0,1,1.0,2.0,False,False,True,False,False,False,False,0
53.0,2.0,44.0,1.0,2,1.0,2.0,True,False,False,True,False,False,False,0
21.0,5.0,48.0,1.0,3,1.0,1.0,True,False,False,False,True,False,False,0
16.0,5.0,36.0,3.0,3,1.0,1.0,False,False,True,False,False,False,False,0
46.0,5.0,51.0,1.0,1,1.0,2.0,False,False,False,False,True,False,False,0
22.0,5.0,30.0,1.0,2,1.0,2.0,True,False,False,False,True,False,False,0
55.0,1.0,20.0,1.0,1,1.0,2.0,True,False,True,False,False,False,False,0
63.0,1.0,66.0,1.0,2,1.0,2.0,False,False,False,True,False,False,False,0
82.0,4.0,36.0,3.0,1,1.0,2.0,False,True,False,False,False,False,False,0
61.0,5.0,36.0,3.0,1,1.0,2.0,True,False,False,False,False,True,False,0
74.0,5.0,9.0,1.0,1,1.0,2.0,True,False,False,False,False,False,False,0
32.0,5.0,16.0,1.0,3,1.0,2.0,False,False,False,False,True,False,False,0
50.0,5.0,20.0,1.0,1,1.0,2.0,True,False,False,False,True,False,False,0
26.0,5.0,16.0,1.0,3,1.0,2.0,True,False,False,True,False,False,False,0
24.0,5.0,20.0,1.0,3,1.0,2.0,False,False,False,True,False,False,False,0
37.0,2.0,43.0,1.0,1,1.0,2.0,False,False,False,True,False,False,False,0
37.0,2.0,20.0,1.0,2,1.0,2.0,True,False,False,False,False,True,False,0
9.0,5.0,36.0,4.0,3,1.0,1.0,True,False,False,False,False,False,False,0
14.0,5.0,36.0,3.0,3,1.0,1.0,True,False,True,False,False,False,False,0
2.0,5.0,36.0,4.0,3,1.0,1.0,True,False,False,False,False,False,True,0
81.0,2.0,36.0,3.0,1,1.0,2.0,False,False,False,True,False,False,False,0
83.0,2.0,36.0,3.0,2,1.0,2.0,True,False,False,True,False,False,False,0
31.0,5.0,20.0,1.0,5,1.0,1.0,False,False,True,False,False,False,False,0
25.0,5.0,36.0,3.0,5,1.0,1.0,False,False,True,False,False,False,False,0
52.0,2.0,40.0,1.0,1,1.0,2.0,False,False,False,True,False,False,False,0
54.0,2.0,30.0,1.0,2,1.0,2.0,True,False,False,True,False,False,False,0
27.0,5.0,36.0,3.0,3,1.0,2.0,True,False,False,True,False,False,False,0
7.0,5.0,36.0,4.0,5,1.0,1.0,True,False,False,False,False,False,False,0
34.0,1.0,4.0,1.0,2,1.0,2.0,True,False,False,True,False,False,False,0
6.0,5.0,36.0,4.0,3,2.0,1.0,False,False,False,False,False,False,False,0
89.0,4.0,36.0,3.0,1,1.0,2.0,True,False,False,False,False,True,False,0
71.0,2.0,36.0,3.0,1,1.0,2.0,False,False,False,False,False,True,False,0
43.0,2.0,36.0,3.0,2,1.0,2.0,True,False,False,True,False,False,False,0
22.0,5.0,36.0,3.0,5,1.0,1.0,True,False,False,False,True,False,False,0
42.0,2.0,44.0,1.0,1,1.0,2.0,False,False,True,False,False,False,False,0
44.0,2.0,20.0,1.0,2,1.0,2.0,True,False,False,True,False,False,False,0
19.0,5.0,36.0,2.0,3,1.0,2.0,False,False,False,True,False,False,False,0
15.0,5.0,36.0,3.0,3,1.0,1.0,False,False,True,False,False,False,False,0
41.0,1.0,40.0,1.0,1,1.0,2.0,False,False,False,True,False,False,False,0
37.0,1.0,20.0,1.0,2,1.0,2.0,True,False,False,True,False,False,False,0
58.0,1.0,40.0,1.0,1,1.0,2.0,False,True,False,False,False,False,False,0
47.0,1.0,36.0,3.0,2,1.0,2.0,True,False,False,True,False,False,False,0
27.0,5.0,40.0,1.0,3,1.0,2.0,False,False,False,True,False,False,False,0
25.0,5.0,30.0,1.0,3,1.0,2.0,True,False,False,True,False,False,False,0
15.0,5.0,36.0,3.0,3,1.0,1.0,True,False,True,False,False,False,False,0
47.0,4.0,0.0,1.0,1,1.0,2.0,True,True,False,False,False,False,False,0
28.0,1.0,0.0,1.0,4,1.0,2.0,True,False,False,False,False,True,False,0
27.0,1.0,60.0,1.0,3,1.0,2.0,False,False,False,False,True,False,False,0
64.0,1.0,0.0,1.0,1,1.0,2.0,True,False,False,False,False,True,False,0
73.0,1.0,36.0,3.0,2,1.0,2.0,False,False,False,False,True,False,False,0
68.0,2.0,48.0,1.0,2,1.0,2.0,False,True,False,False,False,False,False,0
65.0,5.0,36.0,1.0,8,1.0,2.0,False,True,False,False,False,False,False,0
60.0,5.0,48.0,1.0,8,1.0,2.0,False,True,False,False,False,False,False,0
32.0,3.0,48.0,1.0,3,1.0,2.0,True,False,False,True,False,False,False,0
31.0,5.0,48.0,1.0,3,1.0,2.0,True,False,False,True,False,False,False,0
10.0,5.0,36.0,3.0,5,1.0,1.0,False,False,False,False,False,False,False,0
71.0,1.0,24.0,1.0,1,1.0,2.0,True,False,False,False,False,True,False,0
29.0,5.0,30.0,1.0,3,1.0,2.0,True,False,False,False,False,True,False,0
28.0,5.0,36.0,3.0,3,1.0,2.0,True,False,False,False,False,True,False,0
28.0,5.0,48.0,1.0,1,1.0,2.0,False,False,False,True,False,False,False,0
24.0,5.0,36.0,3.0,8,1.0,1.0,False,False,False,False,True,False,False,0
12.0,5.0,36.0,3.0,3,1.0,1.0,True,False,False,False,False,False,False,0
16.0,5.0,36.0,3.0,3,1.0,1.0,True,False,True,False,False,False,False,0
67.0,2.0,36.0,3.0,1,1.0,2.0,False,True,False,False,False,False,False,0
52.0,2.0,36.0,3.0,2,1.0,2.0,True,False,True,False,False,False,False,0
44.0,2.0,30.0,1.0,1,1.0,2.0,False,False,True,False,False,False,False,0
43.0,2.0,36.0,3.0,2,1.0,2.0,True,False,True,False,False,False,False,0
20.0,5.0,30.0,1.0,3,1.0,2.0,False,False,False,True,False,False,False,0
15.0,5.0,36.0,3.0,3,1.0,1.0,True,False,True,False,False,False,False,0
6.0,5.0,36.0,4.0,9,1.0,1.0,True,False,False,False,False,False,False,0
12.0,5.0,36.0,3.0,9,1.0,1.0,True,False,True,False,False,False,False,0
28.0,1.0,36.0,1.0,2,1.0,2.0,True,False,True,False,False,False,False,0
1.0,5.0,36.0,4.0,3,3.0,2.0,False,False,False,False,False,False,True,0
48.0,3.0,20.0,1.0,6,1.0,2.0,True,True,False,False,False,False,False,0
42.0,5.0,21.0,1.0,1,1.0,2.0,True,False,False,True,False,False,False,0
20.0,5.0,25.0,1.0,3,1.0,1.0,True,False,False,False,True,False,False,0
10.0,5.0,36.0,3.0,3,1.0,1.0,True,False,False,False,False,False,False,0
27.0,1.0,36.0,3.0,1,1.0,2.0,True,False,True,False,False,False,False,0
36.0,5.0,40.0,1.0,9,1.0,2.0,False,False,False,True,False,False,False,0
35.0,1.0,36.0,2.0,2,1.0,2.0,False,False,False,True,False,False,False,0
11.0,5.0,36.0,3.0,3,1.0,1.0,False,False,False,False,False,False,False,0
2.0,5.0,36.0,4.0,3,2.0,3.0,True,False,False,False,False,False,True,0
34.0,1.0,45.0,1.0,2,1.0,2.0,False,False,False,True,False,False,False,0
8.0,5.0,36.0,4.0,3,1.0,1.0,False,False,False,False,False,False,False,0
63.0,2.0,0.0,1.0,1,1.0,2.0,False,False,True,False,False,False,False,0
63.0,2.0,18.0,1.0,2,1.0,2.0,True,False,False,False,False,True,False,0
12.0,5.0,36.0,3.0,3,1.0,1.0,True,False,True,False,False,False,False,0
47.0,2.0,50.0,1.0,1,1.0,2.0,False,False,False,False,False,True,False,0
42.0,2.0,40.0,1.0,2,1.0,2.0,True,False,False,False,False,True,False,0
7.0,5.0,36.0,4.0,3,1.0,1.0,True,False,False,False,False,False,False,0
31.0,5.0,36.0,3.0,1,9.0,2.0,True,False,False,True,False,False,False,0
35.0,1.0,60.0,1.0,1,1.0,2.0,False,False,True,False,False,False,False,0
34.0,1.0,25.0,1.0,2,1.0,2.0,True,False,False,True,False,False,False,0
14.0,5.0,36.0,3.0,3,1.0,1.0,False,False,True,False,False,False,False,0
11.0,5.0,36.0,3.0,3,1.0,1.0,True,False,False,False,False,False,False,0
4.0,5.0,36.0,4.0,3,2.0,1.0,True,False,False,False,False,False,True,0
36.0,1.0,70.0,1.0,1,1.0,2.0,False,False,False,True,False,False,False,0
30.0,1.0,36.0,1.0,2,1.0,2.0,True,False,False,True,False,False,False,0
34.0,5.0,16.0,1.0,1,1.0,2.0,True,False,False,False,False,True,False,0
52.0,2.0,40.0,1.0,1,1.0,2.0,False,False,False,False,False,True,False,0
48.0,2.0,36.0,3.0,2,1.0,2.0,True,False,False,False,False,True,False,0
22.0,5.0,36.0,3.0,3,1.0,1.0,False,False,False,False,True,False,False,0
22.0,5.0,36.0,3.0,3,1.0,1.0,False,False,False,False,True,False,False,0
20.0,5.0,6.0,1.0,1,1.0,2.0,True,False,False,True,False,False,False,0
17.0,5.0,36.0,3.0,8,1.0,2.0,False,False,False,True,False,False,False,0
27.0,5.0,36.0,3.0,8,2.0,2.0,True,False,False,False,False,False,False,0
41.0,5.0,84.0,1.0,6,1.0,2.0,True,False,False,True,False,False,False,0
4.0,5.0,36.0,4.0,8,1.0,1.0,True,False,False,False,False,False,True,0
16.0,5.0,9.0,1.0,8,1.0,1.0,True,False,True,False,False,False,False,0
5.0,5.0,36.0,4.0,5,2.0,1.0,False,False,False,False,False,False,True,0
3.0,5.0,36.0,4.0,5,2.0,1.0,False,False,False,False,False,False,True,0
66.0,3.0,44.0,1.0,1,1.0,2.0,True,False,False,True,False,False,False,0
29.0,5.0,48.0,1.0,3,1.0,1.0,True,False,False,False,True,False,False,0
29.0,5.0,12.0,1.0,3,1.0,1.0,True,False,False,False,True,False,False,0
15.0,5.0,36.0,3.0,3,1.0,1.0,False,False,True,False,False,False,False,0
12.0,5.0,36.0,3.0,3,1.0,1.0,False,False,False,False,False,False,False,0
26.0,5.0,36.0,2.0,1,1.0,1.0,False,False,False,False,True,False,False,0
57.0,3.0,36.0,3.0,1,1.0,2.0,True,True,False,False,False,False,False,0
28.0,5.0,36.0,3.0,3,1.0,1.0,True,False,False,False,True,False,False,0
30.0,5.0,6.0,1.0,3,1.0,2.0,False,False,False,False,True,False,False,0
26.0,5.0,9.0,1.0,3,1.0,2.0,False,False,False,True,False,False,False,0
34.0,5.0,36.0,4.0,5,3.0,2.0,False,False,False,False,False,False,True,0
85.0,4.0,36.0,3.0,1,1.0,2.0,False,False,False,False,False,True,False,0
57.0,2.0,30.0,1.0,1,1.0,2.0,False,False,False,False,False,True,False,0
58.0,2.0,36.0,3.0,2,1.0,2.0,True,False,False,False,False,True,False,0
25.0,5.0,12.0,1.0,3,1.0,2.0,True,False,False,False,False,True,False,0
65.0,1.0,36.0,3.0,2,1.0,2.0,False,False,False,False,False,True,False,0
64.0,5.0,24.0,1.0,1,1.0,2.0,True,False,False,True,False,False,False,0
19.0,5.0,36.0,3.0,3,1.0,2.0,False,False,False,True,False,False,False,0
20.0,5.0,20.0,1.0,3,1.0,2.0,False,False,False,True,False,False,False,0
58.0,3.0,36.0,3.0,1,1.0,2.0,True,False,False,False,False,True,False,0
47.0,5.0,65.0,1.0,1,1.0,2.0,False,False,False,True,False,False,False,0
24.0,1.0,36.0,3.0,1,1.0,2.0,True,False,False,True,False,False,False,0
32.0,1.0,40.0,1.0,2,1.0,2.0,False,False,False,True,False,False,False,0
6.0,5.0,36.0,4.0,3,1.0,1.0,False,False,False,False,False,False,False,0
7.0,5.0,36.0,4.0,3,1.0,1.0,False,False,False,False,False,False,False,0
61.0,2.0,36.0,3.0,1,1.0,2.0,False,False,False,True,False,False,False,0
61.0,2.0,36.0,3.0,2,1.0,2.0,True,True,False,False,False,False,False,0
40.0,5.0,54.0,1.0,3,1.0,2.0,False,False,False,True,False,False,False,0
24.0,5.0,30.0,1.0,1,1.0,1.0,True,False,False,False,True,False,False,0
32.0,5.0,24.0,1.0,8,1.0,2.0,True,False,False,True,False,False,False,0
86.0,4.0,36.0,3.0,8,1.0,2.0,True,True,False,False,False,False,False,0
66.0,2.0,48.0,1.0,1,1.0,2.0,False,False,False,True,False,False,False,0
65.0,2.0,36.0,3.0,2,1.0,2.0,True,False,False,True,False,False,False,0
45.0,5.0,36.0,2.0,1,1.0,2.0,False,False,True,False,False,False,False,0
25.0,5.0,45.0,1.0,1,1.0,2.0,False,False,False,False,False,True,False,0
25.0,5.0,36.0,3.0,1,1.0,1.0,True,False,False,False,True,False,False,0
24.0,5.0,45.0,1.0,8,1.0,2.0,False,False,False,True,False,False,False,0
50.0,2.0,12.0,1.0,6,1.0,2.0,False,False,False,True,False,False,False,0
69.0,2.0,36.0,3.0,1,1.0,2.0,False,True,False,False,False,False,False,0
70.0,2.0,36.0,3.0,2,1.0,2.0,True,True,False,False,False,False,False,0
34.0,5.0,36.0,3.0,3,1.0,2.0,True,False,False,True,False,False,False,0
32.0,1.0,14.0,1.0,3,1.0,2.0,True,False,False,True,False,False,False,0
38.0,1.0,36.0,1.0,4,1.0,2.0,False,False,False,True,False,False,False,0
34.0,5.0,36.0,4.0,5,3.0,2.0,True,False,False,False,False,False,True,0
51.0,5.0,18.0,1.0,1,1.0,2.0,False,False,False,False,False,False,False,0
49.0,5.0,36.0,3.0,8,1.0,2.0,True,False,False,False,False,False,False,0
62.0,2.0,0.0,1.0,1,1.0,2.0,False,False,False,False,True,False,False,0
57.0,2.0,0.0,1.0,2,1.0,2.0,True,False,False,False,False,True,False,0
85.0,4.0,36.0,3.0,1,1.0,2.0,True,False,False,False,False,False,False,0
24.0,5.0,36.0,3.0,5,1.0,1.0,False,False,False,False,True,False,False,0
75.0,4.0,36.0,3.0,1,1.0,2.0,True,False,False,False,False,True,False,0
99.0,4.0,36.0,3.0,1,1.0,2.0,True,True,False,False,False,False,False,0
70.0,3.0,36.0,3.0,1,1.0,2.0,False,True,False,False,False,False,False,0
34.0,5.0,0.0,1.0,3,1.0,2.0,True,False,False,True,False,False,False,0
18.0,5.0,36.0,2.0,5,1.0,2.0,False,False,True,False,False,False,False,0
14.0,5.0,36.0,3.0,5,1.0,1.0,True,False,True,False,False,False,False,0
45.0,5.0,84.0,1.0,1,1.0,2.0,False,False,False,False,False,True,False,0
85.0,4.0,36.0,3.0,6,1.0,2.0,True,True,False,False,False,False,False,0
72.0,5.0,36.0,3.0,1,1.0,2.0,True,False,False,True,False,False,False,0
32.0,5.0,0.0,1.0,3,1.0,2.0,False,False,False,False,False,True,False,0
61.0,5.0,0.0,1.0,1,1.0,2.0,False,False,False,False,False,True,False,0
68.0,2.0,44.0,1.0,1,1.0,2.0,False,True,False,False,False,False,False,0
60.0,2.0,8.0,1.0,2,1.0,2.0,True,True,False,False,False,False,False,0
30.0,1.0,30.0,1.0,1,1.0,2.0,True,False,False,False,False,True,False,0
36.0,1.0,72.0,1.0,1,1.0,2.0,False,False,False,True,False,False,False,0
36.0,1.0,36.0,3.0,2,1.0,2.0,True,False,True,False,False,False,False,0
16.0,5.0,36.0,3.0,3,1.0,1.0,False,False,True,False,False,False,False,0
14.0,5.0,36.0,3.0,3,1.0,1.0,False,False,True,False,False,False,False,0
48.0,2.0,36.0,1.0,6,1.0,2.0,True,False,False,False,True,False,False,0
39.0,1.0,30.0,1.0,1,1.0,1.0,False,False,False,False,True,False,False,0
32.0,1.0,25.0,1.0,2,1.0,1.0,True,False,False,False,True,False,False,0
56.0,4.0,36.0,3.0,1,1.0,2.0,True,False,True,False,False,False,False,0
38.0,3.0,48.0,1.0,3,1.0,2.0,False,False,False,False,False,True,False,0
57.0,2.0,0.0,1.0,1,1.0,2.0,False,False,False,False,False,True,False,0
56.0,2.0,0.0,1.0,2,1.0,2.0,True,False,False,False,False,True,False,0
20.0,5.0,36.0,3.0,3,1.0,1.0,True,False,False,False,True,False,False,0
22.0,5.0,36.0,3.0,3,1.0,1.0,True,False,False,False,True,False,False,0
60.0,2.0,50.0,1.0,1,1.0,2.0,False,True,False,False,False,False,False,0
39.0,2.0,21.0,1.0,2,1.0,2.0,True,False,False,True,False,False,False,0
18.0,5.0,36.0,3.0,3,1.0,1.0,False,False,True,False,False,False,False,0
54.0,3.0,40.0,1.0,1,1.0,2.0,True,True,False,False,False,False,False,0
25.0,5.0,30.0,1.0,3,1.0,2.0,True,False,False,False,True,False,False,0
19.0,5.0,40.0,1.0,4,1.0,2.0,True,False,False,True,False,False,False,0
14.0,5.0,36.0,3.0,3,1.0,1.0,True,False,True,False,False,False,False,0
54.0,2.0,25.0,1.0,1,1.0,2.0,True,False,False,False,False,True,False,0
33.0,5.0,36.0,3.0,3,1.0,2.0,True,False,False,False,False,False,False,0
47.0,4.0,3.0,1.0,1,1.0,2.0,True,True,False,False,False,False,False,0
92.0,4.0,36.0,3.0,9,1.0,2.0,True,False,False,False,False,False,False,0
29.0,5.0,36.0,3.0,3,1.0,2.0,True,False,False,True,False,False,False,0
14.0,5.0,36.0,3.0,3,1.0,1.0,False,False,True,False,False,False,False,0
13.0,5.0,36.0,3.0,3,1.0,1.0,False,False,True,False,False,False,False,0
5.0,5.0,36.0,4.0,5,1.0,1.0,False,False,False,False,False,False,True,0
38.0,5.0,6.0,1.0,8,1.0,2.0,False,False,False,True,False,False,False,0
35.0,5.0,24.0,1.0,1,1.0,2.0,True,False,False,False,False,True,False,0
23.0,5.0,36.0,3.0,10,1.0,1.0,True,False,False,False,True,False,False,0
58.0,2.0,36.0,3.0,1,1.0,2.0,True,False,False,True,False,False,False,0
60.0,2.0,45.0,1.0,2,1.0,2.0,False,False,False,True,False,False,False,0
25.0,5.0,30.0,1.0,3,1.0,1.0,False,False,False,False,True,False,False,0
30.0,1.0,36.0,3.0,1,1.0,2.0,True,False,False,True,False,False,False,0
33.0,1.0,56.0,1.0,2,1.0,2.0,False,False,True,False,False,False,False,0
10.0,5.0,36.0,3.0,3,1.0,1.0,True,False,False,False,False,False,False,0
5.0,5.0,36.0,4.0,3,2.0,1.0,False,False,False,False,False,False,True,0
63.0,4.0,24.0,1.0,1,1.0,2.0,True,True,False,False,False,False,False,0
36.0,1.0,36.0,3.0,4,1.0,2.0,False,False,False,True,False,False,False,0
36.0,1.0,30.0,1.0,3,1.0,2.0,True,False,False,False,False,True,False,0
15.0,5.0,36.0,3.0,5,1.0,1.0,True,False,True,False,False,False,False,0
62.0,2.0,36.0,3.0,1,1.0,2.0,False,True,False,False,False,False,False,0
62.0,2.0,36.0,3.0,2,1.0,2.0,True,False,True,False,False,False,False,0
42.0,5.0,40.0,1.0,3,1.0,1.0,False,False,False,False,True,False,False,0
59.0,3.0,36.0,2.0,1,2.0,2.0,False,False,False,False,False,False,False,0
34.0,1.0,20.0,1.0,1,1.0,2.0,False,False,False,False,True,False,False,0
40.0,2.0,44.0,1.0,1,1.0,2.0,False,False,False,True,False,False,False,0
43.0,2.0,36.0,1.0,2,1.0,2.0,True,False,False,False,False,True,False,0
4.0,5.0,36.0,4.0,3,2.0,1.0,True,False,False,False,False,False,True,0
67.0,1.0,36.0,3.0,1,1.0,2.0,True,False,False,False,False,True,False,0
69.0,1.0,36.0,3.0,2,1.0,2.0,False,False,False,False,False,True,False,0
33.0,5.0,3.0,1.0,3,1.0,2.0,False,False,False,False,True,False,False,0
37.0,1.0,0.0,1.0,1,1.0,2.0,True,False,False,False,False,True,False,0
36.0,1.0,36.0,3.0,2,1.0,2.0,False,False,False,False,False,True,False,0
35.0,1.0,0.0,1.0,1,1.0,2.0,False,False,True,False,False,False,False,0
36.0,1.0,0.0,1.0,2,1.0,2.0,True,False,False,True,False,False,False,0
11.0,5.0,36.0,3.0,3,1.0,1.0,False,False,True,False,False,False,False,0
28.0,1.0,26.0,1.0,1,1.0,1.0,False,False,False,False,True,False,False,0
20.0,1.0,50.0,1.0,2,1.0,1.0,True,False,False,False,True,False,False,0
26.0,1.0,32.0,1.0,2,1.0,2.0,False,False,False,True,False,False,False,0
34.0,5.0,36.0,4.0,3,3.0,2.0,True,False,False,False,False,False,True,0
54.0,5.0,36.0,3.0,1,1.0,2.0,False,True,False,False,False,False,False,0
51.0,2.0,48.0,1.0,1,1.0,2.0,False,False,True,False,False,False,False,0
48.0,2.0,36.0,3.0,2,1.0,2.0,True,True,False,False,False,False,False,0
23.0,5.0,36.0,1.0,3,1.0,1.0,False,False,False,False,True,False,False,0
19.0,5.0,36.0,3.0,3,1.0,1.0,False,False,False,False,True,False,False,0
63.0,2.0,40.0,1.0,1,1.0,2.0,True,False,False,False,False,True,False,0
65.0,2.0,6.0,1.0,2,1.0,2.0,False,False,False,False,False,True,False,0
24.0,5.0,36.0,3.0,10,1.0,1.0,True,False,False,False,True,False,False,0
23.0,5.0,36.0,3.0,10,1.0,1.0,True,False,False,False,True,False,False,0
26.0,5.0,36.0,2.0,10,1.0,1.0,True,False,False,False,True,False,False,0
27.0,5.0,36.0,2.0,10,1.0,1.0,True,False,False,False,True,False,False,0
39.0,1.0,36.0,2.0,1,1.0,2.0,False,False,True,False,False,False,False,0
36.0,1.0,77.0,1.0,2,1.0,2.0,True,False,False,True,False,False,False,0
18.0,5.0,56.0,1.0,3,1.0,2.0,False,False,False,True,False,False,False,0
12.0,5.0,36.0,3.0,3,1.0,1.0,False,False,True,False,False,False,False,0
2.0,5.0,36.0,4.0,3,2.0,3.0,False,False,False,False,False,False,True,0
2.0,5.0,36.0,4.0,3,2.0,3.0,False,False,False,False,False,False,True,0
46.0,5.0,44.0,1.0,1,1.0,2.0,False,True,False,False,False,False,False,0
60.0,3.0,36.0,3.0,1,1.0,2.0,True,False,False,False,False,True,False,0
35.0,5.0,0.0,1.0,3,1.0,2.0,False,False,True,False,False,False,False,0
46.0,5.0,84.0,1.0,1,1.0,2.0,True,False,True,False,False,False,False,0
76.0,4.0,24.0,1.0,1,1.0,2.0,False,False,False,False,False,True,False,0
59.0,2.0,27.0,1.0,1,1.0,2.0,True,False,False,False,False,True,False,0
65.0,2.0,36.0,2.0,2,1.0,2.0,False,False,False,True,False,False,False,0
24.0,5.0,8.0,1.0,3,1.0,1.0,False,False,False,False,True,False,False,0
57.0,3.0,72.0,1.0,1,1.0,2.0,False,False,False,True,False,False,False,0
17.0,5.0,36.0,3.0,3,1.0,1.0,False,False,True,False,False,False,False,0
21.0,5.0,36.0,3.0,3,1.0,1.0,True,False,False,False,True,False,False,0
67.0,3.0,36.0,3.0,1,1.0,2.0,False,True,False,False,False,False,False,0
45.0,1.0,48.0,1.0,1,1.0,2.0,False,True,False,False,False,False,False,0
20.0,5.0,48.0,1.0,3,1.0,2.0,False,False,False,True,False,False,False,0
21.0,5.0,15.0,1.0,3,1.0,2.0,True,False,False,True,False,False,False,0
13.0,5.0,36.0,3.0,3,1.0,1.0,True,False,True,False,False,False,False,0
18.0,5.0,35.0,1.0,3,1.0,2.0,True,False,False,True,False,False,False,0
15.0,5.0,18.0,1.0,3,1.0,1.0,False,False,True,False,False,False,False,0
48.0,1.0,36.0,3.0,2,1.0,2.0,True,True,False,False,False,False,False,0
26.0,1.0,44.0,1.0,1,1.0,2.0,True,True,False,False,False,False,False,0
36.0,1.0,36.0,2.0,2,1.0,2.0,False,True,False,False,False,False,False,0
6.0,5.0,36.0,4.0,3,1.0,1.0,True,False,False,False,False,False,False,0
68.0,4.0,32.0,1.0,6,1.0,2.0,True,True,False,False,False,False,False,0
22.0,3.0,21.0,1.0,3,1.0,2.0,True,False,True,False,False,False,False,0
4.0,5.0,36.0,4.0,5,2.0,3.0,True,False,False,False,False,False,True,0
2.0,5.0,36.0,4.0,5,2.0,3.0,False,False,False,False,False,False,True,0
55.0,5.0,36.0,3.0,1,1.0,1.0,True,False,False,False,False,True,False,0
36.0,1.0,40.0,1.0,2,1.0,2.0,True,False,False,True,False,False,False,0
4.0,5.0,36.0,4.0,3,1.0,1.0,True,False,False,False,False,False,True,0
66.0,2.0,18.0,1.0,1,1.0,2.0,False,False,False,True,False,False,False,0
65.0,2.0,36.0,3.0,2,1.0,2.0,True,False,False,True,False,False,False,0
59.0,3.0,50.0,1.0,8,1.0,2.0,False,False,False,True,False,False,False,0
76.0,2.0,36.0,3.0,1,1.0,2.0,False,False,False,False,False,True,False,0
71.0,2.0,36.0,3.0,2,1.0,2.0,True,False,False,False,False,True,False,0
44.0,5.0,36.0,2.0,3,1.0,2.0,False,False,False,True,False,False,False,0
77.0,5.0,14.0,1.0,6,1.0,2.0,True,False,False,False,False,False,False,0
43.0,1.0,14.0,1.0,1,1.0,2.0,True,False,False,False,False,False,False,0
44.0,1.0,60.0,1.0,2,1.0,2.0,False,False,False,False,False,False,False,0
19.0,5.0,48.0,1.0,3,1.0,2.0,True,False,False,True,False,False,False,0
8.0,5.0,36.0,4.0,3,1.0,1.0,True,False,False,False,False,False,False,0
5.0,5.0,36.0,4.0,3,2.0,1.0,True,False,False,False,False,False,True,0
76.0,4.0,36.0,3.0,1,1.0,2.0,True,False,False,False,False,True,False,0
62.0,4.0,36.0,3.0,1,1.0,2.0,True,True,False,False,False,False,False,0
60.0,5.0,25.0,1.0,8,1.0,2.0,True,False,False,True,False,False,False,0
39.0,2.0,36.0,2.0,3,1.0,2.0,True,False,False,True,False,False,False,0
49.0,2.0,48.0,1.0,4,1.0,2.0,False,False,False,True,False,False,False,0
20.0,5.0,36.0,3.0,5,1.0,1.0,True,False,False,False,True,False,False,0
12.0,5.0,36.0,3.0,5,1.0,1.0,True,False,True,False,False,False,False,0
12.0,5.0,36.0,3.0,5,1.0,1.0,True,False,True,False,False,False,False,0
12.0,5.0,36.0,3.0,5,1.0,1.0,False,False,True,False,False,False,False,0
84.0,4.0,36.0,3.0,1,1.0,2.0,True,False,True,False,False,False,False,0
63.0,5.0,70.0,1.0,3,1.0,2.0,False,False,True,False,False,False,False,0
46.0,2.0,40.0,1.0,1,1.0,2.0,False,False,False,False,False,True,False,0
40.0,2.0,36.0,3.0,2,1.0,2.0,True,False,False,True,False,False,False,0
9.0,5.0,36.0,4.0,3,1.0,1.0,False,False,False,False,False,False,False,0
6.0,5.0,36.0,4.0,3,2.0,1.0,True,False,False,False,False,False,False,0
38.0,5.0,35.0,1.0,1,1.0,2.0,False,False,False,False,False,True,False,0
69.0,4.0,36.0,3.0,1,1.0,2.0,True,False,False,False,False,False,False,0
47.0,2.0,28.0,1.0,1,1.0,2.0,False,False,False,True,False,False,False,0
39.0,2.0,48.0,1.0,2,1.0,2.0,True,False,False,True,False,False,False,0
16.0,5.0,36.0,3.0,3,1.0,1.0,True,False,True,False,False,False,False,0
31.0,5.0,36.0,3.0,8,1.0,2.0,False,True,False,False,False,False,False,0
63.0,1.0,52.0,1.0,1,1.0,2.0,True,False,True,False,False,False,False,0
35.0,5.0,40.0,1.0,3,1.0,2.0,False,False,False,False,False,True,False,0
55.0,2.0,0.0,1.0,1,1.0,2.0,False,False,True,False,False,False,False,0
43.0,2.0,36.0,3.0,2,1.0,2.0,True,False,False,True,False,False,False,0
15.0,5.0,36.0,3.0,3,1.0,1.0,False,False,True,False,False,False,False,0
44.0,1.0,40.0,1.0,1,1.0,2.0,False,False,True,False,False,False,False,0
46.0,1.0,40.0,1.0,2,1.0,2.0,True,False,False,True,False,False,False,0
22.0,5.0,36.0,3.0,3,1.0,2.0,True,False,False,True,False,False,False,0
21.0,5.0,36.0,3.0,3,1.0,2.0,True,False,True,False,False,False,False,0
18.0,5.0,60.0,1.0,3,1.0,2.0,False,False,True,False,False,False,False,0
9.0,5.0,36.0,4.0,3,1.0,1.0,False,False,False,False,False,False,False,0
55.0,2.0,40.0,1.0,1,1.0,2.0,False,True,False,False,False,False,False,0
50.0,2.0,36.0,3.0,2,1.0,2.0,True,False,False,True,False,False,False,0
29.0,5.0,48.0,1.0,3,1.0,2.0,False,False,False,False,True,False,False,0
26.0,1.0,36.0,3.0,3,1.0,1.0,True,False,False,False,True,False,False,0
8.0,5.0,36.0,4.0,3,1.0,1.0,True,False,False,False,False,False,False,0
28.0,5.0,65.0,1.0,1,1.0,2.0,True,False,False,False,False,True,False,0
31.0,1.0,36.0,3.0,1,1.0,2.0,True,False,False,False,False,False,False,0
38.0,1.0,24.0,1.0,2,1.0,2.0,False,True,False,False,False,False,False,0
8.0,5.0,36.0,4.0,3,1.0,1.0,False,False,False,False,False,False,False,0
11.0,5.0,36.0,3.0,3,1.0,1.0,False,False,False,False,False,False,False,0
17.0,5.0,36.0,3.0,3,1.0,1.0,False,False,True,False,False,False,False,0
58.0,1.0,40.0,1.0,1,1.0,2.0,False,False,True,False,False,False,False,0
46.0,1.0,40.0,1.0,2,1.0,2.0,True,False,False,True,False,False,False,0
20.0,5.0,28.0,1.0,3,1.0,1.0,False,False,True,False,False,False,False,0
67.0,2.0,36.0,3.0,1,1.0,2.0,True,True,False,False,False,False,False,0
70.0,2.0,36.0,3.0,2,1.0,2.0,False,True,False,False,False,False,False,0
80.0,4.0,36.0,3.0,1,1.0,2.0,True,False,False,False,False,False,False,0
66.0,2.0,36.0,3.0,1,1.0,2.0,True,False,False,False,False,True,False,0
77.0,2.0,36.0,3.0,2,1.0,2.0,False,False,False,True,False,False,False,0
37.0,1.0,24.0,1.0,1,1.0,2.0,False,False,True,False,False,False,False,0
41.0,1.0,9.0,1.0,2,1.0,2.0,True,False,True,False,False,False,False,0
75.0,2.0,36.0,3.0,2,1.0,2.0,True,True,False,False,False,False,False,0
42.0,2.0,45.0,1.0,1,1.0,2.0,False,False,False,True,False,False,False,0
42.0,2.0,56.0,1.0,2,1.0,2.0,True,False,False,True,False,False,False,0
22.0,5.0,48.0,1.0,3,1.0,2.0,False,False,True,False,False,False,False,0
19.0,5.0,48.0,1.0,9,1.0,2.0,False,False,True,False,False,False,False,0
22.0,5.0,48.0,1.0,3,1.0,2.0,True,False,False,True,False,False,False,0
69.0,2.0,36.0,3.0,1,1.0,2.0,False,True,False,False,False,False,False,0
62.0,2.0,36.0,3.0,2,1.0,2.0,True,False,True,False,False,False,False,0
51.0,5.0,42.0,1.0,1,1.0,2.0,True,False,False,False,False,True,False,0
54.0,1.0,36.0,1.0,1,1.0,2.0,False,True,False,False,False,False,False,0
57.0,1.0,36.0,3.0,2,1.0,2.0,True,True,False,False,False,False,False,0
74.0,1.0,36.0,3.0,1,1.0,2.0,True,False,True,False,False,False,False,0
77.0,1.0,36.0,3.0,2,1.0,2.0,False,True,False,False,False,False,False,0
38.0,5.0,48.0,1.0,3,1.0,2.0,False,False,False,True,False,False,False,0
35.0,5.0,36.0,1.0,3,1.0,2.0,False,False,False,True,False,False,False,0
52.0,2.0,30.0,1.0,1,1.0,2.0,True,False,False,True,False,False,False,0
52.0,2.0,42.0,1.0,2,1.0,2.0,False,False,False,False,False,True,False,0
23.0,5.0,36.0,3.0,3,1.0,1.0,False,False,False,False,True,False,False,0
47.0,5.0,40.0,1.0,1,1.0,2.0,False,False,False,False,False,True,False,0
43.0,1.0,48.0,1.0,1,1.0,2.0,False,True,False,False,False,False,False,0
3.0,5.0,36.0,4.0,3,2.0,1.0,False,False,False,False,False,False,True,0
1.0,5.0,36.0,4.0,3,3.0,2.0,True,False,False,False,False,False,True,0
12.0,5.0,36.0,3.0,3,1.0,1.0,False,False,True,False,False,False,False,0
14.0,5.0,36.0,3.0,3,1.0,1.0,True,False,True,False,False,False,False,0
36.0,1.0,36.0,3.0,2,1.0,2.0,True,True,False,False,False,False,False,0
38.0,2.0,40.0,1.0,2,1.0,2.0,False,False,False,True,False,False,False,0
19.0,5.0,36.0,3.0,3,1.0,1.0,True,False,False,False,True,False,False,0
49.0,2.0,0.0,1.0,1,1.0,2.0,True,False,False,False,False,True,False,0
56.0,2.0,0.0,1.0,2,1.0,2.0,False,False,False,True,False,False,False,0
22.0,5.0,36.0,3.0,3,1.0,1.0,True,False,False,False,True,False,False,0
19.0,5.0,36.0,3.0,3,1.0,1.0,True,False,False,False,True,False,False,0
15.0,5.0,36.0,3.0,3,1.0,1.0,True,False,True,False,False,False,False,0
23.0,5.0,36.0,3.0,3,1.0,1.0,False,False,False,False,True,False,False,0
53.0,5.0,40.0,1.0,1,1.0,2.0,False,False,False,False,False,False,False,0
53.0,4.0,25.0,1.0,1,1.0,2.0,True,False,False,False,False,True,False,0
17.0,5.0,36.0,3.0,3,1.0,1.0,False,False,True,False,False,False,False,0
81.0,4.0,36.0,3.0,1,1.0,2.0,True,False,True,False,False,False,False,0
56.0,5.0,24.0,1.0,1,1.0,2.0,True,True,False,False,False,False,False,0
20.0,5.0,24.0,1.0,3,1.0,1.0,True,False,True,False,False,False,False,0
33.0,1.0,36.0,3.0,1,1.0,2.0,True,True,False,False,False,False,False,0
29.0,1.0,30.0,1.0,2,1.0,2.0,False,True,False,False,False,False,False,0
14.0,5.0,36.0,3.0,3,1.0,1.0,False,False,True,False,False,False,False,0
10.0,5.0,36.0,3.0,3,1.0,1.0,False,False,False,False,False,False,False,0
4.0,5.0,36.0,4.0,3,2.0,1.0,True,False,False,False,False,False,True,0
45.0,2.0,42.0,1.0,1,1.0,2.0,False,False,False,True,False,False,False,0
26.0,1.0,36.0,2.0,4,1.0,2.0,False,False,True,False,False,False,False,0
10.0,5.0,36.0,3.0,5,1.0,1.0,False,False,False,False,False,False,False,0
7.0,5.0,36.0,4.0,5,1.0,1.0,True,False,False,False,False,False,False,0
34.0,5.0,36.0,4.0,5,3.0,2.0,False,False,False,False,False,False,True,0
66.0,2.0,0.0,1.0,1,1.0,2.0,False,False,False,False,False,True,False,0
64.0,2.0,36.0,3.0,2,1.0,2.0,True,False,False,False,False,True,False,0
67.0,5.0,36.0,3.0,1,1.0,2.0,True,False,False,False,True,False,False,0
48.0,1.0,36.0,3.0,1,1.0,2.0,True,False,False,False,False,True,False,0
41.0,1.0,45.0,1.0,2,1.0,2.0,False,False,False,True,False,False,False,0
11.0,5.0,36.0,3.0,3,1.0,1.0,False,False,False,False,False,False,False,0
6.0,5.0,36.0,4.0,3,1.0,1.0,True,False,False,False,False,False,False,0
10.0,5.0,36.0,3.0,3,1.0,1.0,True,False,False,False,False,False,False,0
44.0,2.0,70.0,1.0,1,1.0,2.0,False,False,False,False,True,False,False,0
42.0,2.0,40.0,1.0,2,1.0,2.0,True,False,False,True,False,False,False,0
24.0,5.0,50.0,1.0,3,1.0,2.0,False,False,False,True,False,False,False,0
21.0,5.0,84.0,1.0,3,1.0,2.0,False,False,False,True,False,False,False,0
16.0,5.0,36.0,3.0,3,1.0,1.0,True,False,True,False,False,False,False,0
48.0,5.0,36.0,1.0,1,1.0,2.0,True,False,False,False,True,False,False,0
19.0,5.0,36.0,3.0,3,1.0,1.0,False,False,False,False,True,False,False,0
14.0,5.0,36.0,3.0,3,1.0,1.0,True,False,True,False,False,False,False,0
3.0,5.0,36.0,4.0,3,2.0,1.0,False,False,False,False,False,False,True,0
65.0,2.0,36.0,3.0,1,1.0,2.0,True,False,False,False,False,True,False,0
64.0,2.0,12.0,1.0,2,1.0,2.0,False,False,False,False,False,True,False,0
80.0,4.0,36.0,3.0,1,1.0,2.0,True,False,False,False,True,False,False,0
86.0,4.0,36.0,3.0,1,1.0,2.0,True,True,False,False,False,False,False,0
48.0,5.0,34.0,1.0,5,1.0,2.0,False,True,False,False,False,False,False,0
42.0,1.0,40.0,1.0,1,1.0,2.0,False,False,False,True,False,False,False,0
42.0,1.0,36.0,3.0,2,1.0,2.0,True,False,False,False,False,True,False,0
7.0,5.0,36.0,4.0,3,1.0,1.0,False,False,False,False,False,False,False,0
3.0,5.0,36.0,4.0,3,2.0,3.0,True,False,False,False,False,False,True,0
80.0,4.0,36.0,3.0,1,1.0,2.0,True,False,False,True,False,False,False,0
84.0,4.0,36.0,3.0,1,1.0,2.0,True,True,False,False,False,False,False,0
49.0,5.0,70.0,1.0,1,1.0,2.0,True,False,False,True,False,False,False,0
51.0,5.0,36.0,2.0,8,1.0,2.0,False,False,True,False,False,False,False,0
10.0,5.0,36.0,3.0,3,1.0,1.0,False,False,False,False,False,False,False,0
42.0,1.0,52.0,1.0,1,1.0,2.0,True,False,False,False,True,False,False,0
42.0,1.0,52.0,1.0,2,1.0,2.0,False,False,False,False,True,False,False,0
13.0,5.0,36.0,3.0,3,1.0,1.0,True,False,True,False,False,False,False,0
12.0,5.0,36.0,3.0,3,1.0,1.0,False,False,True,False,False,False,False,0
58.0,3.0,60.0,1.0,1,1.0,2.0,False,False,False,True,False,False,False,0
41.0,2.0,24.0,1.0,1,1.0,2.0,False,True,False,False,False,False,False,0
36.0,2.0,12.0,1.0,2,1.0,2.0,True,False,True,False,False,False,False,0
9.0,5.0,36.0,4.0,3,1.0,1.0,True,False,False,False,False,False,False,0
56.0,1.0,36.0,3.0,1,1.0,2.0,False,False,True,False,False,False,False,0
47.0,1.0,36.0,3.0,2,1.0,2.0,True,True,False,False,False,False,False,0
20.0,5.0,48.0,1.0,3,1.0,2.0,True,False,True,False,False,False,False,0
35.0,1.0,60.0,1.0,9,1.0,2.0,False,False,False,True,False,False,False,0
40.0,1.0,36.0,3.0,8,1.0,2.0,True,False,False,True,False,False,False,0
42.0,2.0,20.0,1.0,2,1.0,2.0,True,False,False,False,False,True,False,0
43.0,2.0,84.0,1.0,1,1.0,2.0,False,False,True,False,False,False,False,0
85.0,2.0,36.0,3.0,1,1.0,2.0,True,False,False,False,False,True,False,0
85.0,2.0,36.0,3.0,2,1.0,2.0,False,False,False,True,False,False,False,0
39.0,5.0,50.0,1.0,3,1.0,2.0,True,False,False,False,False,True,False,0
46.0,2.0,0.0,1.0,2,1.0,2.0,True,False,False,False,False,True,False,0
18.0,5.0,36.0,3.0,3,1.0,1.0,False,False,True,False,False,False,False,0
15.0,5.0,36.0,3.0,3,1.0,1.0,True,False,True,False,False,False,False,0
52.0,2.0,50.0,1.0,1,1.0,2.0,False,True,False,False,False,False,False,0
24.0,5.0,48.0,1.0,3,1.0,2.0,False,False,False,True,False,False,False,0
22.0,5.0,36.0,3.0,3,1.0,2.0,False,False,False,True,False,False,False,0
19.0,5.0,36.0,3.0,3,1.0,1.0,False,False,False,False,True,False,False,0
12.0,5.0,36.0,3.0,3,1.0,1.0,True,False,True,False,False,False,False,0
48.0,2.0,12.0,1.0,2,1.0,2.0,True,True,False,False,False,False,False,0
50.0,1.0,70.0,1.0,1,1.0,2.0,False,True,False,False,False,False,False,0
44.0,1.0,42.0,1.0,1,1.0,2.0,False,True,False,False,False,False,False,0
41.0,1.0,36.0,3.0,2,1.0,2.0,True,False,True,False,False,False,False,0
17.0,5.0,36.0,3.0,3,1.0,1.0,False,False,True,False,False,False,False,0
13.0,5.0,36.0,3.0,3,1.0,1.0,False,False,True,False,False,False,False,0
9.0,5.0,36.0,4.0,3,1.0,1.0,False,False,False,False,False,False,False,0
30.0,5.0,8.0,1.0,1,1.0,2.0,False,False,False,True,False,False,False,0
59.0,2.0,36.0,3.0,1,1.0,2.0,True,False,False,False,False,True,False,0
67.0,2.0,36.0,3.0,2,1.0,2.0,False,False,False,True,False,False,False,0
69.0,2.0,36.0,3.0,1,1.0,2.0,False,False,False,True,False,False,False,0
69.0,2.0,36.0,3.0,2,1.0,2.0,True,False,True,False,False,False,False,0
46.0,5.0,60.0,1.0,3,1.0,2.0,False,False,False,False,True,False,False,0
54.0,1.0,66.0,1.0,1,1.0,2.0,False,False,True,False,False,False,False,0
62.0,1.0,36.0,3.0,2,1.0,2.0,True,False,True,False,False,False,False,0
55.0,5.0,36.0,3.0,9,1.0,2.0,False,True,False,False,False,False,False,0
61.0,3.0,8.0,1.0,1,1.0,2.0,True,True,False,False,False,False,False,0
38.0,1.0,28.0,1.0,3,1.0,2.0,True,False,False,False,True,False,False,0
39.0,5.0,36.0,1.0,3,1.0,2.0,False,False,True,False,False,False,False,0
34.0,1.0,24.0,1.0,4,1.0,2.0,False,False,True,False,False,False,False,0
7.0,5.0,36.0,4.0,5,1.0,1.0,True,False,False,False,False,False,False,0
37.0,2.0,20.0,1.0,1,1.0,2.0,True,False,False,False,False,True,False,0
36.0,2.0,20.0,1.0,2,1.0,2.0,False,False,False,False,False,True,False,0
64.0,1.0,12.0,1.0,1,1.0,2.0,False,False,False,True,False,False,False,0
37.0,1.0,30.0,1.0,10,1.0,2.0,True,False,False,True,False,False,False,0
47.0,5.0,0.0,1.0,1,1.0,2.0,False,False,False,False,False,True,False,0
80.0,2.0,36.0,3.0,1,1.0,2.0,False,True,False,False,False,False,False,0
79.0,2.0,36.0,3.0,2,1.0,2.0,True,False,True,False,False,False,False,0
28.0,1.0,48.0,1.0,1,1.0,2.0,False,False,True,False,False,False,False,0
24.0,1.0,36.0,3.0,2,1.0,2.0,True,False,False,True,False,False,False,0
1.0,5.0,36.0,4.0,3,3.0,2.0,False,False,False,False,False,False,True,0
14.0,5.0,36.0,3.0,3,1.0,1.0,True,False,True,False,False,False,False,0
12.0,5.0,36.0,3.0,3,1.0,1.0,True,False,False,False,False,False,False,0
3.0,5.0,36.0,4.0,3,2.0,3.0,False,False,False,False,False,False,True,0
12.0,5.0,36.0,3.0,3,1.0,1.0,True,False,False,False,False,False,False,0
90.0,2.0,36.0,3.0,1,1.0,2.0,False,False,False,False,False,False,False,0
85.0,2.0,36.0,3.0,2,1.0,2.0,True,True,False,False,False,False,False,0
62.0,5.0,36.0,3.0,3,1.0,2.0,True,False,False,True,False,False,False,0
60.0,1.0,25.0,1.0,1,1.0,2.0,True,False,False,False,False,True,False,0
23.0,5.0,38.0,1.0,3,1.0,2.0,False,False,False,True,False,False,False,0
32.0,5.0,20.0,1.0,3,1.0,2.0,False,False,False,False,False,True,False,0
59.0,1.0,40.0,1.0,2,1.0,2.0,False,False,False,False,False,True,False,0
50.0,3.0,24.0,1.0,1,1.0,2.0,True,False,False,False,False,False,False,0
28.0,5.0,36.0,3.0,3,1.0,2.0,True,False,False,False,False,True,False,0
90.0,4.0,36.0,3.0,1,1.0,2.0,True,False,False,True,False,False,False,0
55.0,5.0,58.0,1.0,3,1.0,2.0,False,False,False,True,False,False,False,0
65.0,5.0,36.0,3.0,3,1.0,2.0,False,False,True,False,False,False,False,0
50.0,1.0,70.0,1.0,2,1.0,2.0,True,True,False,False,False,False,False,0
14.0,5.0,36.0,3.0,3,1.0,1.0,False,False,True,False,False,False,False,0
38.0,2.0,40.0,1.0,1,1.0,2.0,False,False,False,True,False,False,False,0
31.0,2.0,36.0,3.0,2,1.0,2.0,True,False,True,False,False,False,False,0
12.0,5.0,36.0,3.0,3,1.0,1.0,True,False,True,False,False,False,False,0
7.0,5.0,36.0,4.0,3,1.0,1.0,False,False,False,False,False,False,False,0
65.0,4.0,36.0,3.0,1,1.0,2.0,True,False,True,False,False,False,False,0
35.0,5.0,36.0,3.0,3,1.0,2.0,False,False,False,True,False,False,False,0
10.0,5.0,36.0,3.0,5,1.0,1.0,True,False,False,False,False,False,False,0
67.0,4.0,36.0,3.0,1,1.0,2.0,True,True,False,False,False,False,False,0
27.0,5.0,36.0,2.0,3,1.0,2.0,True,False,False,True,False,False,False,0
44.0,5.0,24.0,1.0,3,1.0,2.0,True,False,True,False,False,False,False,0
24.0,5.0,36.0,3.0,5,1.0,2.0,True,False,False,True,False,False,False,0
34.0,5.0,36.0,4.0,9,3.0,2.0,False,False,False,False,False,False,True,0
33.0,5.0,9.0,1.0,1,1.0,2.0,True,False,False,False,True,False,False,0
59.0,2.0,40.0,1.0,1,1.0,2.0,False,False,False,True,False,False,False,0
56.0,2.0,36.0,3.0,2,1.0,2.0,True,False,False,True,False,False,False,0
28.0,5.0,36.0,3.0,3,1.0,1.0,True,False,False,False,True,False,False,0
70.0,2.0,36.0,3.0,1,1.0,2.0,False,True,False,False,False,False,False,0
65.0,2.0,21.0,1.0,2,1.0,2.0,True,False,True,False,False,False,False,0
40.0,5.0,20.0,1.0,3,1.0,2.0,False,True,False,False,False,False,False,0
48.0,2.0,0.0,1.0,1,1.0,2.0,False,False,False,True,False,False,False,0
44.0,3.0,25.0,1.0,1,1.0,2.0,True,False,False,False,False,True,False,0
20.0,1.0,36.0,3.0,3,1.0,1.0,True,False,False,False,True,False,False,0
13.0,5.0,36.0,3.0,3,1.0,1.0,False,False,True,False,False,False,False,0
20.0,1.0,40.0,1.0,4,1.0,2.0,False,False,False,True,False,False,False,0
65.0,2.0,42.0,1.0,1,1.0,2.0,False,False,False,False,False,True,False,0
71.0,2.0,36.0,3.0,2,1.0,2.0,True,False,False,False,False,True,False,0
20.0,5.0,36.0,3.0,3,1.0,2.0,False,False,False,True,False,False,False,0
1.0,5.0,36.0,4.0,5,3.0,2.0,True,False,False,False,False,False,True,0
30.0,5.0,48.0,1.0,1,1.0,2.0,False,False,False,True,False,False,False,0
44.0,2.0,60.0,1.0,1,1.0,2.0,False,False,True,False,False,False,False,0
41.0,2.0,25.0,1.0,2,1.0,2.0,True,False,False,False,False,True,False,0
23.0,5.0,40.0,1.0,3,1.0,2.0,False,False,False,False,False,True,False,0
17.0,5.0,36.0,3.0,3,1.0,1.0,True,False,True,False,False,False,False,0
53.0,3.0,0.0,1.0,1,1.0,2.0,False,False,False,True,False,False,False,0
56.0,3.0,20.0,1.0,1,1.0,2.0,True,True,False,False,False,False,False,0
27.0,5.0,36.0,3.0,3,1.0,1.0,True,False,True,False,False,False,False,0
31.0,5.0,36.0,3.0,3,1.0,1.0,True,False,False,False,True,False,False,0
71.0,2.0,36.0,3.0,1,1.0,2.0,False,False,False,False,False,True,False,0
70.0,2.0,36.0,3.0,2,1.0,2.0,True,False,False,False,False,True,False,0
16.0,5.0,36.0,3.0,5,1.0,1.0,False,False,True,False,False,False,False,0
64.0,2.0,36.0,1.0,1,1.0,2.0,False,False,False,True,False,False,False,0
74.0,3.0,36.0,3.0,1,1.0,2.0,True,True,False,False,False,False,False,0
57.0,3.0,21.0,1.0,3,1.0,2.0,True,False,True,False,False,False,False,0
34.0,5.0,48.0,1.0,3,1.0,2.0,True,False,False,True,False,False,False,0
49.0,2.0,30.0,1.0,2,1.0,2.0,True,False,False,False,False,True,False,0
25.0,5.0,36.0,3.0,3,1.0,1.0,True,False,False,False,True,False,False,0
20.0,5.0,36.0,3.0,3,1.0,1.0,True,False,False,False,True,False,False,0
65.0,5.0,36.0,3.0,1,1.0,2.0,False,True,False,False,False,False,False,0
78.0,4.0,36.0,3.0,1,1.0,2.0,True,False,False,False,False,False,False,0
24.0,5.0,30.0,1.0,5,1.0,2.0,False,False,False,True,False,False,False,0
68.0,4.0,36.0,3.0,1,1.0,2.0,True,True,False,False,False,False,False,0
36.0,1.0,30.0,1.0,3,1.0,2.0,False,False,False,False,False,False,True,0
36.0,1.0,25.0,1.0,4,1.0,2.0,True,False,False,False,False,False,True,0
10.0,5.0,36.0,3.0,5,1.0,1.0,False,False,False,False,False,False,False,0
64.0,4.0,36.0,3.0,1,1.0,2.0,True,True,False,False,False,False,False,0
46.0,5.0,36.0,1.0,3,1.0,2.0,True,False,True,False,False,False,False,0
30.0,5.0,36.0,2.0,3,1.0,2.0,True,False,True,False,False,False,False,0
20.0,5.0,28.0,1.0,3,1.0,2.0,False,False,False,True,False,False,False,0
55.0,2.0,24.0,1.0,2,1.0,2.0,True,False,False,True,False,False,False,0
34.0,5.0,30.0,1.0,3,1.0,2.0,False,False,False,False,False,True,False,0
22.0,5.0,48.0,1.0,3,1.0,2.0,False,False,False,True,False,False,False,0
70.0,2.0,36.0,3.0,1,1.0,2.0,True,True,False,False,False,False,False,0
40.0,5.0,16.0,1.0,3,1.0,2.0,False,True,False,False,False,False,False,0
75.0,2.0,36.0,3.0,2,1.0,2.0,False,True,False,False,False,False,False,0
36.0,1.0,50.0,1.0,1,1.0,2.0,False,False,False,True,False,False,False,0
32.0,1.0,36.0,3.0,2,1.0,2.0,True,False,True,False,False,False,False,0
1.0,5.0,36.0,4.0,3,3.0,2.0,True,False,False,False,False,False,True,0
4.0,5.0,36.0,4.0,3,2.0,1.0,True,False,False,False,False,False,True,0
52.0,1.0,63.0,1.0,1,1.0,2.0,False,False,True,False,False,False,False,0
45.0,1.0,0.0,1.0,2,1.0,2.0,True,False,False,False,False,True,False,0
21.0,5.0,30.0,1.0,3,1.0,1.0,True,False,False,False,True,False,False,0
14.0,5.0,36.0,3.0,3,1.0,1.0,True,False,True,False,False,False,False,0
11.0,5.0,36.0,3.0,3,1.0,1.0,True,False,False,False,False,False,False,0
74.0,2.0,36.0,3.0,1,1.0,2.0,False,False,False,False,False,True,False,0
73.0,2.0,36.0,3.0,2,1.0,2.0,True,False,False,False,False,True,False,0
34.0,5.0,15.0,1.0,3,1.0,2.0,False,False,False,False,False,True,False,0
65.0,3.0,8.0,1.0,1,1.0,2.0,True,True,False,False,False,False,False,0
39.0,1.0,0.0,1.0,3,1.0,1.0,True,False,False,False,True,False,False,0
41.0,1.0,0.0,1.0,4,1.0,2.0,False,False,True,False,False,False,False,0
48.0,5.0,36.0,3.0,3,1.0,2.0,False,False,True,False,False,False,False,0
62.0,2.0,16.0,1.0,1,1.0,2.0,False,False,True,False,False,False,False,0
60.0,2.0,16.0,1.0,2,1.0,2.0,True,False,True,False,False,False,False,0
35.0,5.0,30.0,1.0,3,1.0,2.0,False,False,True,False,False,False,False,0
29.0,3.0,83.0,1.0,3,1.0,2.0,False,True,False,False,False,False,False,0
7.0,5.0,36.0,4.0,5,1.0,1.0,False,False,False,False,False,False,False,0
80.0,2.0,36.0,3.0,1,1.0,2.0,False,False,False,False,False,False,False,0
68.0,2.0,36.0,3.0,2,1.0,2.0,True,True,False,False,False,False,False,0
5.0,5.0,36.0,4.0,5,2.0,1.0,False,False,False,False,False,False,True,0
33.0,2.0,40.0,1.0,1,1.0,2.0,False,False,False,True,False,False,False,0
35.0,2.0,36.0,3.0,2,1.0,2.0,True,False,False,True,False,False,False,0
38.0,1.0,2.0,1.0,1,1.0,2.0,False,True,False,False,False,False,False,0
37.0,1.0,36.0,3.0,2,1.0,2.0,True,True,False,False,False,False,False,0
37.0,5.0,36.0,3.0,8,1.0,2.0,False,False,True,False,False,False,False,0
20.0,1.0,15.0,1.0,3,1.0,1.0,False,False,True,False,False,False,False,0
19.0,5.0,36.0,3.0,3,1.0,1.0,False,False,True,False,False,False,False,0
17.0,5.0,36.0,3.0,3,1.0,1.0,True,False,True,False,False,False,False,0
12.0,5.0,36.0,3.0,3,1.0,1.0,False,False,True,False,False,False,False,0
7.0,5.0,36.0,4.0,3,1.0,1.0,False,False,False,False,False,False,False,0
20.0,1.0,36.0,3.0,4,1.0,1.0,True,False,True,False,False,False,False,0
4.0,5.0,36.0,4.0,3,2.0,1.0,False,False,False,False,False,False,True,0
2.0,5.0,36.0,4.0,3,2.0,3.0,False,False,False,False,False,False,True,0
63.0,3.0,36.0,3.0,1,1.0,2.0,True,True,False,False,False,False,False,0
39.0,5.0,18.0,1.0,3,1.0,2.0,True,False,False,True,False,False,False,0
28.0,5.0,40.0,1.0,3,1.0,2.0,True,False,True,False,False,False,False,0
12.0,5.0,36.0,3.0,5,1.0,1.0,True,False,False,False,False,False,False,0
8.0,5.0,36.0,4.0,5,1.0,1.0,False,False,False,False,False,False,False,0
9.0,5.0,36.0,4.0,5,1.0,1.0,True,False,False,False,False,False,False,0
55.0,3.0,48.0,1.0,1,1.0,2.0,False,False,False,True,False,False,False,0
38.0,2.0,48.0,1.0,1,1.0,2.0,False,False,False,True,False,False,False,0
35.0,2.0,40.0,1.0,2,1.0,2.0,True,False,False,True,False,False,False,0
16.0,5.0,36.0,3.0,3,1.0,1.0,True,False,True,False,False,False,False,0
13.0,5.0,36.0,3.0,3,1.0,1.0,False,False,True,False,False,False,False,0
10.0,5.0,36.0,3.0,3,1.0,1.0,True,False,False,False,False,False,False,0
32.0,5.0,8.0,1.0,1,1.0,1.0,False,False,False,False,True,False,False,0
29.0,5.0,49.0,1.0,9,1.0,1.0,False,False,False,False,True,False,False,0
25.0,5.0,0.0,1.0,8,1.0,1.0,True,False,False,False,True,False,False,0
43.0,5.0,36.0,1.0,1,1.0,2.0,False,False,False,True,False,False,False,0
41.0,5.0,0.0,1.0,1,1.0,2.0,True,False,True,False,False,False,False,0
16.0,5.0,36.0,3.0,3,1.0,1.0,False,False,True,False,False,False,False,0
9.0,5.0,36.0,4.0,3,1.0,1.0,True,False,False,False,False,False,False,0
31.0,5.0,48.0,1.0,8,1.0,2.0,False,False,False,True,False,False,False,0
62.0,3.0,36.0,3.0,1,1.0,2.0,True,False,False,False,False,True,False,0
35.0,5.0,4.0,1.0,3,1.0,2.0,True,False,False,False,True,False,False,0
33.0,5.0,32.0,1.0,3,1.0,2.0,False,False,False,True,False,False,False,0
13.0,5.0,36.0,3.0,5,1.0,1.0,True,False,True,False,False,False,False,0
28.0,1.0,40.0,1.0,1,1.0,2.0,False,False,False,True,False,False,False,0
34.0,5.0,40.0,1.0,1,1.0,2.0,False,False,False,False,False,True,False,0
64.0,5.0,0.0,1.0,1,1.0,2.0,True,False,False,True,False,False,False,0
32.0,5.0,0.0,1.0,3,1.0,1.0,True,False,False,False,True,False,False,0
58.0,5.0,0.0,1.0,1,1.0,2.0,True,False,False,False,False,True,False,0
52.0,5.0,0.0,1.0,8,1.0,2.0,True,False,False,False,False,True,False,0
79.0,5.0,36.0,3.0,1,1.0,2.0,True,False,False,False,False,True,False,0
31.0,5.0,48.0,1.0,1,1.0,2.0,False,False,False,True,False,False,False,0
31.0,1.0,30.0,1.0,1,1.0,1.0,True,False,False,False,True,False,False,0
42.0,1.0,40.0,1.0,2,1.0,2.0,False,False,True,False,False,False,False,0
16.0,5.0,36.0,3.0,3,1.0,1.0,False,False,True,False,False,False,False,0
11.0,5.0,36.0,3.0,3,1.0,1.0,False,False,False,False,False,False,False,0
1.0,5.0,36.0,4.0,3,3.0,2.0,False,False,False,False,False,False,True,0
44.0,2.0,36.0,3.0,1,1.0,2.0,True,False,False,True,False,False,False,0
44.0,2.0,9.0,1.0,2,1.0,2.0,False,False,False,True,False,False,False,0
55.0,2.0,60.0,1.0,1,1.0,2.0,False,False,False,True,False,False,False,0
50.0,2.0,36.0,1.0,2,1.0,2.0,True,False,False,True,False,False,False,0
30.0,5.0,48.0,1.0,3,1.0,2.0,False,False,False,True,False,False,False,0
27.0,5.0,40.0,1.0,3,1.0,2.0,True,False,False,False,False,True,False,0
32.0,5.0,40.0,1.0,3,1.0,2.0,False,False,False,False,False,True,False,0
75.0,4.0,36.0,3.0,1,1.0,2.0,True,False,False,True,False,False,False,0
50.0,5.0,15.0,1.0,3,1.0,2.0,False,False,False,True,False,False,False,0
25.0,5.0,36.0,3.0,3,1.0,1.0,False,False,False,False,True,False,False,0
34.0,5.0,36.0,4.0,3,3.0,2.0,False,False,False,False,False,False,True,0
54.0,1.0,40.0,1.0,1,1.0,2.0,True,False,False,True,False,False,False,0
60.0,1.0,40.0,1.0,2,1.0,2.0,False,False,False,True,False,False,False,0
25.0,5.0,36.0,2.0,3,1.0,2.0,False,False,False,True,False,False,False,0
32.0,5.0,48.0,1.0,1,1.0,2.0,False,False,False,True,False,False,False,0
29.0,1.0,48.0,1.0,8,1.0,2.0,True,False,False,False,True,False,False,0
30.0,1.0,48.0,1.0,9,1.0,2.0,False,False,True,False,False,False,False,0
38.0,3.0,40.0,1.0,1,1.0,2.0,False,True,False,False,False,False,False,0
59.0,3.0,36.0,3.0,6,1.0,2.0,True,False,False,True,False,False,False,0
22.0,5.0,36.0,2.0,8,1.0,2.0,False,False,True,False,False,False,False,0
20.0,5.0,36.0,3.0,8,1.0,2.0,True,False,False,True,False,False,False,0
62.0,3.0,44.0,1.0,1,1.0,2.0,False,False,False,False,False,True,False,0
27.0,5.0,20.0,1.0,3,1.0,1.0,False,False,False,False,True,False,False,0
20.0,5.0,36.0,3.0,3,1.0,1.0,False,False,False,False,True,False,False,0
30.0,1.0,48.0,1.0,1,1.0,2.0,False,False,True,False,False,False,False,0
26.0,1.0,48.0,1.0,2,1.0,2.0,True,False,False,True,False,False,False,0
7.0,5.0,36.0,4.0,3,1.0,1.0,False,False,False,False,False,False,False,0
51.0,2.0,48.0,1.0,1,1.0,2.0,False,False,False,True,False,False,False,0
52.0,2.0,25.0,1.0,2,1.0,2.0,True,False,False,False,False,True,False,0
24.0,5.0,36.0,3.0,3,1.0,1.0,False,False,False,False,True,False,False,0
19.0,5.0,36.0,3.0,3,1.0,1.0,True,False,False,False,True,False,False,0
16.0,5.0,36.0,3.0,3,1.0,1.0,False,False,True,False,False,False,False,0
44.0,2.0,48.0,1.0,1,1.0,2.0,False,False,True,False,False,False,False,0
43.0,2.0,7.0,1.0,2,1.0,2.0,True,True,False,False,False,False,False,0
19.0,5.0,48.0,1.0,3,1.0,2.0,False,False,True,False,False,False,False,0
57.0,2.0,48.0,1.0,1,1.0,2.0,False,False,False,False,False,True,False,0
52.0,2.0,0.0,1.0,2,1.0,2.0,True,False,False,False,False,True,False,0
56.0,2.0,36.0,3.0,1,1.0,2.0,False,True,False,False,False,False,False,0
55.0,2.0,36.0,3.0,2,1.0,2.0,True,False,False,True,False,False,False,0
29.0,5.0,40.0,1.0,3,1.0,2.0,False,False,False,True,False,False,False,0
33.0,5.0,36.0,3.0,3,1.0,2.0,False,False,False,True,False,False,False,0
74.0,4.0,6.0,1.0,1,1.0,2.0,True,True,False,False,False,False,False,0
44.0,5.0,48.0,1.0,3,1.0,2.0,True,False,True,False,False,False,False,0
26.0,5.0,36.0,3.0,5,1.0,2.0,True,False,True,False,False,False,False,0
24.0,5.0,36.0,1.0,5,1.0,2.0,True,False,True,False,False,False,False,0
21.0,5.0,36.0,1.0,5,1.0,2.0,True,False,True,False,False,False,False,0
9.0,5.0,36.0,4.0,5,1.0,1.0,False,False,False,False,False,False,False,0
1.0,5.0,36.0,4.0,9,3.0,2.0,True,False,False,False,False,False,True,0
79.0,4.0,36.0,3.0,1,1.0,2.0,False,False,False,False,False,False,False,0
49.0,3.0,20.0,1.0,3,1.0,2.0,True,True,False,False,False,False,False,0
16.0,5.0,36.0,3.0,5,1.0,1.0,True,False,True,False,False,False,False,0
58.0,5.0,35.0,1.0,1,1.0,2.0,True,False,False,True,False,False,False,0
25.0,5.0,36.0,3.0,3,1.0,1.0,True,False,False,False,True,False,False,0
24.0,1.0,40.0,1.0,2,1.0,2.0,True,False,False,True,False,False,False,0
68.0,3.0,36.0,3.0,1,1.0,2.0,True,True,False,False,False,False,False,0
44.0,1.0,60.0,1.0,4,1.0,2.0,False,False,False,True,False,False,False,0
38.0,1.0,60.0,1.0,3,1.0,2.0,True,False,False,True,False,False,False,0
8.0,5.0,36.0,4.0,5,1.0,1.0,True,False,False,False,False,False,False,0
2.0,5.0,36.0,4.0,5,2.0,3.0,True,False,False,False,False,False,True,0
41.0,1.0,40.0,1.0,1,1.0,2.0,False,False,False,False,False,True,False,0
41.0,1.0,20.0,1.0,2,1.0,2.0,True,False,False,False,False,True,False,0
10.0,5.0,36.0,3.0,3,1.0,1.0,False,False,False,False,False,False,False,0
37.0,2.0,36.0,3.0,1,1.0,2.0,True,False,False,True,False,False,False,0
43.0,2.0,32.0,1.0,2,1.0,2.0,False,False,True,False,False,False,False,0
15.0,5.0,36.0,3.0,3,1.0,1.0,False,False,True,False,False,False,False,0
10.0,5.0,36.0,3.0,3,1.0,1.0,True,False,False,False,False,False,False,0
4.0,5.0,36.0,4.0,3,2.0,3.0,False,False,False,False,False,False,True,0
1.0,5.0,36.0,4.0,3,3.0,2.0,True,False,False,False,False,False,True,0
63.0,5.0,36.0,3.0,6,1.0,2.0,True,False,False,True,False,False,False,0
36.0,5.0,60.0,1.0,1,1.0,2.0,False,True,False,False,False,False,False,0
53.0,2.0,4.0,1.0,1,1.0,2.0,True,False,False,False,True,False,False,0
54.0,2.0,48.0,1.0,2,1.0,2.0,False,False,True,False,False,False,False,0
34.0,5.0,56.0,1.0,3,1.0,2.0,False,False,False,True,False,False,False,0
27.0,5.0,42.0,1.0,3,1.0,2.0,False,False,True,False,False,False,False,0
16.0,5.0,36.0,3.0,3,1.0,1.0,False,False,True,False,False,False,False,0
21.0,5.0,36.0,3.0,3,1.0,2.0,False,True,False,False,False,False,False,0
25.0,5.0,36.0,3.0,3,1.0,2.0,False,False,False,False,False,False,False,0
22.0,5.0,13.0,1.0,9,1.0,2.0,False,True,False,False,False,False,False,0
36.0,1.0,36.0,3.0,1,1.0,2.0,True,False,True,False,False,False,False,0
37.0,1.0,12.0,1.0,2,2.0,2.0,False,False,False,False,False,False,False,0
20.0,5.0,36.0,3.0,3,1.0,1.0,True,False,False,False,True,False,False,0
18.0,5.0,9.0,1.0,3,1.0,1.0,False,False,True,False,False,False,False,0
16.0,5.0,6.0,1.0,3,1.0,1.0,False,False,True,False,False,False,False,0
15.0,5.0,36.0,3.0,3,1.0,1.0,False,False,True,False,False,False,False,0
13.0,5.0,36.0,3.0,3,1.0,1.0,False,False,True,False,False,False,False,0
12.0,5.0,36.0,3.0,3,1.0,1.0,False,False,False,False,False,False,False,0
50.0,2.0,36.0,3.0,1,1.0,2.0,True,False,True,False,False,False,False,0
50.0,2.0,12.0,1.0,2,1.0,2.0,False,False,False,False,False,False,False,0
54.0,5.0,12.0,1.0,8,1.0,2.0,False,False,True,False,False,False,False,0
64.0,2.0,36.0,3.0,1,1.0,2.0,False,False,False,False,False,True,False,0
63.0,2.0,40.0,1.0,2,1.0,2.0,True,False,False,False,False,True,False,0
55.0,2.0,30.0,1.0,1,1.0,2.0,False,False,False,False,False,True,False,0
25.0,5.0,36.0,3.0,3,1.0,1.0,True,False,False,False,True,False,False,0
19.0,5.0,36.0,3.0,3,1.0,1.0,True,False,False,False,True,False,False,0
57.0,2.0,70.0,1.0,2,1.0,2.0,True,False,False,False,True,False,False,0
29.0,5.0,45.0,1.0,3,1.0,2.0,True,False,False,False,False,True,False,0
56.0,4.0,84.0,1.0,1,1.0,2.0,True,False,False,True,False,False,False,0
46.0,2.0,44.0,1.0,1,1.0,2.0,False,False,False,True,False,False,False,0
18.0,5.0,12.0,1.0,8,1.0,2.0,False,False,True,False,False,False,False,0
32.0,5.0,60.0,1.0,8,1.0,2.0,False,False,True,False,False,False,False,0
52.0,2.0,84.0,1.0,1,1.0,2.0,False,False,False,True,False,False,False,0
47.0,2.0,36.0,3.0,2,1.0,2.0,True,False,False,True,False,False,False,0
24.0,5.0,36.0,3.0,3,1.0,1.0,False,False,False,False,True,False,False,0
23.0,5.0,36.0,3.0,3,1.0,1.0,True,False,False,False,True,False,False,0
39.0,2.0,35.0,1.0,1,1.0,1.0,False,False,False,False,True,False,False,0
57.0,3.0,52.0,1.0,1,1.0,2.0,True,False,True,False,False,False,False,0
24.0,5.0,40.0,1.0,3,1.0,1.0,True,False,False,False,True,False,False,0
20.0,5.0,36.0,3.0,3,1.0,2.0,True,False,False,True,False,False,False,0
17.0,5.0,36.0,3.0,3,1.0,1.0,False,False,True,False,False,False,False,0
18.0,5.0,45.0,1.0,3,1.0,2.0,False,False,False,True,False,False,False,0
9.0,5.0,36.0,4.0,3,1.0,1.0,False,False,False,False,False,False,False,0
23.0,5.0,55.0,1.0,3,1.0,2.0,False,False,True,False,False,False,False,0
28.0,1.0,46.0,1.0,1,1.0,2.0,True,False,False,True,False,False,False,0
32.0,1.0,44.0,1.0,2,1.0,2.0,False,False,False,True,False,False,False,0
15.0,5.0,36.0,3.0,3,1.0,1.0,True,False,True,False,False,False,False,0
12.0,5.0,36.0,3.0,3,1.0,1.0,False,False,True,False,False,False,False,0
28.0,1.0,74.0,1.0,1,1.0,2.0,False,False,True,False,False,False,False,0
24.0,1.0,36.0,3.0,2,1.0,2.0,True,False,False,True,False,False,False,0
36.0,1.0,9.0,1.0,1,1.0,2.0,False,False,False,False,True,False,False,0
35.0,1.0,24.0,1.0,2,1.0,2.0,True,False,False,True,False,False,False,0
18.0,5.0,36.0,3.0,9,1.0,1.0,False,False,True,False,False,False,False,0
14.0,5.0,36.0,3.0,3,1.0,1.0,True,False,True,False,False,False,False,0
12.0,5.0,36.0,3.0,3,1.0,1.0,False,False,True,False,False,False,False,0
4.0,5.0,36.0,4.0,3,2.0,3.0,False,False,False,False,False,False,True,0
48.0,2.0,0.0,1.0,1,1.0,2.0,False,False,False,True,False,False,False,0
33.0,5.0,48.0,1.0,1,1.0,2.0,True,False,True,False,False,False,False,0
52.0,3.0,36.0,3.0,6,1.0,2.0,True,True,False,False,False,False,False,0
17.0,5.0,36.0,3.0,3,1.0,1.0,True,False,True,False,False,False,False,0
8.0,5.0,36.0,4.0,3,1.0,1.0,False,False,False,False,False,False,False,0
3.0,5.0,36.0,4.0,3,2.0,3.0,True,False,False,False,False,False,True,0
34.0,5.0,36.0,4.0,3,3.0,2.0,True,False,False,False,False,False,True,0
77.0,2.0,36.0,3.0,1,1.0,2.0,False,False,False,False,False,False,False,0
71.0,2.0,36.0,3.0,2,1.0,2.0,True,False,True,False,False,False,False,0
23.0,5.0,60.0,1.0,5,1.0,1.0,False,False,False,False,True,False,False,0
44.0,5.0,14.0,1.0,1,1.0,2.0,True,False,False,False,True,False,False,0
22.0,5.0,36.0,2.0,3,1.0,2.0,False,False,False,False,True,False,False,0
76.0,5.0,36.0,3.0,1,1.0,2.0,True,False,False,True,False,False,False,0
41.0,5.0,35.0,1.0,3,1.0,2.0,False,False,False,True,False,False,False,0
56.0,1.0,0.0,1.0,1,1.0,2.0,False,False,False,False,False,True,False,0
55.0,1.0,36.0,3.0,2,1.0,2.0,True,False,False,False,True,False,False,0
12.0,5.0,36.0,3.0,3,1.0,1.0,True,False,False,False,False,False,False,0
17.0,5.0,36.0,3.0,3,1.0,1.0,False,False,False,False,True,False,False,0
51.0,1.0,48.0,1.0,1,1.0,2.0,True,False,False,False,False,True,False,0
59.0,1.0,50.0,1.0,2,1.0,2.0,False,False,False,True,False,False,False,0
18.0,5.0,36.0,2.0,3,1.0,2.0,False,False,True,False,False,False,False,0
29.0,1.0,36.0,3.0,3,1.0,2.0,False,False,True,False,False,False,False,0
29.0,1.0,36.0,3.0,4,1.0,2.0,True,False,True,False,False,False,False,0
8.0,5.0,36.0,4.0,5,1.0,1.0,False,False,False,False,False,False,False,0
6.0,5.0,36.0,4.0,5,1.0,1.0,True,False,False,False,False,False,False,0
3.0,5.0,36.0,4.0,5,2.0,3.0,True,False,False,False,False,False,True,0
45.0,2.0,36.0,1.0,2,1.0,2.0,True,False,False,True,False,False,False,0
25.0,5.0,36.0,3.0,3,1.0,1.0,True,False,False,False,True,False,False,0
15.0,5.0,36.0,3.0,3,1.0,1.0,True,False,True,False,False,False,False,0
49.0,2.0,84.0,1.0,1,1.0,2.0,False,True,False,False,False,False,False,0
46.0,2.0,70.0,1.0,2,1.0,2.0,True,True,False,False,False,False,False,0
25.0,5.0,35.0,1.0,3,1.0,2.0,False,False,False,True,False,False,False,0
24.0,5.0,35.0,1.0,3,1.0,2.0,False,False,False,True,False,False,False,0
22.0,5.0,36.0,3.0,3,1.0,2.0,True,False,False,False,False,True,False,0
46.0,5.0,45.0,1.0,1,1.0,2.0,False,True,False,False,False,False,False,0
23.0,5.0,18.0,1.0,3,1.0,2.0,False,True,False,False,False,False,False,0
21.0,5.0,36.0,3.0,3,1.0,2.0,False,False,True,False,False,False,False,0
42.0,2.0,35.0,1.0,2,1.0,2.0,True,False,False,False,False,True,False,0
8.0,5.0,36.0,4.0,3,1.0,1.0,False,False,False,False,False,False,False,0
6.0,5.0,36.0,4.0,3,1.0,1.0,True,False,False,False,False,False,False,0
4.0,5.0,36.0,4.0,3,2.0,1.0,False,False,False,False,False,False,True,0
34.0,1.0,24.0,1.0,1,1.0,2.0,True,False,False,True,False,False,False,0
37.0,1.0,24.0,1.0,2,1.0,2.0,False,False,False,False,False,True,False,0
42.0,5.0,30.0,1.0,1,1.0,2.0,True,True,False,False,False,False,False,0
34.0,5.0,0.0,1.0,8,1.0,2.0,True,False,False,False,False,True,False,0
46.0,2.0,15.0,1.0,2,1.0,2.0,True,False,False,True,False,False,False,0
20.0,5.0,15.0,1.0,3,1.0,1.0,True,False,True,False,False,False,False,0
19.0,5.0,36.0,3.0,3,1.0,2.0,True,False,False,True,False,False,False,0
18.0,5.0,36.0,3.0,3,1.0,1.0,True,False,False,False,True,False,False,0
17.0,5.0,36.0,3.0,3,1.0,1.0,False,False,True,False,False,False,False,0
12.0,5.0,36.0,3.0,3,1.0,1.0,False,False,True,False,False,False,False,0
41.0,4.0,20.0,1.0,1,1.0,2.0,True,True,False,False,False,False,False,0
11.0,5.0,36.0,3.0,3,1.0,1.0,False,False,False,False,False,False,False,0
9.0,5.0,36.0,4.0,3,1.0,1.0,False,False,False,False,False,False,False,0
21.0,5.0,36.0,3.0,3,1.0,2.0,True,False,True,False,False,False,False,0
1.0,5.0,36.0,4.0,5,3.0,2.0,True,False,False,False,False,False,True,0
38.0,5.0,44.0,1.0,1,1.0,2.0,False,False,False,False,False,True,False,0
73.0,4.0,36.0,3.0,1,1.0,2.0,True,False,True,False,False,False,False,0
55.0,2.0,36.0,3.0,1,1.0,2.0,False,True,False,False,False,False,False,0
52.0,2.0,36.0,3.0,2,1.0,2.0,True,True,False,False,False,False,False,0
30.0,5.0,18.0,1.0,3,1.0,2.0,True,False,False,True,False,False,False,0
32.0,5.0,18.0,1.0,3,1.0,2.0,True,False,False,True,False,False,False,0
18.0,5.0,36.0,3.0,3,1.0,1.0,True,False,False,False,True,False,False,0
22.0,1.0,36.0,3.0,3,1.0,2.0,True,False,False,True,False,False,False,0
30.0,1.0,48.0,1.0,4,1.0,2.0,False,False,True,False,False,False,False,0
1.0,5.0,36.0,4.0,5,3.0,2.0,False,False,False,False,False,False,True,0
51.0,5.0,44.0,1.0,1,1.0,2.0,False,False,False,True,False,False,False,0
23.0,5.0,44.0,1.0,3,1.0,2.0,False,False,False,True,False,False,False,0
59.0,2.0,36.0,3.0,1,1.0,2.0,False,True,False,False,False,False,False,0
58.0,2.0,0.0,1.0,2,1.0,2.0,True,True,False,False,False,False,False,0
29.0,5.0,36.0,3.0,3,1.0,1.0,True,False,False,False,True,False,False,0
24.0,5.0,30.0,1.0,3,1.0,2.0,False,False,True,False,False,False,False,0
28.0,5.0,36.0,2.0,1,1.0,2.0,False,False,False,True,False,False,False,0
75.0,2.0,36.0,3.0,1,1.0,2.0,False,False,False,False,False,True,False,0
68.0,2.0,36.0,3.0,2,1.0,2.0,True,False,False,False,False,True,False,0
49.0,2.0,44.0,1.0,1,1.0,2.0,False,True,False,False,False,False,False,0
42.0,2.0,18.0,1.0,2,1.0,2.0,True,False,False,False,True,False,False,0
20.0,5.0,36.0,3.0,3,1.0,2.0,True,False,False,True,False,False,False,0
16.0,5.0,36.0,3.0,3,1.0,2.0,True,False,True,False,False,False,False,0
60.0,2.0,44.0,1.0,1,1.0,2.0,False,True,False,False,False,False,False,0
64.0,2.0,20.0,1.0,2,1.0,2.0,True,True,False,False,False,False,False,0
34.0,5.0,48.0,1.0,3,1.0,2.0,True,False,False,False,True,False,False,0
25.0,1.0,48.0,1.0,1,1.0,2.0,False,False,True,False,False,False,False,0
24.0,1.0,36.0,3.0,2,1.0,2.0,True,False,False,True,False,False,False,0
5.0,5.0,36.0,4.0,3,2.0,1.0,True,False,False,False,False,False,True,0
66.0,2.0,36.0,3.0,1,1.0,2.0,False,False,False,False,False,True,False,0
57.0,2.0,48.0,1.0,2,1.0,2.0,True,False,False,True,False,False,False,0
47.0,3.0,12.0,1.0,1,1.0,2.0,True,False,True,False,False,False,False,0
25.0,5.0,36.0,2.0,3,1.0,2.0,False,False,True,False,False,False,False,0
46.0,3.0,60.0,1.0,1,1.0,2.0,True,False,False,False,False,True,False,0
18.0,5.0,36.0,3.0,3,1.0,1.0,False,False,True,False,False,False,False,0
15.0,5.0,36.0,3.0,3,1.0,1.0,False,False,True,False,False,False,False,0
11.0,5.0,36.0,3.0,3,1.0,1.0,False,False,False,False,False,False,False,0
69.0,4.0,36.0,3.0,1,1.0,2.0,True,False,False,False,False,True,False,0
66.0,4.0,15.0,1.0,1,1.0,2.0,True,False,False,True,False,False,False,0
29.0,5.0,20.0,1.0,3,1.0,2.0,False,False,False,False,False,True,False,0
26.0,5.0,24.0,1.0,3,1.0,1.0,False,False,False,False,True,False,False,0
36.0,5.0,40.0,1.0,1,1.0,2.0,True,False,False,True,False,False,False,0
16.0,5.0,36.0,3.0,3,1.0,1.0,False,False,True,False,False,False,False,0
10.0,5.0,36.0,3.0,3,1.0,1.0,False,False,False,False,False,False,False,0
7.0,5.0,36.0,4.0,3,1.0,1.0,True,False,False,False,False,False,False,0
23.0,5.0,45.0,1.0,1,1.0,2.0,False,False,False,True,False,False,False,0
20.0,5.0,63.0,1.0,8,1.0,2.0,True,False,False,True,False,False,False,0
49.0,3.0,84.0,1.0,6,1.0,2.0,False,True,False,False,False,False,False,0
50.0,5.0,36.0,3.0,1,1.0,2.0,True,False,True,False,False,False,False,0
28.0,5.0,30.0,1.0,1,1.0,2.0,False,False,False,False,False,True,False,0
74.0,4.0,36.0,3.0,1,1.0,2.0,True,False,False,False,False,True,False,0
24.0,5.0,36.0,3.0,1,1.0,1.0,True,False,False,False,True,False,False,0
43.0,3.0,40.0,1.0,6,1.0,2.0,False,False,False,False,False,True,False,0
58.0,3.0,15.0,1.0,1,1.0,2.0,False,False,False,False,True,False,False,0
52.0,1.0,32.0,1.0,1,1.0,2.0,False,False,False,True,False,False,False,0
52.0,1.0,16.0,1.0,2,1.0,2.0,True,True,False,False,False,False,False,0
21.0,5.0,36.0,3.0,3,1.0,1.0,True,False,False,False,True,False,False,0
13.0,5.0,36.0,3.0,3,1.0,1.0,True,False,True,False,False,False,False,0
60.0,2.0,40.0,1.0,1,1.0,2.0,False,False,False,False,True,False,False,0
58.0,2.0,36.0,3.0,2,1.0,2.0,True,False,False,False,False,True,False,0
30.0,1.0,48.0,1.0,3,1.0,1.0,False,False,False,False,True,False,False,0
26.0,1.0,48.0,1.0,3,1.0,1.0,False,False,True,False,False,False,False,0
21.0,1.0,36.0,1.0,3,1.0,2.0,True,False,False,True,False,False,False,0
60.0,2.0,36.0,3.0,1,1.0,2.0,False,True,False,False,False,False,False,0
56.0,2.0,36.0,3.0,2,1.0,2.0,True,True,False,False,False,False,False,0
40.0,5.0,48.0,1.0,3,1.0,2.0,False,False,True,False,False,False,False,0
35.0,5.0,48.0,1.0,3,1.0,2.0,False,False,True,False,False,False,False,0
52.0,3.0,40.0,1.0,1,1.0,2.0,False,False,True,False,False,False,False,0
39.0,1.0,40.0,1.0,1,1.0,2.0,False,False,False,True,False,False,False,0
29.0,1.0,0.0,1.0,2,1.0,2.0,True,False,False,False,False,True,False,0
61.0,2.0,36.0,3.0,1,1.0,2.0,False,True,False,False,False,False,False,0
56.0,2.0,36.0,3.0,2,1.0,2.0,True,False,False,False,False,True,False,0
53.0,2.0,46.0,1.0,1,1.0,2.0,False,False,False,False,False,True,False,0
53.0,2.0,24.0,1.0,2,1.0,2.0,True,False,False,False,False,True,False,0
69.0,2.0,0.0,1.0,1,1.0,2.0,False,True,False,False,False,False,False,0
76.0,2.0,0.0,1.0,2,1.0,2.0,True,True,False,False,False,False,False,0
34.0,5.0,36.0,4.0,3,3.0,2.0,False,False,False,False,False,False,True,0
31.0,5.0,50.0,1.0,1,1.0,2.0,False,False,False,False,False,True,False,0
34.0,5.0,30.0,1.0,1,1.0,2.0,True,False,False,False,False,True,False,0
77.0,4.0,36.0,3.0,1,1.0,2.0,False,False,False,True,False,False,False,0
60.0,4.0,0.0,1.0,1,1.0,2.0,False,False,False,False,False,True,False,0
32.0,5.0,44.0,1.0,3,1.0,2.0,False,False,False,False,False,True,False,0
50.0,5.0,52.0,1.0,9,1.0,2.0,False,False,False,True,False,False,False,0
9.0,5.0,36.0,4.0,3,1.0,1.0,False,False,False,False,False,False,False,0
47.0,1.0,36.0,2.0,1,1.0,2.0,False,True,False,False,False,False,False,0
45.0,1.0,20.0,1.0,2,1.0,2.0,True,True,False,False,False,False,False,0
39.0,3.0,40.0,1.0,1,1.0,2.0,True,False,False,False,False,True,False,0
6.0,5.0,36.0,4.0,3,1.0,1.0,False,False,False,False,False,False,False,0
4.0,5.0,36.0,4.0,3,2.0,1.0,False,False,False,False,False,False,True,0
67.0,2.0,36.0,3.0,1,1.0,2.0,True,False,False,True,False,False,False,0
74.0,2.0,36.0,3.0,2,1.0,2.0,False,False,False,True,False,False,False,0
13.0,5.0,36.0,3.0,5,1.0,1.0,False,False,True,False,False,False,False,0
33.0,5.0,48.0,1.0,3,1.0,2.0,False,True,False,False,False,False,False,0
16.0,5.0,36.0,3.0,3,1.0,1.0,True,False,True,False,False,False,False,0
28.0,5.0,24.0,1.0,3,1.0,1.0,True,False,True,False,False,False,False,0
8.0,5.0,36.0,4.0,5,1.0,1.0,True,False,False,False,False,False,False,0
7.0,5.0,36.0,4.0,5,1.0,1.0,True,False,False,False,False,False,False,0
20.0,1.0,36.0,1.0,4,1.0,2.0,False,False,False,True,False,False,False,0
75.0,2.0,48.0,1.0,1,1.0,2.0,False,False,True,False,False,False,False,0
66.0,2.0,48.0,1.0,2,1.0,2.0,True,False,True,False,False,False,False,0
24.0,5.0,18.0,1.0,3,1.0,2.0,False,False,False,False,False,True,False,0
20.0,5.0,36.0,3.0,3,1.0,1.0,True,False,False,False,True,False,False,0
83.0,4.0,36.0,3.0,1,1.0,2.0,True,False,True,False,False,False,False,0
25.0,5.0,40.0,1.0,1,1.0,2.0,False,False,False,True,False,False,False,0
63.0,2.0,40.0,1.0,6,1.0,2.0,False,True,False,False,False,False,False,0
60.0,2.0,36.0,3.0,6,1.0,2.0,True,True,False,False,False,False,False,0
77.0,4.0,36.0,3.0,1,1.0,2.0,True,True,False,False,False,False,False,0
78.0,5.0,36.0,3.0,1,1.0,2.0,True,True,False,False,False,False,False,0
35.0,1.0,4.0,1.0,1,1.0,1.0,True,False,False,False,True,False,False,0
42.0,1.0,25.0,1.0,2,1.0,2.0,False,False,False,True,False,False,False,0
55.0,3.0,16.0,1.0,1,1.0,2.0,True,True,False,False,False,False,False,0
25.0,5.0,16.0,1.0,3,1.0,1.0,False,False,False,False,True,False,False,0
58.0,3.0,0.0,1.0,1,1.0,2.0,True,False,False,False,False,True,False,0
11.0,5.0,36.0,3.0,3,1.0,1.0,True,False,True,False,False,False,False,0
3.0,5.0,36.0,4.0,3,2.0,1.0,True,False,False,False,False,False,True,0
50.0,2.0,48.0,1.0,1,1.0,2.0,False,False,True,False,False,False,False,0
19.0,5.0,40.0,1.0,3,1.0,2.0,False,False,False,True,False,False,False,0
69.0,1.0,36.0,3.0,1,1.0,2.0,True,True,False,False,False,False,False,0
78.0,1.0,36.0,3.0,2,1.0,2.0,False,True,False,False,False,False,False,0
27.0,5.0,40.0,1.0,3,1.0,2.0,False,True,False,False,False,False,False,0
26.0,5.0,40.0,1.0,3,1.0,2.0,False,False,False,True,False,False,False,0
40.0,2.0,36.0,3.0,1,1.0,2.0,True,False,False,False,False,True,False,0
80.0,4.0,36.0,3.0,1,1.0,2.0,False,False,False,True,False,False,False,0
68.0,2.0,36.0,3.0,1,1.0,2.0,False,False,False,True,False,False,False,0
65.0,2.0,9.0,1.0,2,1.0,2.0,True,False,True,False,False,False,False,0
24.0,5.0,24.0,1.0,3,1.0,2.0,False,False,False,True,False,False,False,0
25.0,1.0,30.0,1.0,1,1.0,2.0,False,False,True,False,False,False,False,0
22.0,1.0,12.0,1.0,2,1.0,2.0,True,False,False,True,False,False,False,0
48.0,1.0,58.0,1.0,1,1.0,2.0,False,False,False,True,False,False,False,0
41.0,1.0,58.0,1.0,2,1.0,2.0,True,False,True,False,False,False,False,0
21.0,5.0,36.0,3.0,3,1.0,2.0,True,False,False,True,False,False,False,0
16.0,5.0,36.0,3.0,3,1.0,1.0,False,False,True,False,False,False,False,0
1.0,5.0,36.0,4.0,5,3.0,2.0,False,False,False,False,False,False,True,0
45.0,5.0,36.0,3.0,1,1.0,2.0,False,False,False,True,False,False,False,0
37.0,3.0,45.0,1.0,1,1.0,2.0,True,False,False,False,False,True,False,0
14.0,5.0,36.0,3.0,3,1.0,1.0,False,False,True,False,False,False,False,0
8.0,5.0,36.0,4.0,3,1.0,1.0,True,False,False,False,False,False,False,0
53.0,3.0,36.0,3.0,1,1.0,2.0,True,False,False,False,False,False,False,0
21.0,5.0,36.0,3.0,3,1.0,2.0,True,False,False,True,False,False,False,0
25.0,5.0,56.0,1.0,3,1.0,2.0,False,False,True,False,False,False,False,0
36.0,5.0,56.0,1.0,3,1.0,2.0,False,False,True,False,False,False,False,0
38.0,5.0,36.0,1.0,3,1.0,2.0,False,True,False,False,False,False,False,0
81.0,2.0,36.0,3.0,1,1.0,2.0,True,True,False,False,False,False,False,0
80.0,2.0,36.0,3.0,2,1.0,2.0,False,True,False,False,False,False,False,0
33.0,1.0,50.0,1.0,1,1.0,2.0,False,False,False,True,False,False,False,0
26.0,1.0,70.0,1.0,2,1.0,2.0,True,True,False,False,False,False,False,0
10.0,5.0,36.0,3.0,3,1.0,1.0,False,False,False,False,False,False,False,0
2.0,5.0,36.0,4.0,3,2.0,3.0,True,False,False,False,False,False,True,0
47.0,2.0,48.0,1.0,1,1.0,2.0,False,False,False,False,True,False,False,0
52.0,3.0,36.0,2.0,1,1.0,2.0,True,False,False,False,False,False,False,0
27.0,5.0,36.0,2.0,3,1.0,2.0,True,False,False,True,False,False,False,0
55.0,4.0,40.0,1.0,1,1.0,2.0,False,False,True,False,False,False,False,0
13.0,5.0,36.0,3.0,3,1.0,1.0,True,False,False,False,False,False,False,0
33.0,5.0,50.0,1.0,1,1.0,1.0,True,False,False,False,True,False,False,0
16.0,5.0,36.0,3.0,3,1.0,1.0,False,False,True,False,False,False,False,0
12.0,5.0,36.0,3.0,3,1.0,1.0,True,False,False,False,False,False,False,0
65.0,5.0,36.0,3.0,1,1.0,2.0,True,False,False,False,True,False,False,0
34.0,5.0,39.0,1.0,9,1.0,2.0,False,False,False,False,True,False,False,0
53.0,2.0,36.0,3.0,1,1.0,2.0,False,True,False,False,False,False,False,0
54.0,2.0,30.0,1.0,2,1.0,2.0,True,False,False,True,False,False,False,0
24.0,5.0,48.0,1.0,3,1.0,2.0,False,False,False,True,False,False,False,0
35.0,5.0,32.0,1.0,3,1.0,2.0,False,False,False,False,False,True,False,0
56.0,2.0,40.0,1.0,1,1.0,2.0,False,False,True,False,False,False,False,0
56.0,2.0,36.0,3.0,2,1.0,2.0,True,False,True,False,False,False,False,0
75.0,5.0,36.0,3.0,8,2.0,3.0,False,False,False,False,False,False,True,0
68.0,4.0,70.0,1.0,1,1.0,2.0,True,True,False,False,False,False,False,0
84.0,4.0,36.0,3.0,1,1.0,2.0,True,False,False,False,False,False,False,0
52.0,2.0,36.0,3.0,1,1.0,2.0,True,False,True,False,False,False,False,0
54.0,2.0,50.0,1.0,2,1.0,2.0,False,False,True,False,False,False,False,0
31.0,3.0,36.0,3.0,3,1.0,2.0,False,False,False,True,False,False,False,0
29.0,5.0,36.0,3.0,3,1.0,2.0,False,False,False,False,False,False,False,0
46.0,2.0,36.0,3.0,1,1.0,2.0,True,False,False,False,True,False,False,0
46.0,2.0,52.0,1.0,2,1.0,2.0,False,False,False,False,True,False,False,0
20.0,5.0,36.0,3.0,3,1.0,1.0,False,False,False,False,True,False,False,0
18.0,5.0,36.0,3.0,3,1.0,1.0,False,False,False,False,True,False,False,0
40.0,2.0,60.0,1.0,2,1.0,2.0,False,False,False,False,False,True,False,0
11.0,5.0,36.0,3.0,3,1.0,1.0,True,False,False,False,False,False,False,0
8.0,5.0,36.0,4.0,3,1.0,1.0,False,False,False,False,False,False,False,0
74.0,4.0,36.0,3.0,1,1.0,2.0,True,True,False,False,False,False,False,0
36.0,2.0,30.0,1.0,3,1.0,2.0,True,False,False,True,False,False,False,0
6.0,5.0,36.0,4.0,5,2.0,1.0,False,False,False,False,False,False,True,0
2.0,5.0,36.0,4.0,5,2.0,3.0,False,False,False,False,False,False,True,0
31.0,2.0,35.0,1.0,4,1.0,2.0,False,False,False,True,False,False,False,0
43.0,3.0,84.0,1.0,1,1.0,2.0,False,False,False,False,True,False,False,0
55.0,3.0,36.0,3.0,10,1.0,2.0,True,False,False,False,True,False,False,0
13.0,5.0,36.0,3.0,10,1.0,1.0,True,False,False,False,False,False,False,0
44.0,3.0,24.0,1.0,1,1.0,2.0,True,False,False,False,False,True,False,0
12.0,5.0,36.0,3.0,3,1.0,1.0,False,False,True,False,False,False,False,0
33.0,1.0,44.0,1.0,1,1.0,2.0,False,False,False,False,True,False,False,0
30.0,1.0,48.0,1.0,2,1.0,2.0,True,False,False,True,False,False,False,0
65.0,5.0,36.0,3.0,1,1.0,2.0,True,False,False,True,False,False,False,0
24.0,1.0,48.0,1.0,3,1.0,2.0,False,False,False,True,False,False,False,0
45.0,2.0,55.0,1.0,1,1.0,2.0,False,False,False,False,False,True,False,0
34.0,2.0,30.0,1.0,2,1.0,2.0,True,False,False,False,False,True,False,0
10.0,5.0,36.0,3.0,3,1.0,1.0,True,False,False,False,False,False,False,0
6.0,5.0,36.0,4.0,3,2.0,1.0,True,False,False,False,False,False,False,0
56.0,2.0,40.0,1.0,1,1.0,2.0,False,False,False,False,False,True,False,0
57.0,2.0,18.0,1.0,2,1.0,2.0,True,False,False,True,False,False,False,0
22.0,5.0,40.0,1.0,1,1.0,1.0,True,False,False,False,True,False,False,0
59.0,3.0,36.0,3.0,1,1.0,2.0,True,True,False,False,False,False,False,0
71.0,4.0,40.0,1.0,1,1.0,2.0,False,False,False,False,False,True,False,0
65.0,2.0,36.0,3.0,1,1.0,2.0,False,False,False,True,False,False,False,0
64.0,2.0,36.0,3.0,2,1.0,2.0,True,True,False,False,False,False,False,0
25.0,5.0,36.0,3.0,3,1.0,2.0,True,False,False,True,False,False,False,0
6.0,5.0,36.0,4.0,5,2.0,1.0,True,False,False,False,False,False,False,0
4.0,5.0,36.0,4.0,5,2.0,1.0,True,False,False,False,False,False,True,0
34.0,1.0,40.0,1.0,1,1.0,2.0,False,False,False,True,False,False,False,0
39.0,1.0,25.0,1.0,2,1.0,2.0,True,False,False,True,False,False,False,0
20.0,5.0,25.0,1.0,3,1.0,2.0,False,False,False,True,False,False,False,0
49.0,2.0,36.0,3.0,2,1.0,2.0,True,False,False,False,True,False,False,0
26.0,5.0,36.0,3.0,3,1.0,1.0,True,False,False,False,False,True,False,0
25.0,5.0,25.0,1.0,3,1.0,1.0,True,False,False,False,True,False,False,0
23.0,5.0,52.0,1.0,3,1.0,2.0,True,False,False,False,False,True,False,0
12.0,5.0,36.0,3.0,3,1.0,1.0,False,False,False,False,False,False,False,0
37.0,2.0,36.0,3.0,1,1.0,2.0,False,False,False,False,False,False,False,0
38.0,2.0,35.0,1.0,2,1.0,2.0,True,False,False,False,False,True,False,0
15.0,5.0,36.0,3.0,3,1.0,1.0,True,False,True,False,False,False,False,0
24.0,5.0,48.0,1.0,1,1.0,2.0,False,False,False,True,False,False,False,0
50.0,2.0,60.0,1.0,1,1.0,2.0,False,False,False,False,False,True,False,0
45.0,2.0,40.0,1.0,2,1.0,2.0,True,False,False,False,False,True,False,0
22.0,5.0,50.0,1.0,3,1.0,2.0,False,False,False,True,False,False,False,0
15.0,5.0,36.0,3.0,3,1.0,1.0,True,False,True,False,False,False,False,0
10.0,5.0,36.0,3.0,3,1.0,1.0,True,False,False,False,False,False,False,0
35.0,1.0,40.0,1.0,1,1.0,2.0,False,False,False,True,False,False,False,0
38.0,1.0,20.0,1.0,2,1.0,2.0,True,False,False,True,False,False,False,0
15.0,5.0,36.0,3.0,3,1.0,1.0,True,False,True,False,False,False,False,0
55.0,1.0,40.0,1.0,1,1.0,2.0,False,True,False,False,False,False,False,0
59.0,1.0,0.0,1.0,2,1.0,2.0,True,False,False,False,False,True,False,0
35.0,3.0,40.0,1.0,3,1.0,1.0,False,False,False,False,True,False,False,0
39.0,3.0,40.0,1.0,3,1.0,2.0,True,False,False,False,True,False,False,0
8.0,5.0,36.0,4.0,5,1.0,1.0,True,False,False,False,False,False,False,0
24.0,1.0,36.0,3.0,1,1.0,1.0,True,False,False,False,True,False,False,0
28.0,1.0,50.0,1.0,2,1.0,2.0,False,False,False,False,False,True,False,0
24.0,3.0,55.0,1.0,1,1.0,2.0,False,True,False,False,False,False,False,0
44.0,3.0,12.0,1.0,6,1.0,2.0,True,False,False,True,False,False,False,0
3.0,5.0,36.0,4.0,8,2.0,1.0,False,False,False,False,False,False,True,0
6.0,5.0,36.0,4.0,8,1.0,1.0,False,False,False,False,False,False,False,0
30.0,1.0,48.0,1.0,3,1.0,2.0,False,False,False,True,False,False,False,0
28.0,1.0,36.0,3.0,4,1.0,2.0,True,False,False,True,False,False,False,0
2.0,5.0,36.0,4.0,5,2.0,3.0,True,False,False,False,False,False,True,0
63.0,2.0,66.0,1.0,1,1.0,2.0,False,False,False,True,False,False,False,0
57.0,2.0,36.0,3.0,2,1.0,2.0,True,False,False,True,False,False,False,0
32.0,5.0,36.0,3.0,3,1.0,2.0,True,False,False,True,False,False,False,0
20.0,5.0,72.0,1.0,3,1.0,2.0,True,False,False,True,False,False,False,0
10.0,5.0,36.0,3.0,5,1.0,1.0,False,False,False,False,False,False,False,0
13.0,5.0,36.0,3.0,5,1.0,1.0,False,False,True,False,False,False,False,0
47.0,2.0,4.0,1.0,1,1.0,2.0,True,False,False,True,False,False,False,0
25.0,5.0,36.0,3.0,3,1.0,1.0,True,False,False,False,True,False,False,0
50.0,2.0,40.0,1.0,2,1.0,2.0,False,False,False,True,False,False,False,0
56.0,5.0,36.0,2.0,1,1.0,2.0,False,False,False,True,False,False,False,0
26.0,1.0,10.0,1.0,1,1.0,2.0,True,False,False,True,False,False,False,0
25.0,1.0,40.0,1.0,2,1.0,2.0,False,False,False,True,False,False,False,0
6.0,5.0,36.0,4.0,3,1.0,1.0,False,False,False,False,False,False,False,0
49.0,2.0,12.0,1.0,1,1.0,2.0,True,False,False,False,False,False,True,0
42.0,2.0,36.0,1.0,2,1.0,2.0,False,False,False,True,False,False,False,0
12.0,5.0,36.0,3.0,3,1.0,1.0,True,False,True,False,False,False,False,0
14.0,5.0,36.0,3.0,3,1.0,1.0,False,False,True,False,False,False,False,0
28.0,1.0,36.0,3.0,4,1.0,2.0,True,False,True,False,False,False,False,0
24.0,5.0,36.0,3.0,3,1.0,2.0,False,False,False,True,False,False,False,0
24.0,5.0,36.0,3.0,3,1.0,2.0,False,False,False,True,False,False,False,0
19.0,5.0,36.0,3.0,3,1.0,1.0,True,False,False,False,True,False,False,0
16.0,5.0,36.0,3.0,3,1.0,1.0,True,False,True,False,False,False,False,0
39.0,2.0,40.0,1.0,1,1.0,2.0,False,False,False,True,False,False,False,0
50.0,2.0,4.0,1.0,2,1.0,2.0,True,False,True,False,False,False,False,0
23.0,5.0,36.0,3.0,3,1.0,1.0,False,False,False,False,True,False,False,0
41.0,1.0,60.0,1.0,1,1.0,2.0,False,False,False,True,False,False,False,0
40.0,1.0,25.0,1.0,2,1.0,2.0,True,False,False,True,False,False,False,0
11.0,5.0,36.0,3.0,3,1.0,1.0,False,False,False,False,False,False,False,0
44.0,1.0,36.0,1.0,1,1.0,2.0,False,False,False,True,False,False,False,0
51.0,1.0,16.0,1.0,2,1.0,2.0,True,False,False,True,False,False,False,0
30.0,5.0,32.0,1.0,3,1.0,1.0,False,False,False,False,True,False,False,0
19.0,5.0,36.0,2.0,3,1.0,2.0,False,False,False,True,False,False,False,0
14.0,5.0,36.0,3.0,3,1.0,1.0,False,False,True,False,False,False,False,0
14.0,5.0,36.0,3.0,3,1.0,1.0,False,False,True,False,False,False,False,0
76.0,4.0,36.0,3.0,1,2.0,3.0,True,False,False,False,False,False,True,0
29.0,5.0,30.0,1.0,5,1.0,2.0,False,False,False,True,False,False,False,0
32.0,1.0,44.0,1.0,1,1.0,2.0,False,False,False,True,False,False,False,0
26.0,1.0,20.0,1.0,2,1.0,2.0,True,False,False,False,True,False,False,0
9.0,5.0,36.0,4.0,3,1.0,1.0,True,False,False,False,False,False,False,0
62.0,1.0,36.0,3.0,1,1.0,2.0,False,False,True,False,False,False,False,0
23.0,5.0,20.0,1.0,3,1.0,2.0,True,False,False,True,False,False,False,0
59.0,1.0,36.0,3.0,2,1.0,2.0,False,True,False,False,False,False,False,0
74.0,5.0,36.0,3.0,1,1.0,2.0,True,False,False,False,False,True,False,0
66.0,2.0,36.0,3.0,1,1.0,2.0,False,False,False,True,False,False,False,0
70.0,2.0,36.0,3.0,2,1.0,2.0,True,False,False,True,False,False,False,0
38.0,5.0,40.0,1.0,1,1.0,2.0,True,False,False,False,False,True,False,0
65.0,3.0,36.0,3.0,1,1.0,2.0,True,False,True,False,False,False,False,0
38.0,3.0,30.0,1.0,3,1.0,2.0,False,False,False,True,False,False,False,0
15.0,5.0,36.0,3.0,5,1.0,1.0,False,False,True,False,False,False,False,0
48.0,1.0,0.0,1.0,1,1.0,2.0,False,True,False,False,False,False,False,0
27.0,1.0,16.0,1.0,3,1.0,2.0,True,True,False,False,False,False,False,0
27.0,1.0,60.0,1.0,4,1.0,2.0,False,True,False,False,False,False,False,0
77.0,2.0,36.0,3.0,1,1.0,2.0,False,False,False,False,False,False,False,0
73.0,2.0,36.0,3.0,2,1.0,2.0,True,False,False,True,False,False,False,0
61.0,2.0,36.0,3.0,1,1.0,2.0,False,True,False,False,False,False,False,0
59.0,2.0,35.0,1.0,2,1.0,2.0,True,False,False,True,False,False,False,0
71.0,5.0,36.0,3.0,1,1.0,2.0,True,False,False,False,False,False,False,0
35.0,5.0,21.0,1.0,3,1.0,2.0,False,False,True,False,False,False,False,0
14.0,5.0,36.0,3.0,5,1.0,1.0,True,False,True,False,False,False,False,0
39.0,5.0,36.0,2.0,1,1.0,2.0,False,False,False,True,False,False,False,0
49.0,1.0,36.0,1.0,1,1.0,2.0,False,True,False,False,False,False,False,0
32.0,1.0,36.0,3.0,2,1.0,2.0,True,True,False,False,False,False,False,0
9.0,5.0,36.0,4.0,3,1.0,1.0,False,False,False,False,False,False,False,0
11.0,5.0,36.0,3.0,3,1.0,1.0,True,False,True,False,False,False,False,0
21.0,5.0,36.0,1.0,3,1.0,2.0,False,False,False,True,False,False,False,0
78.0,4.0,36.0,3.0,1,1.0,2.0,False,False,True,False,False,False,False,0
45.0,5.0,48.0,1.0,3,1.0,2.0,False,False,False,False,True,False,False,0
61.0,4.0,36.0,3.0,7,1.0,2.0,True,True,False,False,False,False,False,0
30.0,1.0,60.0,1.0,1,1.0,2.0,False,True,False,False,False,False,False,0
30.0,1.0,36.0,3.0,2,1.0,2.0,True,True,False,False,False,False,False,0
3.0,5.0,36.0,4.0,3,2.0,1.0,False,False,False,False,False,False,True,0
42.0,3.0,40.0,1.0,9,1.0,2.0,False,False,False,True,False,False,False,0
64.0,2.0,36.0,3.0,1,1.0,2.0,False,True,False,False,False,False,False,0
53.0,5.0,25.0,1.0,1,1.0,2.0,True,False,False,False,False,True,False,0
91.0,4.0,36.0,3.0,1,1.0,2.0,True,False,False,False,False,False,False,0
49.0,5.0,56.0,1.0,3,1.0,2.0,False,False,False,True,False,False,False,0
49.0,5.0,32.0,1.0,1,1.0,2.0,True,False,False,False,False,True,False,0
26.0,5.0,35.0,1.0,3,1.0,2.0,False,False,False,False,False,True,False,0
65.0,2.0,36.0,3.0,1,1.0,2.0,False,False,False,True,False,False,False,0
61.0,2.0,36.0,3.0,2,1.0,2.0,True,True,False,False,False,False,False,0
40.0,5.0,48.0,1.0,3,1.0,2.0,True,False,False,True,False,False,False,0
30.0,5.0,30.0,1.0,3,1.0,2.0,True,False,False,True,False,False,False,0
57.0,5.0,36.0,3.0,1,1.0,2.0,False,True,False,False,False,False,False,0
50.0,5.0,4.0,1.0,8,1.0,2.0,True,False,True,False,False,False,False,0
48.0,2.0,40.0,1.0,1,1.0,2.0,False,True,False,False,False,False,False,0
16.0,5.0,36.0,3.0,3,1.0,1.0,True,False,True,False,False,False,False,0
83.0,2.0,36.0,3.0,1,1.0,2.0,False,False,False,False,False,True,False,0
76.0,2.0,36.0,3.0,2,1.0,2.0,True,False,False,True,False,False,False,0
31.0,2.0,40.0,1.0,1,1.0,2.0,False,False,True,False,False,False,False,0
32.0,2.0,36.0,3.0,2,1.0,2.0,True,False,True,False,False,False,False,0
12.0,5.0,36.0,3.0,3,1.0,1.0,True,False,True,False,False,False,False,0
7.0,5.0,36.0,4.0,3,1.0,1.0,True,False,False,False,False,False,False,0
4.0,5.0,36.0,4.0,3,2.0,1.0,True,False,False,False,False,False,True,0
48.0,5.0,36.0,1.0,1,1.0,2.0,True,False,True,False,False,False,False,0
25.0,5.0,36.0,1.0,3,1.0,1.0,True,False,False,False,True,False,False,0
18.0,5.0,36.0,2.0,3,1.0,1.0,True,False,False,False,True,False,False,0
6.0,5.0,36.0,4.0,3,1.0,1.0,False,False,False,False,False,False,False,0
60.0,3.0,36.0,3.0,1,1.0,2.0,True,False,True,False,False,False,False,0
20.0,5.0,0.0,1.0,3,1.0,2.0,False,False,True,False,False,False,False,0
20.0,5.0,36.0,3.0,3,1.0,1.0,True,False,False,False,True,False,False,0
52.0,1.0,36.0,1.0,1,1.0,2.0,False,True,False,False,False,False,False,0
40.0,1.0,32.0,1.0,2,1.0,2.0,True,True,False,False,False,False,False,0
17.0,5.0,36.0,3.0,3,1.0,1.0,False,False,True,False,False,False,False,0
9.0,5.0,36.0,4.0,3,1.0,1.0,False,False,False,False,False,False,False,0
29.0,5.0,20.0,1.0,1,1.0,2.0,False,False,True,False,False,False,False,0
36.0,5.0,0.0,1.0,1,1.0,2.0,False,False,False,False,True,False,False,0
57.0,5.0,40.0,1.0,1,1.0,2.0,False,False,True,False,False,False,False,0
24.0,5.0,24.0,1.0,3,1.0,2.0,True,False,False,False,False,True,False,0
43.0,1.0,42.0,1.0,1,1.0,2.0,True,False,False,False,True,False,False,0
39.0,1.0,36.0,2.0,2,1.0,2.0,False,False,False,True,False,False,False,0
12.0,5.0,36.0,3.0,3,1.0,1.0,False,False,False,False,False,False,False,0
8.0,5.0,36.0,4.0,3,1.0,1.0,True,False,False,False,False,False,False,0
71.0,2.0,36.0,3.0,6,1.0,2.0,False,True,False,False,False,False,False,0
67.0,2.0,36.0,3.0,6,1.0,2.0,True,True,False,False,False,False,False,0
3.0,5.0,36.0,4.0,3,2.0,1.0,False,False,False,False,False,False,True,0
37.0,5.0,56.0,1.0,3,1.0,2.0,False,False,False,True,False,False,False,0
55.0,1.0,0.0,1.0,2,1.0,2.0,True,True,False,False,False,False,False,0
65.0,2.0,36.0,3.0,1,1.0,2.0,True,True,False,False,False,False,False,0
69.0,2.0,8.0,1.0,2,1.0,2.0,False,True,False,False,False,False,False,0
47.0,3.0,48.0,1.0,3,1.0,2.0,False,True,False,False,False,False,False,0
15.0,5.0,36.0,3.0,5,1.0,1.0,True,False,True,False,False,False,False,0
50.0,1.0,24.0,1.0,1,1.0,2.0,False,False,False,False,False,True,False,0
47.0,1.0,30.0,1.0,2,1.0,1.0,True,False,False,False,False,True,False,0
18.0,5.0,36.0,3.0,3,1.0,1.0,False,False,False,False,True,False,False,0
21.0,1.0,50.0,1.0,1,1.0,2.0,False,False,False,True,False,False,False,0
21.0,5.0,36.0,2.0,8,1.0,2.0,False,False,False,True,False,False,False,0
17.0,5.0,36.0,2.0,8,1.0,1.0,True,False,True,False,False,False,False,0
2.0,5.0,36.0,4.0,3,2.0,3.0,True,False,False,False,False,False,True,0
22.0,1.0,12.0,1.0,2,1.0,2.0,True,False,False,True,False,False,False,0
77.0,4.0,36.0,3.0,1,1.0,2.0,True,False,True,False,False,False,False,0
45.0,5.0,40.0,1.0,3,1.0,2.0,True,False,False,False,False,True,False,0
19.0,5.0,30.0,1.0,5,1.0,1.0,False,False,False,False,True,False,False,0
18.0,5.0,36.0,3.0,5,1.0,1.0,True,False,False,False,True,False,False,0
5.0,5.0,36.0,4.0,5,1.0,1.0,False,False,False,False,False,False,False,0
58.0,3.0,36.0,3.0,3,1.0,2.0,False,False,False,True,False,False,False,0
61.0,2.0,36.0,3.0,2,1.0,2.0,True,True,False,False,False,False,False,0
30.0,5.0,35.0,1.0,3,1.0,2.0,False,False,False,True,False,False,False,0
45.0,5.0,36.0,1.0,1,1.0,2.0,True,False,False,True,False,False,False,0
19.0,5.0,36.0,1.0,3,1.0,1.0,True,False,True,False,False,False,False,0
9.0,5.0,36.0,4.0,3,1.0,1.0,False,False,False,False,False,False,False,0
33.0,1.0,45.0,1.0,1,1.0,2.0,True,False,False,False,False,True,False,0
37.0,1.0,45.0,1.0,2,1.0,2.0,False,False,False,False,False,True,False,0
71.0,2.0,12.0,1.0,7,1.0,2.0,True,False,True,False,False,False,False,0
69.0,2.0,24.0,1.0,7,1.0,2.0,True,False,False,True,False,False,False,0
3.0,5.0,36.0,4.0,3,2.0,1.0,False,False,False,False,False,False,True,0
41.0,5.0,35.0,1.0,9,1.0,2.0,True,False,False,False,False,True,False,0
96.0,3.0,36.0,3.0,1,1.0,2.0,False,True,False,False,False,False,False,0
50.0,3.0,48.0,1.0,1,1.0,2.0,False,False,False,False,False,True,False,0
79.0,2.0,36.0,3.0,1,1.0,2.0,False,False,True,False,False,False,False,0
35.0,2.0,48.0,1.0,2,1.0,2.0,True,False,False,True,False,False,False,0
12.0,5.0,36.0,3.0,3,1.0,1.0,False,False,True,False,False,False,False,0
7.0,5.0,36.0,4.0,3,1.0,1.0,True,False,False,False,False,False,False,0
46.0,1.0,40.0,1.0,1,1.0,2.0,False,True,False,False,False,False,False,0
50.0,1.0,14.0,1.0,2,1.0,2.0,True,True,False,False,False,False,False,0
21.0,5.0,48.0,1.0,3,1.0,2.0,False,False,False,True,False,False,False,0
82.0,2.0,36.0,3.0,1,1.0,2.0,False,True,False,False,False,False,False,0
85.0,2.0,36.0,3.0,2,1.0,2.0,True,True,False,False,False,False,False,0
53.0,2.0,40.0,1.0,1,1.0,2.0,False,False,False,False,False,True,False,0
52.0,2.0,40.0,1.0,2,1.0,2.0,True,False,False,False,False,True,False,0
19.0,5.0,36.0,3.0,3,1.0,1.0,True,False,False,False,True,False,False,0
25.0,5.0,36.0,3.0,1,1.0,2.0,True,False,False,False,True,False,False,0
65.0,5.0,16.0,1.0,1,1.0,2.0,True,True,False,False,False,False,False,0
11.0,5.0,36.0,3.0,3,1.0,1.0,True,False,False,False,False,False,False,0
8.0,5.0,36.0,4.0,3,1.0,1.0,False,False,False,False,False,False,False,0
38.0,1.0,40.0,1.0,1,1.0,2.0,False,False,True,False,False,False,False,0
37.0,1.0,36.0,3.0,2,1.0,2.0,True,False,False,True,False,False,False,0
11.0,5.0,36.0,3.0,3,1.0,1.0,False,False,False,False,False,False,False,0
65.0,2.0,46.0,1.0,1,1.0,2.0,False,True,False,False,False,False,False,0
58.0,2.0,8.0,1.0,2,1.0,2.0,True,True,False,False,False,False,False,0
42.0,3.0,36.0,3.0,3,1.0,2.0,False,False,True,False,False,False,False,0
36.0,3.0,54.0,1.0,3,1.0,2.0,False,False,True,False,False,False,False,0
18.0,5.0,36.0,3.0,5,1.0,1.0,True,False,False,False,True,False,False,0
17.0,5.0,36.0,3.0,5,1.0,1.0,True,False,True,False,False,False,False,0
37.0,2.0,20.0,1.0,1,1.0,2.0,True,False,False,False,False,True,False,0
53.0,2.0,45.0,1.0,1,1.0,2.0,False,False,False,True,False,False,False,0
53.0,2.0,36.0,3.0,2,1.0,2.0,True,False,False,True,False,False,False,0
27.0,5.0,36.0,2.0,3,1.0,1.0,True,False,False,False,True,False,False,0
73.0,4.0,36.0,3.0,1,1.0,2.0,True,True,False,False,False,False,False,0
64.0,2.0,48.0,1.0,1,1.0,2.0,False,False,False,False,False,True,False,0
63.0,2.0,36.0,3.0,2,1.0,2.0,True,False,False,False,False,True,False,0
48.0,3.0,36.0,3.0,1,1.0,2.0,True,False,False,False,False,True,False,0
19.0,5.0,36.0,1.0,3,1.0,1.0,False,False,False,False,True,False,False,0
14.0,5.0,36.0,3.0,3,1.0,1.0,False,False,True,False,False,False,False,0
40.0,1.0,40.0,1.0,1,1.0,1.0,True,False,False,False,True,False,False,0
40.0,1.0,48.0,1.0,2,1.0,2.0,False,False,False,False,True,False,False,0
11.0,5.0,36.0,3.0,3,1.0,1.0,True,False,False,False,False,False,False,0
5.0,5.0,36.0,4.0,3,2.0,1.0,True,False,False,False,False,False,True,0
65.0,4.0,36.0,3.0,1,1.0,2.0,True,False,False,True,False,False,False,0
36.0,5.0,32.0,1.0,3,1.0,2.0,True,False,False,True,False,False,False,0
71.0,3.0,36.0,3.0,1,1.0,2.0,True,False,False,True,False,False,False,0
21.0,5.0,60.0,1.0,9,1.0,2.0,False,False,False,True,False,False,False,0
49.0,1.0,84.0,1.0,1,1.0,2.0,False,False,False,True,False,False,False,0
44.0,1.0,60.0,1.0,2,1.0,2.0,True,False,False,True,False,False,False,0
23.0,5.0,36.0,3.0,3,1.0,2.0,False,False,True,False,False,False,False,0
19.0,5.0,36.0,3.0,3,1.0,1.0,False,False,False,False,True,False,False,0
16.0,5.0,36.0,3.0,3,1.0,1.0,True,False,True,False,False,False,False,0
11.0,5.0,36.0,3.0,3,1.0,1.0,False,False,False,False,False,False,False,0
48.0,5.0,40.0,1.0,1,1.0,2.0,True,False,False,False,False,True,False,0
28.0,5.0,36.0,1.0,3,1.0,2.0,False,False,False,True,False,False,False,0
15.0,5.0,36.0,3.0,3,1.0,1.0,True,False,True,False,False,False,False,0
62.0,2.0,36.0,3.0,1,1.0,2.0,False,False,False,True,False,False,False,0
59.0,2.0,36.0,3.0,2,1.0,2.0,True,False,False,False,False,False,False,0
47.0,5.0,40.0,1.0,1,1.0,2.0,True,False,False,False,True,False,False,0
59.0,5.0,20.0,1.0,1,1.0,2.0,True,True,False,False,False,False,False,0
43.0,2.0,45.0,1.0,1,1.0,2.0,True,False,False,False,False,True,False,0
44.0,2.0,25.0,1.0,2,1.0,2.0,False,False,False,True,False,False,False,0
18.0,5.0,36.0,3.0,3,1.0,1.0,True,False,True,False,False,False,False,0
12.0,5.0,36.0,3.0,3,1.0,1.0,False,False,True,False,False,False,False,0
59.0,5.0,40.0,1.0,1,1.0,2.0,False,False,False,False,False,True,False,0
81.0,4.0,36.0,3.0,6,1.0,2.0,True,False,False,False,False,True,False,0
77.0,4.0,36.0,3.0,1,1.0,2.0,True,True,False,False,False,False,False,0
63.0,4.0,20.0,1.0,1,1.0,2.0,False,True,False,False,False,False,False,0
27.0,5.0,35.0,1.0,3,1.0,2.0,False,False,False,True,False,False,False,0
29.0,5.0,35.0,1.0,3,1.0,2.0,True,False,False,False,False,True,False,0
35.0,3.0,40.0,1.0,1,1.0,2.0,True,False,False,False,False,True,False,0
54.0,2.0,25.0,1.0,1,1.0,2.0,False,False,False,False,False,True,False,0
49.0,2.0,40.0,1.0,2,1.0,2.0,True,False,False,False,False,True,False,0
16.0,5.0,36.0,3.0,3,1.0,1.0,True,False,True,False,False,False,False,0
12.0,5.0,36.0,3.0,3,1.0,1.0,False,False,True,False,False,False,False,0
70.0,1.0,30.0,1.0,1,1.0,2.0,False,False,False,True,False,False,False,0
33.0,1.0,36.0,2.0,2,1.0,2.0,True,False,True,False,False,False,False,0
9.0,5.0,36.0,4.0,3,1.0,1.0,False,False,False,False,False,False,False,0
77.0,2.0,36.0,3.0,1,1.0,2.0,False,False,False,True,False,False,False,0
47.0,1.0,0.0,1.0,1,1.0,2.0,False,False,False,True,False,False,False,0
45.0,1.0,0.0,1.0,2,1.0,2.0,True,False,False,False,False,True,False,0
12.0,5.0,36.0,3.0,3,1.0,1.0,False,False,True,False,False,False,False,0
9.0,5.0,36.0,4.0,3,1.0,1.0,True,False,False,False,False,False,False,0
69.0,3.0,29.0,1.0,1,1.0,2.0,False,False,False,False,True,False,False,0
30.0,5.0,50.0,1.0,3,1.0,2.0,False,False,False,False,False,True,False,0
65.0,3.0,12.0,1.0,1,1.0,2.0,True,False,True,False,False,False,False,0
41.0,5.0,40.0,1.0,3,1.0,2.0,False,False,False,False,True,False,False,0
72.0,2.0,36.0,3.0,2,1.0,2.0,True,False,False,True,False,False,False,0
85.0,4.0,36.0,3.0,1,1.0,2.0,True,True,False,False,False,False,False,0
63.0,5.0,36.0,3.0,3,1.0,2.0,True,False,True,False,False,False,False,0
61.0,3.0,0.0,1.0,3,1.0,2.0,True,False,False,True,False,False,False,0
71.0,5.0,36.0,3.0,1,1.0,2.0,False,True,False,False,False,False,False,0
26.0,5.0,63.0,1.0,3,1.0,2.0,False,False,False,True,False,False,False,0
51.0,2.0,0.0,1.0,1,1.0,2.0,False,False,True,False,False,False,False,0
50.0,2.0,0.0,1.0,2,1.0,2.0,True,False,False,False,False,True,False,0
16.0,5.0,36.0,3.0,3,1.0,1.0,False,False,True,False,False,False,False,0
10.0,5.0,36.0,3.0,3,1.0,1.0,True,False,False,False,False,False,False,0
53.0,2.0,48.0,1.0,1,1.0,2.0,False,False,False,True,False,False,False,0
48.0,2.0,36.0,3.0,2,1.0,2.0,True,False,False,True,False,False,False,0
10.0,5.0,36.0,3.0,3,1.0,1.0,False,False,False,False,False,False,False,0
49.0,2.0,45.0,1.0,1,1.0,2.0,False,False,False,False,False,True,False,0
46.0,2.0,20.0,1.0,2,1.0,2.0,True,False,False,False,False,True,False,0
23.0,5.0,35.0,1.0,3,1.0,2.0,True,False,False,False,False,True,False,0
19.0,5.0,36.0,3.0,3,1.0,1.0,True,False,False,False,True,False,False,0
17.0,5.0,36.0,3.0,3,1.0,1.0,False,False,True,False,False,False,False,0
73.0,2.0,36.0,2.0,1,1.0,2.0,True,False,False,False,False,True,False,0
72.0,2.0,36.0,3.0,2,1.0,2.0,False,False,False,False,False,True,False,0
45.0,3.0,58.0,1.0,1,1.0,2.0,True,False,False,True,False,False,False,0
25.0,3.0,18.0,1.0,3,1.0,2.0,True,False,True,False,False,False,False,0
24.0,5.0,0.0,1.0,3,1.0,2.0,False,False,False,True,False,False,False,0
30.0,5.0,36.0,3.0,1,1.0,2.0,True,False,False,False,True,False,False,0
30.0,5.0,40.0,1.0,10,1.0,2.0,True,False,False,False,False,True,False,0
45.0,5.0,36.0,2.0,1,1.0,2.0,True,False,False,False,True,False,False,0
52.0,2.0,0.0,1.0,1,1.0,2.0,False,False,False,False,True,False,False,0
57.0,2.0,0.0,1.0,2,1.0,2.0,True,False,False,False,False,True,False,0
27.0,5.0,40.0,1.0,3,1.0,2.0,False,False,False,False,False,True,False,0
20.0,5.0,36.0,3.0,3,1.0,1.0,False,False,False,False,True,False,False,0
53.0,1.0,18.0,1.0,1,1.0,2.0,False,False,False,False,False,True,False,0
49.0,1.0,34.0,1.0,2,1.0,2.0,True,False,False,False,False,True,False,0
18.0,5.0,6.0,1.0,3,1.0,1.0,True,False,False,False,True,False,False,0
38.0,5.0,35.0,1.0,1,1.0,2.0,True,False,False,False,False,True,False,0
79.0,5.0,36.0,3.0,1,1.0,2.0,True,False,False,False,False,True,False,0
77.0,5.0,36.0,3.0,6,1.0,2.0,True,False,True,False,False,False,False,0
53.0,2.0,36.0,1.0,1,1.0,2.0,False,False,False,True,False,False,False,0
48.0,2.0,36.0,3.0,2,1.0,2.0,True,False,False,True,False,False,False,0
19.0,5.0,36.0,3.0,3,1.0,1.0,True,False,False,False,True,False,False,0
13.0,5.0,36.0,3.0,3,1.0,1.0,False,False,True,False,False,False,False,0
9.0,5.0,36.0,4.0,3,1.0,1.0,False,False,False,False,False,False,False,0
73.0,2.0,25.0,1.0,1,1.0,2.0,False,False,False,False,False,True,False,0
72.0,2.0,36.0,3.0,2,1.0,2.0,True,False,False,False,False,True,False,0
67.0,1.0,24.0,1.0,1,1.0,2.0,False,False,False,False,False,True,False,0
64.0,1.0,36.0,3.0,2,1.0,2.0,True,False,False,False,False,True,False,0
50.0,2.0,48.0,1.0,1,1.0,2.0,False,False,False,False,False,True,False,0
43.0,2.0,36.0,3.0,2,1.0,2.0,True,False,True,False,False,False,False,0
28.0,2.0,28.0,1.0,3,1.0,2.0,True,False,False,False,True,False,False,0
23.0,5.0,30.0,1.0,3,1.0,1.0,True,False,False,False,True,False,False,0
34.0,5.0,36.0,4.0,5,3.0,2.0,False,False,False,False,False,False,True,0
35.0,5.0,20.0,1.0,3,1.0,2.0,False,False,False,False,False,True,False,0
76.0,4.0,36.0,3.0,1,1.0,2.0,False,False,True,False,False,False,False,0
49.0,1.0,36.0,2.0,3,1.0,2.0,True,False,False,True,False,False,False,0
48.0,5.0,40.0,1.0,3,1.0,2.0,True,False,False,False,False,True,False,0
25.0,5.0,36.0,2.0,5,1.0,2.0,True,False,False,True,False,False,False,0
33.0,2.0,48.0,1.0,1,1.0,2.0,False,False,False,True,False,False,False,0
31.0,2.0,48.0,1.0,2,1.0,2.0,True,False,False,True,False,False,False,0
3.0,5.0,36.0,4.0,3,2.0,1.0,False,False,False,False,False,False,True,0
59.0,2.0,35.0,1.0,1,1.0,2.0,True,True,False,False,False,False,False,0
61.0,2.0,70.0,1.0,2,1.0,2.0,False,True,False,False,False,False,False,0
62.0,1.0,36.0,3.0,1,1.0,2.0,True,False,False,True,False,False,False,0
55.0,1.0,24.0,1.0,2,1.0,2.0,False,False,False,False,False,False,False,0
26.0,5.0,36.0,3.0,3,1.0,2.0,False,False,False,True,False,False,False,0
22.0,5.0,36.0,3.0,3,1.0,2.0,True,False,False,True,False,False,False,0
36.0,5.0,36.0,1.0,1,1.0,2.0,True,False,False,True,False,False,False,0
26.0,5.0,36.0,1.0,8,1.0,1.0,True,False,False,False,True,False,False,0
47.0,3.0,15.0,1.0,1,1.0,2.0,True,False,False,False,True,False,False,0
18.0,5.0,36.0,3.0,3,1.0,2.0,True,False,False,True,False,False,False,0
14.0,5.0,36.0,3.0,3,1.0,1.0,False,False,True,False,False,False,False,0
12.0,5.0,36.0,3.0,3,1.0,1.0,False,False,True,False,False,False,False,0
10.0,5.0,36.0,3.0,3,1.0,1.0,True,False,False,False,False,False,False,0
23.0,5.0,35.0,1.0,3,1.0,2.0,True,False,True,False,False,False,False,0
54.0,1.0,36.0,3.0,1,1.0,2.0,True,False,False,True,False,False,False,0
53.0,1.0,72.0,1.0,2,1.0,2.0,False,False,False,True,False,False,False,0
15.0,5.0,36.0,3.0,3,1.0,1.0,True,False,True,False,False,False,False,0
48.0,5.0,36.0,3.0,3,1.0,2.0,False,False,False,True,False,False,False,0
46.0,2.0,67.0,1.0,1,1.0,2.0,False,False,False,False,False,True,False,0
45.0,2.0,40.0,1.0,2,1.0,2.0,True,False,False,False,False,True,False,0
11.0,5.0,36.0,3.0,3,1.0,1.0,False,False,False,False,False,False,False,0
60.0,2.0,50.0,1.0,1,1.0,2.0,False,False,False,True,False,False,False,0
44.0,2.0,60.0,1.0,1,1.0,2.0,False,False,False,False,False,True,False,0
44.0,2.0,10.0,1.0,2,1.0,2.0,True,False,False,True,False,False,False,0
17.0,5.0,36.0,3.0,3,1.0,1.0,True,False,True,False,False,False,False,0
11.0,5.0,36.0,3.0,3,1.0,1.0,True,False,True,False,False,False,False,0
49.0,2.0,35.0,1.0,1,1.0,2.0,False,False,False,False,True,False,False,0
47.0,2.0,0.0,1.0,2,1.0,2.0,True,False,False,False,False,True,False,0
18.0,5.0,36.0,3.0,3,1.0,1.0,False,False,False,False,True,False,False,0
14.0,5.0,36.0,3.0,3,1.0,1.0,True,False,True,False,False,False,False,0
10.0,5.0,36.0,3.0,3,1.0,1.0,True,False,False,False,False,False,False,0
54.0,4.0,48.0,1.0,1,1.0,2.0,False,False,False,True,False,False,False,0
30.0,1.0,16.0,1.0,3,1.0,2.0,False,False,False,True,False,False,False,0
32.0,1.0,0.0,1.0,4,1.0,2.0,True,False,False,False,False,True,False,0
8.0,5.0,36.0,4.0,5,1.0,1.0,True,False,False,False,False,False,False,0
83.0,2.0,36.0,3.0,1,1.0,2.0,False,True,False,False,False,False,False,0
84.0,2.0,36.0,3.0,2,1.0,2.0,True,True,False,False,False,False,False,0
77.0,5.0,36.0,3.0,1,1.0,2.0,True,True,False,False,False,False,False,0
36.0,5.0,40.0,1.0,3,1.0,2.0,False,False,True,False,False,False,False,0
40.0,5.0,35.0,1.0,3,1.0,2.0,False,False,True,False,False,False,False,0
75.0,4.0,36.0,3.0,1,1.0,2.0,True,False,False,False,False,False,False,0
65.0,1.0,60.0,1.0,1,1.0,2.0,False,False,True,False,False,False,False,0
59.0,2.0,40.0,1.0,2,1.0,2.0,True,False,False,False,False,True,False,0
29.0,5.0,40.0,1.0,3,1.0,2.0,False,False,False,False,False,True,False,0
71.0,2.0,36.0,3.0,1,1.0,2.0,True,True,False,False,False,False,False,0
72.0,2.0,36.0,3.0,2,1.0,2.0,False,True,False,False,False,False,False,0
23.0,5.0,30.0,1.0,3,1.0,2.0,False,False,False,True,False,False,False,0
39.0,2.0,72.0,1.0,1,1.0,2.0,False,False,False,False,False,True,False,0
39.0,2.0,36.0,2.0,2,1.0,2.0,True,False,False,True,False,False,False,0
10.0,5.0,36.0,3.0,3,1.0,1.0,False,False,False,False,False,False,False,0
8.0,5.0,36.0,4.0,3,1.0,1.0,False,False,False,False,False,False,False,0
45.0,1.0,36.0,3.0,2,1.0,2.0,True,False,False,True,False,False,False,0
25.0,5.0,36.0,3.0,3,1.0,2.0,True,False,False,False,True,False,False,0
21.0,5.0,44.0,1.0,3,1.0,2.0,True,False,False,False,True,False,False,0
19.0,5.0,36.0,3.0,3,1.0,2.0,True,False,False,True,False,False,False,0
59.0,3.0,20.0,1.0,1,1.0,2.0,True,False,False,False,False,False,False,0
54.0,5.0,36.0,3.0,1,1.0,2.0,True,False,False,False,False,True,False,0
25.0,5.0,36.0,2.0,3,1.0,2.0,False,False,False,False,False,True,False,0
25.0,5.0,36.0,2.0,3,1.0,2.0,False,False,False,False,False,True,False,0
17.0,5.0,36.0,3.0,3,1.0,1.0,False,False,True,False,False,False,False,0
69.0,3.0,30.0,1.0,1,1.0,2.0,True,False,False,False,False,True,False,0
36.0,5.0,30.0,1.0,3,1.0,2.0,False,False,False,False,False,True,False,0
49.0,2.0,50.0,1.0,1,1.0,2.0,False,False,True,False,False,False,False,0
51.0,2.0,0.0,1.0,2,1.0,2.0,True,False,False,False,False,True,False,0
22.0,5.0,0.0,1.0,3,1.0,2.0,True,False,False,False,False,True,False,0
26.0,5.0,36.0,3.0,3,1.0,1.0,False,False,True,False,False,False,False,0
6.0,5.0,36.0,4.0,3,1.0,1.0,True,False,False,False,False,False,False,0
46.0,1.0,40.0,1.0,1,1.0,2.0,False,False,False,False,False,False,False,0
45.0,1.0,36.0,3.0,2,1.0,2.0,True,False,True,False,False,False,False,0
21.0,5.0,40.0,1.0,3,1.0,2.0,True,False,False,True,False,False,False,0
13.0,5.0,36.0,3.0,3,1.0,1.0,False,False,True,False,False,False,False,0
30.0,5.0,36.0,3.0,3,1.0,1.0,True,False,False,False,False,False,False,0
21.0,1.0,48.0,1.0,3,1.0,2.0,False,False,False,True,False,False,False,0
23.0,1.0,48.0,1.0,4,1.0,2.0,True,False,False,True,False,False,False,0
43.0,5.0,36.0,2.0,1,1.0,2.0,False,False,False,False,False,True,False,0
56.0,5.0,20.0,1.0,1,1.0,2.0,True,False,False,False,False,False,False,0
35.0,5.0,40.0,1.0,3,1.0,2.0,True,False,True,False,False,False,False,0
34.0,5.0,45.0,1.0,3,1.0,2.0,False,False,False,True,False,False,False,0
26.0,5.0,45.0,1.0,3,1.0,2.0,False,False,False,True,False,False,False,0
62.0,4.0,36.0,3.0,1,1.0,2.0,False,True,False,False,False,False,False,0
51.0,2.0,40.0,1.0,1,1.0,2.0,False,False,False,True,False,False,False,0
51.0,2.0,36.0,3.0,2,1.0,2.0,True,False,False,True,False,False,False,0
23.0,5.0,36.0,2.0,3,1.0,2.0,True,False,False,True,False,False,False,0
26.0,5.0,20.0,1.0,3,1.0,2.0,True,False,False,True,False,False,False,0
62.0,2.0,36.0,3.0,1,1.0,2.0,False,True,False,False,False,False,False,0
53.0,2.0,12.0,1.0,2,1.0,2.0,True,True,False,False,False,False,False,0
35.0,5.0,24.0,1.0,3,1.0,2.0,False,False,False,False,False,True,False,0
73.0,4.0,36.0,3.0,1,1.0,2.0,True,True,False,False,False,False,False,0
55.0,5.0,48.0,1.0,3,1.0,2.0,False,False,True,False,False,False,False,0
53.0,5.0,36.0,3.0,3,1.0,2.0,False,True,False,False,False,False,False,0
35.0,1.0,36.0,3.0,1,1.0,2.0,True,False,False,False,False,False,False,0
58.0,1.0,30.0,1.0,2,1.0,2.0,False,False,False,True,False,False,False,0
17.0,5.0,40.0,1.0,3,1.0,2.0,False,False,True,False,False,False,False,0
9.0,5.0,36.0,4.0,3,1.0,1.0,True,False,False,False,False,False,False,0
5.0,5.0,36.0,4.0,3,2.0,1.0,True,False,False,False,False,False,True,0
5.0,5.0,36.0,4.0,3,2.0,1.0,False,False,False,False,False,False,True,0
60.0,1.0,48.0,1.0,1,1.0,2.0,False,False,False,False,False,True,False,0
51.0,1.0,40.0,1.0,2,1.0,2.0,True,False,False,False,False,True,False,0
19.0,5.0,36.0,3.0,3,1.0,1.0,True,False,False,False,True,False,False,0
23.0,5.0,36.0,1.0,3,1.0,1.0,False,False,False,False,True,False,False,0
74.0,5.0,36.0,3.0,1,1.0,2.0,True,True,False,False,False,False,False,0
33.0,1.0,50.0,1.0,9,1.0,2.0,False,False,False,True,False,False,False,0
25.0,1.0,49.0,1.0,9,1.0,2.0,True,False,False,True,False,False,False,0
59.0,5.0,36.0,3.0,1,1.0,2.0,True,False,False,False,False,False,False,0
27.0,5.0,40.0,1.0,3,1.0,2.0,True,False,False,True,False,False,False,0
31.0,5.0,40.0,1.0,3,1.0,2.0,False,False,True,False,False,False,False,0
81.0,3.0,36.0,3.0,1,1.0,2.0,False,True,False,False,False,False,False,0
43.0,5.0,36.0,3.0,3,1.0,2.0,True,False,False,False,False,False,False,0
27.0,3.0,40.0,1.0,1,1.0,2.0,False,False,False,True,False,False,False,0
34.0,1.0,40.0,1.0,1,1.0,2.0,False,False,True,False,False,False,False,0
24.0,1.0,36.0,2.0,2,1.0,2.0,True,False,False,True,False,False,False,0
